Company,Loation_HQ,Industry,Country,Layoff_Date,Laid_Off_Count,Percentage,stage,funds_raised,Date_Added
#Paid,Toronto,Marketing,Canada,2023-01-27,19,.1700,Series B,21,2023-01-28 21:12:43.0000000
&Open,Dublin,Marketing,Ireland,2022-11-17,9,.0900,Series A,35,2022-12-01 06:17:41.0000000
100 Thieves,Los Angeles,Consumer,United States,2022-07-13,12,,Series C,120,2022-07-18 18:56:26.0000000
100 Thieves,Los Angeles,Retail,United States,2023-01-10,,,Series C,120,2023-01-12 15:23:23.0000000
10X Genomics,SF Bay Area,Healthcare,United States,2022-08-04,100,.0800,Post-IPO,242,2022-08-04 23:30:40.0000000
123Milhas,Belo Horizonte,Travel,Brazil,2023-08-29,,,Unknown,,2023-10-06 15:21:03.0000000
1K Kirana,Gurugram,Retail,India,2023-04-04,600,.4000,Series B,,2023-04-04 09:45:37.0000000
1stdibs,New York City,Retail,United States,2020-04-02,70,.1700,Series D,253,2020-04-08 05:51:30.0000000
23andMe,SF Bay Area,Healthcare,United States,2023-06-09,75,.0900,Post-IPO,1100,2023-06-09 22:57:38.0000000
23andMe,SF Bay Area,Healthcare,United States,2023-08-08,71,.1100,Post-IPO,1100,2023-08-08 22:57:09.0000000
2TM,Sao Paulo,Crypto,Brazil,2022-06-01,90,.1200,Unknown,250,2022-06-02 03:21:30.0000000
2TM,Sao Paulo,Crypto,Brazil,2022-09-01,100,.1500,Unknown,250,2022-09-02 23:24:03.0000000
2U,Washington D.C.,Education,United States,2022-07-28,,.2000,Post-IPO,426,2022-07-30 23:15:02.0000000
2U,Washington D.C.,Education,United States,2023-09-28,,,Post-IPO,426,2023-09-29 23:10:38.0000000
2U,Washington D.C.,Education,United States,2024-01-22,,,Post-IPO,426,2024-01-23 19:45:13.0000000
54gene,Washington D.C.,Healthcare,United States,2022-08-29,95,.3000,Series B,44,2022-08-30 23:18:41.0000000
5B Solar,Sydney,Energy,Australia,2022-06-03,,.2500,Series A,12,2022-06-03 17:58:46.0000000
6sense,SF Bay Area,Sales,United States,2022-10-12,150,.1000,Series E,426,2022-10-14 15:21:45.0000000
7shifts,Saskatoon,Food,Canada,2023-09-15,30,.0700,Series C,131,2023-09-21 07:21:33.0000000
7Shifts,Saskatoon,Food,Canada,2024-01-11,68,.1900,Series C,131,2024-01-18 01:28:17.0000000
80 Acres Farms,Cincinnati,Food,United States,2023-01-18,,.1000,Unknown,275,2023-01-19 04:48:51.0000000
888,Tel Aviv,Consumer,Israel,2024-01-11,,,Post-IPO,,2024-01-13 16:04:44.0000000
8x8,SF Bay Area,Support,United States,2022-10-04,200,.0900,Post-IPO,253,2023-01-18 23:20:01.0000000
8x8,SF Bay Area,Support,United States,2023-01-18,155,.0700,Post-IPO,253,2023-01-18 23:18:43.0000000
98point6,Seattle,Healthcare,United States,2022-07-21,,.1000,Series E,247,2022-07-22 23:48:59.0000000
98point6,Seattle,Healthcare,United States,2024-04-23,,,Acquired,299,2024-04-25 16:07:08.0000000
99,Sao Paulo,Transportation,Brazil,2022-09-20,75,.0200,Acquired,244,2022-09-21 16:29:16.0000000
Abra,SF Bay Area,Crypto,United States,2022-06-30,12,.0500,Series C,106,2022-07-01 04:15:24.0000000
Absci,Portland,Healthcare,United States,2023-09-05,30,.1500,Post-IPO,238,2023-09-07 15:26:54.0000000
Absci,Vancouver,Healthcare,United States,2022-08-09,40,,Post-IPO,237,2022-08-10 04:07:56.0000000
Absolute Software,Vancouver,Security,Canada,2023-04-06,40,.0500,Post-IPO,,2023-04-06 23:58:11.0000000
Acast,Stockholm,Media,Sweden,2022-09-15,70,.1500,Post-IPO,126,2022-09-15 20:12:12.0000000
Accolade,Seattle,Healthcare,United States,2023-03-03,,,Post-IPO,458,2023-03-07 01:19:18.0000000
Acko,Mumbai,Finance,India,2020-04-01,45,.0900,Unknown,143,2020-04-08 05:56:21.0000000
Acorns,Portland,Finance,United States,2020-05-26,50,,Unknown,207,2020-05-30 03:45:49.0000000
Acronis,Zurich,Security,Switzerland,2023-10-11,,,Private Equity,658,2023-10-12 15:25:58.0000000
Actifio,Boston,Data,United States,2020-12-16,54,,Acquired,352,2020-12-17 23:04:12.0000000
ActiveCampaign,Chicago,Marketing,United States,2022-10-03,,.1500,Series C,360,2022-10-07 18:46:50.0000000
Actyv.ai,Bengaluru,Finance,India,2023-08-02,,.6000,Seed,12,2023-08-03 03:33:57.0000000
Acxiom,Little Rock,Marketing,United States,2023-04-11,,,Post-IPO,,2023-04-12 22:19:55.0000000
Ada,Toronto,Support,Canada,2022-09-20,78,.1600,Series C,190,2022-09-21 04:08:00.0000000
Ada,Toronto,Support,Canada,2023-02-01,,,Series C,190,2023-02-03 03:13:00.0000000
Ada Health,Berlin,Healthcare,Germany,2022-10-17,50,,Series B,189,2022-10-26 15:08:03.0000000
Ada Support,Toronto,Support,Canada,2020-04-24,36,.2300,Series B,60,2020-04-24 21:34:02.0000000
Adaptive Biotechnologies,Seattle,Healthcare,United States,2022-03-08,100,.1200,Post-IPO,406,2022-05-29 17:59:11.0000000
Adara,SF Bay Area,Travel,United States,2020-03-31,,,Series C,67,2020-04-06 23:13:31.0000000
Adda247,Gurugram,Education,India,2023-10-14,300,,Series B,61,2023-10-15 20:11:17.0000000
Addepar,SF Bay Area,Finance,United States,2023-01-18,20,.0300,Series F,491,2023-01-18 15:58:55.0000000
Addi,Bogota,Finance,Colombia,2022-06-14,,,Series C,376,2022-06-15 14:26:14.0000000
Adobe,SF Bay Area,Marketing,United States,2022-12-06,100,,Post-IPO,2,2022-12-07 06:30:37.0000000
AdRoll,Salt Lake City,Marketing,United States,2020-03-31,210,.3000,Series C,89,2020-04-01 05:33:52.0000000
Advata,Seattle,Healthcare,United States,2022-10-28,32,.2100,Unknown,,2022-10-31 15:28:43.0000000
Adwerx,Durham,Marketing,United States,2022-07-07,40,,Unknown,20,2022-07-08 19:49:46.0000000
AEye,SF Bay Area,Transportation,United States,2023-03-28,46,.3300,Post-IPO,314,2023-03-29 23:07:49.0000000
Affirm,Pittsburgh,Finance,United States,2024-02-21,60,,Post-IPO,1500,2024-02-22 05:51:24.0000000
Affirm,SF Bay Area,Finance,United States,2022-11-03,,.0100,Post-IPO,1500,2022-11-04 03:39:14.0000000
Affirm,SF Bay Area,Finance,United States,2023-02-08,500,.1900,Post-IPO,1500,2023-02-08 21:27:27.0000000
Afterverse,Brasilia,Consumer,Brazil,2022-06-03,60,.2000,Unknown,,2023-01-21 00:45:40.0000000
AgentSync,Denver,Finance,United States,2023-07-19,67,.2400,Series B,111,2023-07-26 01:04:04.0000000
Agility Robotics,Portland,Other,United States,2024-04-04,,,Series B,179,2024-04-05 03:01:00.0000000
Agoda,Singapore,Travel,Singapore,2020-05-18,1500,.2500,Acquired,,2020-05-19 01:16:07.0000000
Ahead,SF Bay Area,Healthcare,United States,2022-04-14,44,1.0000,Unknown,9,2022-04-15 22:56:14.0000000
Air,New York City,Marketing,United States,2020-09-16,,.1600,Series A,18,2020-09-21 16:32:53.0000000
Airbnb,SF Bay Area,Travel,United States,2020-05-05,1900,.2500,Private Equity,5400,2020-05-05 19:32:52.0000000
Airbnb,SF Bay Area,Travel,United States,2023-03-03,30,,Post-IPO,6400,2023-03-04 03:56:38.0000000
Airbyte,SF Bay Area,Data,United States,2023-03-31,,,Series B,181,2023-04-12 22:18:19.0000000
Airlift,Lahore,Logistics,Pakistan,2022-05-25,,.3100,Series B,109,2022-05-25 21:07:18.0000000
Airlift,Lahore,Logistics,Pakistan,2022-07-12,,1.0000,Series B,109,2022-07-13 05:02:53.0000000
AirMap,Los Angeles,Aerospace,United States,2020-04-30,,,Unknown,75,2020-05-02 03:23:06.0000000
Airmeet,Bengaluru,Marketing,India,2023-05-25,75,.3000,Series B,50,2023-05-26 04:26:32.0000000
Airmeet,Bengaluru,Marketing,India,2024-03-19,,.2000,Series B,50,2024-03-20 01:03:14.0000000
Airtable,SF Bay Area,Product,United States,2022-12-08,254,.2000,Series F,1400,2022-12-08 17:48:07.0000000
Airtable,SF Bay Area,Product,United States,2023-09-14,237,.2700,Series F,1400,2023-09-14 15:48:51.0000000
Airtame,Copenhagen,Consumer,Denmark,2022-06-15,15,,Unknown,7,2022-06-16 04:08:41.0000000
Airtasker,Sydney,Consumer,Australia,2022-07-04,,,Series C,26,2022-07-04 15:32:04.0000000
Airtasker,Sydney,Retail,Australia,2023-04-27,45,.2000,Series C,26,2023-04-28 04:55:48.0000000
Airtime,New York City,Consumer,United States,2022-05-23,30,.2000,Series B,33,2022-08-17 18:42:08.0000000
Airy Rooms,Jakarta,Travel,Indonesia,2020-04-22,,.7000,Unknown,,2020-05-10 20:57:58.0000000
Airy Rooms,Jakarta,Travel,Indonesia,2020-05-07,,1.0000,Unknown,,2020-06-04 22:23:05.0000000
Aiven,Helsinki,Infrastructure,Finland,2023-01-18,,.2000,Series D,420,2023-01-18 16:01:39.0000000
Ajaib,Jakarta,Finance,Indonesia,2022-11-28,67,.0800,Unknown,245,2022-11-30 06:12:35.0000000
Akamai,Boston,Security,United States,2023-05-09,290,.0300,Post-IPO,35,2023-05-10 14:45:09.0000000
Akerna,Denver,Logistics,United States,2020-09-02,,,Post-IPO,,2020-09-04 15:11:34.0000000
Akerna,Denver,Logistics,United States,2022-05-27,,,Unknown,46,2022-06-11 04:00:41.0000000
Akili Interactive,Boston,Healthcare,United States,2024-04-30,,.4600,Post-IPO,271,2024-05-02 19:12:43.0000000
Akili Labs,Boston,Healthcare,United States,2023-01-12,46,.3000,Post-IPO,301,2023-01-14 17:24:55.0000000
Akili Labs,Boston,Healthcare,United States,2023-09-13,,.4000,Post-IPO,301,2023-09-14 18:07:26.0000000
Akseleran,Jakarta,Finance,Indonesia,2023-07-27,60,,Series A,9,2023-07-29 03:31:43.0000000
Akudo,Bengaluru,Finance,India,2023-09-20,,1.0000,Seed,4,2023-12-04 03:06:34.0000000
Akulaku,Jakarta,Finance,Indonesia,2020-04-15,100,,Series D,160,2020-04-20 15:15:00.0000000
AlayaCare,Montreal,Healthcare,Canada,2022-08-16,80,.1400,Series D,293,2022-08-17 18:25:43.0000000
Albert,Los Angeles,Finance,United States,2022-06-10,20,.0800,Series C,175,2022-06-11 16:05:02.0000000
Alegion,Austin,Data,United States,2020-04-03,,,Series A,16,2020-04-09 05:39:26.0000000
Aleph Farms,Tel Aviv,Food,Israel,2024-06-05,30,.3000,Unknown,119,2024-06-05 23:13:43.0000000
Alerzo,Ibadan,Retail,Nigeria,2022-09-02,,,Series B,16,2023-03-07 01:32:13.0000000
Alerzo,Ibadan,Retail,Nigeria,2023-03-06,400,,Series B,16,2023-03-07 01:30:17.0000000
Alerzo,Ibadan,Retail,Nigeria,2023-11-21,100,,Series B,16,2023-11-22 16:12:38.0000000
ALI Technologies,Tokyo,Transportation,Japan,2024-01-16,,1.0000,Unknown,,2024-01-20 02:01:19.0000000
Alibaba Cloud,Hangzhou,Data,China,2023-05-24,,.0700,Subsidiary,,2023-05-24 15:34:19.0000000
Alice,Sao Paulo,Healthcare,Brazil,2022-07-11,63,,Series C,174,2022-07-13 04:56:39.0000000
Alice,Sao Paulo,Healthcare,Brazil,2022-12-09,113,.1600,Series C,174,2022-12-11 03:31:04.0000000
AliExpress Russia,Moscow,Retail,Russia,2022-05-14,400,.4000,Acquired,60,2022-05-14 01:12:19.0000000
Allbirds,SF Bay Area,Retail,United States,2022-07-28,23,,Post-IPO,202,2022-07-30 23:17:36.0000000
AllyO,SF Bay Area,HR,United States,2020-04-03,,,Series B,64,2020-04-14 22:23:52.0000000
Almanac,SF Bay Area,Other,United States,2022-08-13,,,Series A,45,2022-08-17 20:18:10.0000000
Alteryx,Los Angeles,Data,United States,2023-04-27,320,.1100,Post-IPO,613,2023-04-28 04:52:03.0000000
Alto Pharmacy,SF Bay Area,Healthcare,United States,2020-09-29,47,.0600,Series D,356,2020-10-07 19:46:03.0000000
Alto Pharmacy,SF Bay Area,Healthcare,United States,2022-07-14,,,Series E,560,2022-07-18 17:57:17.0000000
Amazon,Seattle,Retail,United States,2022-10-28,150,,Post-IPO,108,2023-01-11 01:02:40.0000000
Amazon,Seattle,Retail,United States,2022-11-16,10000,.0300,Post-IPO,108,2022-11-16 17:40:58.0000000
Amazon,Seattle,Retail,United States,2023-01-04,8000,.0200,Post-IPO,108,2023-01-05 04:17:11.0000000
Amazon,Seattle,Retail,United States,2023-03-20,9000,,Post-IPO,108,2023-03-20 15:07:51.0000000
Amazon,Seattle,Retail,United States,2023-07-13,80,,Post-IPO,108,2023-07-14 18:25:12.0000000
Amazon,Seattle,Retail,United States,2023-11-08,,,Post-IPO,108,2023-11-09 04:17:13.0000000
Amazon,Seattle,Retail,United States,2023-11-13,180,,Post-IPO,108,2023-11-13 20:03:26.0000000
Amazon,Seattle,Retail,United States,2023-11-17,,,Post-IPO,108,2023-11-17 16:24:43.0000000
Amazon,Seattle,Retail,United States,2024-01-10,,,Post-IPO,108,2024-01-10 16:59:58.0000000
Amazon,Seattle,Retail,United States,2024-01-18,30,,Post-IPO,108,2024-01-19 21:13:55.0000000
Amazon,Seattle,Retail,United States,2024-02-06,400,,Post-IPO,108,2024-02-07 16:57:52.0000000
Amazon,Seattle,Retail,United States,2024-04-03,,,Post-IPO,108,2024-04-03 15:01:49.0000000
Amber Group,Hong Kong,Crypto,Hong Kong,2022-09-09,,.1000,Series B,328,2022-09-11 16:09:14.0000000
Ambev Tech,Blumenau,Food,Brazil,2023-03-02,50,,Acquired,,2023-03-04 00:50:59.0000000
Amdocs,St. Louis,Support,United States,2023-01-02,700,.0300,Post-IPO,,2023-07-07 02:36:39.0000000
Amdocs,St. Louis,Support,United States,2023-07-06,2000,.0600,Post-IPO,,2023-01-06 01:42:10.0000000
American Robotics,Boston,Other,United States,2023-01-17,50,.6500,Acquired,92,2023-01-20 04:44:38.0000000
Amobee,SF Bay Area,Marketing,United States,2022-11-09,,,Acquired,72,2022-11-13 06:49:04.0000000
Amount,Chicago,Finance,United States,2022-06-27,,.1800,Unknown,283,2022-06-27 23:46:13.0000000
Amount,Chicago,Finance,United States,2023-02-27,130,.2500,Unknown,283,2023-03-03 23:03:41.0000000
Amperity,Seattle,Marketing,United States,2022-08-20,13,.0300,Series D,187,2022-08-22 15:19:19.0000000
Amperity,Seattle,Marketing,United States,2024-01-25,20,,Series D,187,2024-01-27 14:08:57.0000000
Amplero,Seattle,Marketing,United States,2020-03-29,17,1.0000,Series B,25,2020-04-01 00:44:13.0000000
Amplitude,SF Bay Area,Data,United States,2023-04-05,99,.1300,Post-IPO,311,2023-04-05 18:14:10.0000000
Anagram,Los Angeles,Healthcare,United States,2020-04-03,17,,Series A,14,2020-04-05 05:21:14.0000000
Analog Devices,SF Bay Area,Manufacturing,United States,2023-12-13,111,,Post-IPO,,2023-12-22 00:55:06.0000000
Anaplan,SF Bay Area,Other,United States,2023-06-21,300,,Acquired,300,2023-06-24 03:48:00.0000000
Anar,Mumbai,Marketing,India,2023-11-25,,1.0000,Seed,6,2023-11-27 05:19:23.0000000
Ancestry,Lehi,Consumer,United States,2024-03-14,81,.0600,Post-IPO,33,2024-04-18 04:54:13.0000000
Anchorage Digital,SF Bay Area,Crypto,United States,2023-03-14,75,.2000,Series D,487,2023-03-15 15:36:01.0000000
Andela,New York City,Recruiting,United States,2020-05-05,135,.1000,Series D,181,2020-05-06 15:03:16.0000000
Andgo,Saskatoon,HR,Canada,2023-09-29,9,,Series A,5,2023-09-29 21:23:49.0000000
AngelList,SF Bay Area,Recruiting,United States,2020-03-31,20,,Series B,26,2020-04-06 15:00:40.0000000
Ankorstore,Paris,Retail,France,2023-03-06,,,Series C,365,2023-03-08 15:36:09.0000000
Anodot,Tel Aviv,Data,United States,2022-07-06,15,.2000,Series C,64,2023-05-08 15:19:50.0000000
Anodot,Tel Aviv,Data,United States,2022-07-06,35,.2700,Series C,64,2022-07-06 16:48:16.0000000
AnswerLab,SF Bay Area,Marketing,United States,2023-03-30,,.1700,Unknown,,2023-03-31 04:04:58.0000000
Antidote Health,Tel Aviv,Healthcare,Israel,2022-10-23,23,.3800,Unknown,36,2022-10-24 02:20:40.0000000
Anyline,Vienna,Other,Austria,2023-03-29,,.2500,Series B,37,2023-03-31 03:58:41.0000000
Anyvision,Tel Aviv,Security,Israel,2020-03-19,,,Series A,74,2020-03-30 13:58:13.0000000
Anywell,Tel Aviv,Real Estate,Israel,2022-08-14,11,,Series A,15,2022-08-14 23:46:15.0000000
Apartment List,SF Bay Area,Real Estate,United States,2022-08-31,29,.1000,Series D,169,2022-09-01 02:41:49.0000000
Apeel Sciences,Santa Barbara,Food,United States,2022-07-11,,,Series E,640,2022-07-14 19:26:16.0000000
Apollo,SF Bay Area,Product,United States,2022-12-15,,.1500,Series D,183,2022-12-15 22:45:15.0000000
Apollo Insurance,Vancouver,Finance,Canada,2022-11-15,,.2500,Series B,11,2022-11-20 00:15:00.0000000
App Annie,SF Bay Area,Data,United States,2020-04-28,80,.1800,Unknown,156,2020-04-28 14:36:43.0000000
Appcues,Boston,Data,United States,2023-03-08,,.1500,Series B,52,2023-03-11 18:07:13.0000000
AppFolio,Santa Barbara,Real Estate,United States,2023-05-22,62,,Post-IPO,30,2023-05-24 02:17:16.0000000
AppFolio,Santa Barbara,Real Estate,United States,2023-08-17,149,.0900,Post-IPO,30,2023-08-18 15:11:37.0000000
AppGate,Miami,Security,United States,2022-07-21,130,.2200,Post-IPO,,2022-07-28 03:37:47.0000000
Appgate,Miami,Security,United States,2023-02-01,34,.0800,Post-IPO,,2023-02-26 21:22:32.0000000
AppHarvest,Lexington,Food,United States,2023-07-24,,1.0000,Post-IPO,692,2023-07-27 23:57:26.0000000
Apple,SF Bay Area,Hardware,United States,2024-04-04,614,,Post-IPO,1200,2024-04-05 03:04:56.0000000
Apple,SF Bay Area,Retail,United States,2023-04-03,,,Post-IPO,6200,2023-04-05 16:10:00.0000000
Apple,SF Bay Area,Transportation,United States,2024-02-27,,,Post-IPO,1200,2024-02-27 21:03:21.0000000
AppLovin,SF Bay Area,Marketing,United States,2022-06-27,300,.1200,Post-IPO,1600,2022-06-28 04:27:51.0000000
ApplyBoard,Waterloo,Education,Canada,2022-11-28,90,.0600,Series D,483,2022-11-30 06:14:53.0000000
Appsmith,SF Bay Area,Unknown,United States,2023-09-22,35,.2500,Series B,51,2023-09-24 17:50:08.0000000
Aptiv,Krakow,Transportation,Poland,2024-02-20,250,,Post-IPO,8,2024-02-21 04:22:36.0000000
Aqgromalin,Chennai,Food,India,2022-06-20,80,.3000,Unknown,12,2022-06-21 03:31:03.0000000
Aqua Security,Boston,Security,United States,2022-12-05,65,.1000,Series E,265,2022-12-06 18:42:03.0000000
Aqua Security,Tel Aviv,Security,Israel,2020-04-01,24,.0900,Series C,100,2020-04-04 02:15:40.0000000
Arc,SF Bay Area,HR,United States,2022-07-20,13,,Seed,1,2022-07-21 14:27:19.0000000
Arch Oncology,Brisbane,Healthcare,United States,2023-01-13,,1.0000,Series C,155,2023-01-14 17:25:45.0000000
Arch Oncology,St. Louis,Healthcare,United States,2023-02-22,,,Series C,155,2023-02-23 23:02:52.0000000
Archipelago,SF Bay Area,Real Estate,United States,2023-08-01,40,.3000,Series B,57,2023-08-01 20:57:54.0000000
Arete,Miami,Security,United States,2022-07-22,,,Unknown,,2022-07-22 23:51:52.0000000
Argo AI,Munich,Transportation,Germany,2020-06-29,100,,Unknown,3600,2020-06-29 18:01:38.0000000
Argo AI,Pittsburgh,Transportation,United States,2022-07-07,150,.0500,Unknown,3600,2022-07-08 15:40:49.0000000
Argo AI,Pittsburgh,Transportation,United States,2022-10-26,173,,Unknown,3600,2022-10-26 23:23:28.0000000
Argo AI,SF Bay Area,Transportation,United States,2022-11-01,259,,Unknown,3600,2023-01-05 06:44:33.0000000
Argyle,New York City,Finance,United States,2022-08-26,20,.0700,Series B,78,2022-08-26 21:39:46.0000000
Arive,Munich,Retail,Germany,2023-07-24,,,Unknown,37,2023-07-26 01:01:06.0000000
Arkane Studios,Austin,Consumer,United States,2024-05-08,96,1.0000,Unknown,,2024-05-10 21:23:00.0000000
Arm Holdings,Shanghai,Hardware,China,2023-12-18,70,,Post-IPO,,2023-12-19 17:18:35.0000000
Armis,SF Bay Area,Security,United States,2022-12-08,25,.0400,Private Equity,537,2022-12-11 03:35:08.0000000
Arrival,London,Transportation,United Kingdom,2022-07-13,,.3000,Post-IPO,629,2022-07-14 19:23:01.0000000
Arrival,London,Transportation,United Kingdom,2022-10-20,,,Post-IPO,629,2022-10-22 03:27:15.0000000
Arrival,London,Transportation,United Kingdom,2023-01-30,800,.5000,Post-IPO,629,2023-01-31 05:21:03.0000000
Arrival,London,Transportation,United Kingdom,2023-10-05,,.2500,Post-IPO,629,2023-10-11 02:52:25.0000000
Arrive Logistics,Austin,Logistics,United States,2020-04-03,75,.0700,Series B,35,2020-04-05 04:41:38.0000000
Article,Vancouver,Retail,Canada,2022-08-04,216,.1700,Series B,,2022-08-04 23:33:42.0000000
Articulate,New York City,Education,United States,2023-02-02,38,,Series A,1500,2023-02-03 03:16:08.0000000
Artifact,SF Bay Area,Media,United States,2024-01-12,,1.0000,Unknown,,2024-01-13 23:27:29.0000000
Artnight,Berlin,Retail,Germany,2022-08-31,26,.3600,Unknown,,2022-09-01 17:11:12.0000000
Artsy,New York City,Retail,United States,2023-06-29,35,.1500,Series D,100,2023-06-30 14:55:57.0000000
Asana,SF Bay Area,Other,United States,2022-11-15,180,.0900,Post-IPO,453,2022-11-15 16:36:21.0000000
AskNicely,Portland,Support,United States,2020-04-07,,,Series A,15,2020-04-09 05:26:29.0000000
Aspiration,Los Angeles,Finance,United States,2023-03-24,170,,Unknown,250,2023-03-29 00:44:43.0000000
Aspire,SF Bay Area,Marketing,United States,2022-07-15,23,,Series A,27,2022-07-15 21:21:57.0000000
Assurance,Seattle,Finance,United States,2024-05-01,112,1.0000,Acquired,,2024-05-02 18:28:10.0000000
Assure,Salt Lake City,Finance,United States,2022-11-23,,1.0000,Seed,2,2022-11-25 04:07:03.0000000
Astra,SF Bay Area,Aerospace,United States,2020-04-05,40,.2500,Unknown,100,2020-04-05 17:55:01.0000000
Astra,SF Bay Area,Aerospace,United States,2022-11-08,,.1600,Post-IPO,300,2022-11-09 00:43:26.0000000
Astra,SF Bay Area,Aerospace,United States,2023-08-04,,.2500,Post-IPO,300,2023-08-05 00:51:06.0000000
Astrate Medical,Philadelphia,Healthcare,United States,2024-02-05,,1.0000,Series A,13,2024-02-06 04:28:06.0000000
Astronomer,Cincinnati,Data,United States,2023-01-04,76,.2000,Series C,282,2023-01-06 23:16:20.0000000
Astronomer,Cincinnati,Data,United States,2023-04-13,100,.4000,Series C,282,2023-04-15 01:38:02.0000000
At-Bay,SF Bay Area,Security,United States,2023-09-12,27,.0900,Unknown,296,2023-09-06 01:52:51.0000000
Athennian,Calgary,Legal,Canada,2023-07-05,30,,Series B,47,2023-08-17 00:27:09.0000000
Atlanta Tech Village,Atlanta,Real Estate,United States,2020-04-02,,.5000,Unknown,,2020-04-04 04:28:54.0000000
Atlas,Chicago,HR,United States,2023-08-23,150,.3000,Series B,220,2023-08-24 22:12:01.0000000
Atlas Obscura,New York City,Media,United States,2020-06-18,15,,Series B,32,2020-06-23 20:46:51.0000000
Atlassian,Sydney,Other,Australia,2023-03-06,500,.0500,Post-IPO,210,2023-03-07 00:12:52.0000000
Atmosphere,Austin,Other,United States,2023-12-07,,,Series D,214,2023-12-07 19:28:39.0000000
Atmosphere,Austin,Other,United States,2024-05-15,100,,Series D,214,2024-05-17 00:33:33.0000000
AtoB,SF Bay Area,Finance,United States,2022-10-19,32,.3000,Series B,177,2022-10-19 16:00:36.0000000
Atome,Singapore,Finance,Singapore,2022-10-06,,,Unknown,645,2022-11-27 23:42:29.0000000
Atsu,Seattle,Infrastructure,United States,2020-04-10,6,1.0000,Unknown,1,2020-04-17 17:55:53.0000000
Attentive,New York City,Marketing,United States,2023-01-05,,.1500,Series E,863,2023-01-06 23:20:02.0000000
AU10TIX,Tel Aviv,Security,Israel,2023-01-31,19,.0900,Unknown,80,2023-02-07 04:06:49.0000000
Auctane,Austin,Retail,United States,2024-02-20,,,Unknown,,2024-03-12 23:11:15.0000000
Audible,New York City,Media,United States,2024-01-11,100,.0500,Acquired,14,2024-01-12 04:30:23.0000000
AudioCodes,Tel Aviv,Other,Israel,2023-05-09,80,.0600,Post-IPO,91,2023-05-09 21:03:11.0000000
AudioCodes,Tel Aviv,Other,Israel,2023-07-13,80,.0600,Post-IPO,91,2023-07-17 02:39:33.0000000
Augury,New York City,Manufacturing,United States,2023-01-04,20,.0500,Series E,274,2023-01-09 05:13:01.0000000
Augury,New York City,Manufacturing,United States,2023-08-02,70,.1800,Series E,274,2023-08-03 03:32:52.0000000
Aura,Boston,Security,United States,2022-06-23,70,.0900,Series F,500,2022-06-25 23:05:37.0000000
Aura Financial,SF Bay Area,Finance,United States,2020-04-14,,,Unknown,584,2020-05-10 14:04:33.0000000
Aura Financial,SF Bay Area,Finance,United States,2021-01-11,,1.0000,Unknown,584,2021-01-28 22:31:40.0000000
Aurora,Pittsburgh,Transportation,United States,2024-01-24,,.0300,Post-IPO,3700,2024-01-25 14:31:12.0000000
Aurora Solar,SF Bay Area,Energy,United States,2024-01-30,111,.2000,Series D,523,2024-01-30 17:59:22.0000000
Autobooks,Detroit,Finance,United States,2022-12-10,,,Series C,97,2022-12-11 03:36:27.0000000
Autodesk,SF Bay Area,Other,United States,2023-02-02,250,.0200,Post-IPO,,2023-02-03 15:59:40.0000000
Autograph,Los Angeles,Crypto,United States,2022-12-16,,,Series B,205,2022-12-19 22:13:27.0000000
Autograph,Los Angeles,Crypto,United States,2023-05-04,30,.3300,Series B,205,2023-05-05 20:39:28.0000000
Automatic,SF Bay Area,Transportation,United States,2020-05-01,,1.0000,Acquired,24,2020-05-01 21:07:44.0000000
Automation Anywhere,SF Bay Area,Other,United States,2020-04-27,260,.1000,Series B,840,2020-04-27 17:38:59.0000000
Automox,Boulder,Infrastructure,United States,2022-04-18,,.1100,Series C,152,2022-05-09 14:57:34.0000000
Automox,Boulder,Infrastructure,United States,2022-06-13,,,Series C,152,2022-06-14 14:50:22.0000000
Ava Labs,New York City,Crypto,United States,2023-11-06,,.1200,Unknown,640,2023-11-07 23:43:38.0000000
Avalara,Seattle,Finance,United States,2023-01-20,,,Acquired,341,2023-01-21 22:38:30.0000000
Avantage Entertainment,Minneapolis,Media,United States,2020-04-03,5,.2000,Unknown,,2020-04-04 04:45:52.0000000
AvantStay,Los Angeles,Travel,United States,2022-06-29,80,,Unknown,811,2022-06-30 19:20:10.0000000
AvantStay,Los Angeles,Travel,United States,2022-11-09,144,.2200,Private Equity,686,2022-11-11 00:09:45.0000000
AvantStay,Los Angeles,Travel,United States,2023-06-20,37,,Private Equity,686,2023-12-22 23:08:55.0000000
Avast,Phoenix,Security,United States,2022-11-10,,.2500,Unknown,,2022-11-17 04:19:58.0000000
Avaya,Durham,Other,United States,2023-01-17,,,Post-IPO,700,2023-08-01 16:47:00.0000000
Avidbots,Kitchener,Hardware,Canada,2023-03-14,50,.1400,Series C,106,2023-03-17 00:25:07.0000000
Avo,Tel Aviv,Food,Israel,2022-05-01,500,.6700,Series B,45,2022-05-02 23:33:56.0000000
Avocargo,Berlin,Transportation,Germany,2023-04-06,16,1.0000,Seed,,2023-04-08 01:11:39.0000000
Aware,Columbus,Security,United States,2023-01-06,,,Series C,88,2023-01-06 23:18:41.0000000
Aware,Columbus,Security,United States,2023-08-03,,,Series C,88,2023-08-06 03:43:19.0000000
Away,New York City,Retail,United States,2020-04-07,60,.1000,Series D,181,2020-04-07 21:05:22.0000000
Away,New York City,Retail,United States,2023-05-31,22,.0800,Series D,181,2023-08-15 00:12:35.0000000
Away,New York City,Retail,United States,2024-02-14,,.2500,Series D,181,2024-02-14 20:48:22.0000000
Awok,Dubai,Retail,United Arab Emirates,2020-09-02,,1.0000,Series A,30,2020-09-02 18:23:18.0000000
Aya,Toronto,Finance,United States,2020-11-19,5,.2500,Seed,3,2020-11-19 23:11:29.0000000
Ayoconnect,Jakarta,Finance,Indonesia,2023-08-03,,.1000,Series B,43,2023-08-05 03:57:25.0000000
Azibo,Reno,Finance,United States,2023-06-05,,,Series A,19,2023-06-06 01:42:11.0000000
B8ta,SF Bay Area,Retail,United States,2020-03-26,250,.5000,Series C,88,2020-03-29 22:31:33.0000000
Babylon,London,Healthcare,United Kingdom,2022-07-12,100,,Post-IPO,1100,2022-07-25 04:31:06.0000000
Babylon Health,London,Healthcare,United Kingdom,2023-08-09,94,,Post-IPO,1200,2023-08-11 15:13:59.0000000
Back Market,Paris,Retail,France,2022-12-23,93,.1300,Series E,1000,2022-12-27 16:33:45.0000000
Bakkt,Atlanta,Crypto,United States,2022-12-08,,.1500,Post-IPO,932,2022-12-11 03:37:41.0000000
Bakkt,Atlanta,Crypto,United States,2024-05-03,28,,Post-IPO,932,2024-05-04 04:13:36.0000000
Bally's Interactive,Providence,Consumer,United States,2023-01-18,,.1500,Post-IPO,946,2023-01-21 22:42:00.0000000
Balto,St. Louis,Sales,United States,2022-06-22,30,,Series B,51,2022-06-23 04:13:07.0000000
Balto,St. Louis,Sales,United States,2022-12-12,35,,Series B,51,2022-12-13 20:08:07.0000000
Bamboo Health,Louisville,Healthcare,United States,2022-07-01,52,,Unknown,,2022-07-21 19:29:36.0000000
Bandcamp,SF Bay Area,Other,United States,2023-10-16,58,.5000,Acquired,,2023-10-17 01:43:02.0000000
Banxa,Melbourne,Crypto,Australia,2022-06-27,70,.3000,Post-IPO,13,2022-06-28 04:16:56.0000000
Baraja,Sydney,Transportation,Australia,2023-02-08,,.7500,Unknown,63,2023-02-08 17:46:18.0000000
Bardee,Melbourne,Food,Australia,2023-08-03,30,,Seed,5,2023-08-03 03:32:02.0000000
Bark,New York City,Retail,United States,2023-02-09,126,.1200,Post-IPO,,2023-02-10 02:01:41.0000000
Bark,New York City,Retail,United States,2023-07-13,,.0800,Post-IPO,282,2023-07-26 23:15:58.0000000
Basis Technologies,Chicago,Marketing,United States,2023-02-21,40,.0400,Series B,52,2023-06-20 22:58:04.0000000
Baton,SF Bay Area,Transportation,United States,2022-06-29,16,.2500,Series A,13,2022-06-30 02:51:21.0000000
Bcredi,Curitiba,Finance,Brazil,2020-03-27,,,Series A,,2020-04-25 15:28:59.0000000
Beam Benefits,Columbus,Healthcare,United States,2023-02-08,31,.0800,Series E,168,2023-02-17 17:23:47.0000000
Beam Benefits,Columbus,Healthcare,United States,2024-01-10,74,,Series E,168,2024-01-10 21:52:01.0000000
Beamery,London,HR,United Kingdom,2023-11-16,,.2500,Series D,223,2023-11-16 23:11:34.0000000
Beamery,London,HR,United States,2023-01-10,,.1200,Series D,223,2023-01-11 17:33:20.0000000
Beat,Athens,Transportation,Greece,2022-11-08,,,Series B,6,2022-11-11 00:45:27.0000000
BeeTech,Sao Paulo,Finance,Brazil,2020-04-10,30,,Series B,14,2020-04-29 21:56:07.0000000
Belora Paris,Gurugram,Retail,India,2023-10-18,,1.0000,Seed,,2023-12-04 03:05:25.0000000
Bench,Vancouver,Finance,Canada,2020-03-27,47,.1000,Series B,49,2020-06-23 01:22:09.0000000
Benchling,SF Bay Area,Other,United States,2023-04-21,74,.0900,Series F,411,2023-04-22 03:37:53.0000000
BenchSci,Toronto,Healthcare,Canada,2024-01-08,70,.1700,Series D,164,2024-01-08 23:26:19.0000000
Benevity,Calgary,Other,Canada,2023-01-18,137,.1400,Unknown,69,2023-01-18 19:52:26.0000000
BenevolentAI,London,Healthcare,United Kingdom,2023-05-25,180,,Private Equity,292,2023-05-26 04:32:17.0000000
Benitago Group,New York City,Retail,United States,2022-11-04,,.1400,Series A,380,2022-11-05 04:53:50.0000000
Berkeley Lights,SF Bay Area,Healthcare,United States,2022-08-09,,.1200,Post-IPO,272,2022-08-09 21:53:12.0000000
Berlin Brands Group,Berlin,Retail,Germany,2022-06-10,100,.1000,Unknown,1000,2022-06-21 03:15:48.0000000
Bestow,Dallas,Finance,United States,2022-06-24,41,.1400,Series C,137,2022-06-27 23:53:17.0000000
Better Therapeutics,SF Bay Area,Healthcare,United States,2023-03-27,,.3500,Post-IPO,143,2023-04-01 02:03:02.0000000
Better.com,New York City,Real Estate,United States,2021-12-01,900,.0900,Unknown,905,2021-12-01 23:06:04.0000000
Better.com,New York City,Real Estate,United States,2022-03-08,3000,.3300,Unknown,905,2022-03-09 00:46:57.0000000
Better.com,New York City,Real Estate,United States,2022-04-19,,,Unknown,905,2022-04-19 15:30:03.0000000
Better.com,New York City,Real Estate,United States,2022-08-26,,,Unknown,905,2022-08-30 23:21:41.0000000
Better.com,New York City,Real Estate,United States,2023-06-07,,,Unknown,905,2023-06-09 18:46:17.0000000
Better.com,New York City,Real Estate,United States,2023-09-06,,,Unknown,905,2023-09-24 17:46:57.0000000
BetterCloud,New York City,Security,United States,2020-05-13,,,Series E,111,2020-05-14 17:55:07.0000000
Betterfly,Santiago,Healthcare,Chile,2022-08-11,30,,Series C,204,2022-08-12 17:57:38.0000000
Betterfly,Santiago,Healthcare,Chile,2023-01-18,,.3000,Series C,204,2023-01-20 01:15:04.0000000
Betterment,New York City,Finance,United States,2023-02-15,28,,Series F,435,2023-02-16 16:07:42.0000000
BetterUp,SF Bay Area,HR,United States,2023-08-02,100,.1600,Series E,567,2023-08-04 15:24:04.0000000
Bevi,Boston,Food,United States,2020-03-27,30,.2000,Series C,60,2020-03-28 20:52:49.0000000
Beyond Meat,Los Angeles,Food,United States,2022-08-03,40,.0400,Post-IPO,122,2022-08-04 19:01:05.0000000
Beyond Meat,Los Angeles,Food,United States,2022-10-14,200,.1900,Post-IPO,122,2022-10-14 15:20:57.0000000
Beyond Meat,Los Angeles,Food,United States,2022-10-14,200,.1900,Post-IPO,122,2023-11-07 04:17:28.0000000
Beyond Meat,Los Angeles,Food,United States,2023-11-02,65,.0800,Post-IPO,122,2023-11-07 04:16:49.0000000
BeyondMinds,Tel Aviv,Data,Israel,2022-05-23,65,1.0000,Series A,16,2022-05-23 16:02:53.0000000
BharatAgri,Mumbai,Food,India,2023-01-15,40,.4300,Series A,21,2023-01-16 16:49:09.0000000
Big Cabal Media,Lagos,Media,Nigeria,2023-08-04,,.1900,Seed,3,2023-08-05 00:52:28.0000000
Big Fish Games,Seattle,Media,United States,2020-09-01,250,,Acquired,95.199996948242188,2020-09-02 18:43:40.0000000
BigBear.ai,Baltimore,Data,United States,2022-09-08,,.0700,Post-IPO,200,2022-09-09 01:43:04.0000000
BigCommerce,Austin,Retail,United States,2022-12-15,180,.1300,Post-IPO,224,2022-12-15 16:20:44.0000000
BigCommerce,Austin,Retail,United States,2023-11-08,,.0700,Post-IPO,224,2023-11-10 00:04:44.0000000
BigPanda,SF Bay Area,Infrastructure,United States,2023-04-24,40,.1300,Series E,337,2023-04-25 13:55:53.0000000
Bikayi,Bengaluru,Retail,India,2022-07-28,,,Series A,12,2022-07-29 06:10:09.0000000
Bilibili,Shanghai,Media,China,2022-12-27,,.3000,Post-IPO,3700,2022-12-30 15:59:06.0000000
Bill.com,SF Bay Area,Finance,United States,2023-12-05,,.1500,Post-IPO,280,2023-12-05 17:23:24.0000000
BillGO,Fort Collins,Finance,United States,2024-02-05,80,,Series B,119,2024-02-06 04:22:45.0000000
Binance,Cayman Islands,Crypto,Cayman Islands,2023-07-14,1000,,Unknown,,2023-07-14 18:27:29.0000000
Binance.US,SF Bay Area,Crypto,United States,2023-06-15,,,Subsidiary,,2023-06-16 22:28:42.0000000
Binance.US,SF Bay Area,Crypto,United States,2023-09-12,100,.3300,Subsidiary,,2023-09-13 02:11:53.0000000
Biofourmis,Boston,Healthcare,United States,2023-08-31,120,,Series D,464,2023-09-01 02:41:26.0000000
BioMarin,SF Bay Area,Healthcare,United States,2022-10-07,120,.0400,Post-IPO,585,2022-11-19 23:58:48.0000000
Bird,Los Angeles,Transportation,United States,2020-03-27,406,.3000,Series D,623,2020-03-28 20:52:49.0000000
Bird,Los Angeles,Transportation,United States,2022-06-07,138,.2300,Post-IPO,783,2022-06-07 16:49:14.0000000
Bird,Los Angeles,Transportation,United States,2023-10-04,,,Post-IPO,916,2023-10-04 23:28:12.0000000
Bishop Fox,Phoenix,Security,United States,2023-05-02,50,.1300,Series B,146,2023-05-03 23:42:35.0000000
Bitfarms,Quebec,Crypto,Canada,2020-04-06,,,Post-IPO,25,2020-04-08 23:53:05.0000000
Bitfront,SF Bay Area,Crypto,United States,2022-11-29,,1.0000,Unknown,,2022-11-30 05:54:28.0000000
BitGo,SF Bay Area,Crypto,United States,2020-04-17,,.1200,Series B,69,2020-04-30 15:40:19.0000000
BitMEX,Non-U.S.,Crypto,Seychelles,2022-04-04,75,.2500,Seed,0,2022-04-05 00:02:46.0000000
BitMEX,Non-U.S.,Crypto,Seychelles,2022-11-02,,.3000,Seed,0,2022-11-03 04:28:32.0000000
BitOasis,Dubai,Crypto,United Arab Emirates,2022-06-19,9,.0500,Series B,30,2022-06-21 03:32:42.0000000
Bitpanda,Vienna,Crypto,Austria,2022-06-24,270,.2700,Series C,546,2022-06-24 16:27:26.0000000
Bitrise,Budapest,Infrastructure,Hungary,2022-09-14,,.1400,Series C,83,2022-09-15 03:41:27.0000000
BitSight,Tel Aviv,Security,Israel,2023-02-26,40,,Unknown,401,2023-02-27 17:26:32.0000000
Bitso,Mexico City,Crypto,Mexico,2022-05-26,80,.1100,Series C,378,2022-05-27 03:27:22.0000000
Bitso,Mexico City,Crypto,Mexico,2022-11-29,100,,Series C,378,2022-11-30 06:19:06.0000000
BitTitan,Seattle,Data,United States,2021-11-18,70,.2700,Acquired,46,2021-11-20 16:32:47.0000000
BitTorrent,SF Bay Area,Infrastructure,United States,2023-01-20,92,,Acquired,,2023-02-07 03:53:04.0000000
Bittrex,Seattle,Crypto,United States,2023-02-02,80,,Unknown,,2023-02-03 03:14:32.0000000
Bitwise,SF Bay Area,Crypto,United States,2023-06-14,900,1.0000,Series B,84,2023-06-16 22:30:50.0000000
Bizongo,Mumbai,Logistics,India,2020-07-10,140,,Series C,70,2020-07-13 16:54:59.0000000
Bizongo,Mumbai,Retail,India,2023-10-05,50,,Series E,315,2023-10-06 15:33:07.0000000
Bizpay,Sydney,Finance,Australia,2022-05-04,,.3000,Unknown,45,2022-05-12 01:14:28.0000000
Bizzabo,New York City,Marketing,United States,2022-07-05,120,.3000,Series E,194,2022-07-06 04:30:18.0000000
Bizzabo,New York City,Marketing,United States,2022-12-01,100,.3700,Series E,194,2022-12-03 04:57:20.0000000
Black Shark,Shenzen,Hardware,China,2023-01-13,900,,Unknown,,2023-01-23 16:49:54.0000000
Blackbaud,Charleston,Other,United States,2023-02-14,500,.1400,Post-IPO,,2023-02-15 19:06:44.0000000
BlackBuck,Bengaluru,Logistics,India,2020-04-17,200,,Series D,293,2020-04-19 04:41:40.0000000
BlackLine,Los Angeles,Finance,United States,2022-12-08,95,.0500,Private Equity,220,2022-12-11 06:15:28.0000000
BlackLine,Los Angeles,Finance,United States,2023-08-23,95,.0500,Post-IPO,220,2023-08-24 22:09:50.0000000
Bleacher Report,London,Media,United Kingdom,2020-09-11,20,,Acquired,40.5,2020-09-12 01:52:03.0000000
Blend,SF Bay Area,Finance,United States,2022-04-19,200,.1000,Post-IPO,665,2022-04-20 03:20:02.0000000
Blend,SF Bay Area,Finance,United States,2022-08-15,220,.1200,Post-IPO,665,2022-08-16 15:55:02.0000000
Blend,SF Bay Area,Finance,United States,2022-11-10,100,.0600,Post-IPO,665,2022-12-09 05:11:03.0000000
Blend,SF Bay Area,Finance,United States,2023-01-10,340,.2800,Post-IPO,665,2023-01-10 23:52:38.0000000
Blend,SF Bay Area,Finance,United States,2023-08-09,150,.1900,Post-IPO,665,2023-08-11 15:00:48.0000000
BlissClub,Bengaluru,Retail,India,2024-02-09,21,.1800,Series A,20,2024-02-10 00:37:27.0000000
Block,SF Bay Area,Finance,United States,2023-10-04,,,Post-IPO,150,2023-10-04 22:34:58.0000000
Block,SF Bay Area,Finance,United States,2024-01-30,1000,.1000,Post-IPO,150,2024-01-30 19:09:30.0000000
Blockchain.com,London,Crypto,United Kingdom,2022-07-21,150,.2500,Series D,490,2022-07-21 14:26:22.0000000
Blockchain.com,London,Crypto,United Kingdom,2023-01-12,110,.2800,Series D,490,2023-01-12 16:22:30.0000000
BlockFi,New York City,Crypto,United States,2022-06-13,250,.2000,Series E,1000,2022-06-13 16:19:56.0000000
BlockFi,New York City,Crypto,United States,2022-11-28,,1.0000,Series E,1000,2022-11-30 06:05:58.0000000
BloomTech,SF Bay Area,Education,United States,2022-12-01,88,.5000,Unknown,,2022-12-01 22:20:09.0000000
Blue Apron,New York City,Food,United States,2022-12-08,,.1000,Post-IPO,352,2022-12-08 17:06:37.0000000
Blue Apron,New York City,Food,United States,2023-07-19,,.2000,Post-IPO,422,2023-08-09 18:46:12.0000000
Blue Nile,Seattle,Retail,United States,2023-03-28,119,,Acquired,62,2023-03-29 00:56:12.0000000
Blue Origin,Seattle,Aerospace,United States,2023-09-06,,,Unknown,167,2023-09-08 16:01:57.0000000
Blue Origin,Seattle,Aerospace,United States,2023-10-09,40,,Unknown,167,2023-10-09 15:27:58.0000000
Blueboard,SF Bay Area,HR,United States,2024-03-15,,1.0000,Series A,16,2024-03-17 16:40:15.0000000
Blueground,New York City,Real Estate,United States,2020-03-27,130,.2500,Series B,77,2020-03-30 14:19:23.0000000
Bluepad,Bengaluru,Media,India,2023-04-13,,1.0000,Seed,,2023-04-14 03:07:39.0000000
BlueStacks,SF Bay Area,Other,United States,2022-07-20,60,,Series C,48,2022-07-20 15:10:56.0000000
Blume Global,SF Bay Area,Logistics,United States,2020-03-30,30,.1000,Unknown,,2020-04-01 05:29:59.0000000
Bluprint,Denver,Education,United States,2020-05-26,137,1.0000,Acquired,108,2020-05-27 17:07:47.0000000
BM Technologies,Philadelphia,Finance,United States,2023-01-30,,.2500,Post-IPO,,2023-02-01 05:14:08.0000000
Bol.com,Utrecht,Retail,Netherlands,2022-12-09,300,.1000,Acquired,,2024-02-05 05:01:57.0000000
Bolt,Lagos,Transportation,Nigeria,2023-02-21,17,,Series F,,2023-02-22 02:48:31.0000000
Bolt,SF Bay Area,Finance,United States,2022-05-25,240,.2700,Series E,1300,2022-05-25 17:57:59.0000000
Bolt,SF Bay Area,Finance,United States,2023-01-24,50,.1000,Series E,1300,2023-01-25 02:12:26.0000000
Bolt,SF Bay Area,Finance,United States,2023-12-14,,.2900,Series E,1300,2023-12-14 21:39:58.0000000
Bolt.Earth,Bengaluru,Energy,India,2023-12-29,,.2000,Series B,24,2024-01-02 03:53:48.0000000
Bolt.Earth,Bengaluru,Energy,India,2024-04-06,70,.4000,Series B,24,2024-04-08 22:34:47.0000000
Bond,SF Bay Area,Finance,United States,2022-06-07,,,Series A,42,2022-06-10 04:29:00.0000000
Bonsai,Toronto,Retail,Canada,2022-04-26,29,.3400,Series A,27,2022-06-21 03:27:57.0000000
Bonsai,Toronto,Retail,Canada,2022-06-20,30,.5500,Series A,27,2022-06-21 03:21:24.0000000
Bonterra,Austin,Other,United States,2023-01-13,140,.1000,Unknown,,2023-01-17 16:48:51.0000000
Bonterra,Austin,Other,United States,2023-09-11,,,Unknown,,2023-09-21 07:18:58.0000000
Bonusly,Boulder,HR,United States,2023-03-09,,,Series B,31,2023-03-10 15:56:04.0000000
Bonusly,Boulder,HR,United States,2023-03-16,,,Series B,31,2023-03-17 23:50:41.0000000
BookClub,Salt Lake City,Education,United States,2022-05-31,12,.2500,Series A,26,2022-06-06 21:00:48.0000000
Booking.com,Amsterdam,Travel,Netherlands,2020-07-30,4375,.2500,Acquired,,2020-08-04 15:02:25.0000000
Booking.com,Grand Rapids,Travel,United States,2022-11-01,226,,Acquired,,2022-11-03 04:16:26.0000000
BookMyShow,Mumbai,Consumer,India,2020-05-28,270,.1800,Unknown,224,2020-05-28 17:49:53.0000000
Booksy,SF Bay Area,Consumer,United States,2020-04-01,200,,Series B,48,2020-04-07 14:32:38.0000000
Booktopia,Sydney,Retail,Australia,2022-06-28,,,Series A,23,2022-06-29 03:59:21.0000000
Booktopia,Sydney,Retail,Australia,2023-01-23,30,,Series A,23,2023-01-23 16:46:01.0000000
Boost,New York City,Finance,United States,2023-04-04,15,.2000,Series B,37,2023-04-05 00:23:08.0000000
Boosted Commerce,Los Angeles,Retail,United States,2022-07-22,,.0500,Series B,137,2022-07-26 15:25:34.0000000
Boozt,Malmo,Retail,Sweden,2022-06-09,70,.0500,Post-IPO,56,2022-07-25 04:26:21.0000000
Borrowell,Toronto,Finance,Canada,2020-04-06,15,.2000,Series B,72,2020-04-06 23:55:30.0000000
Bossa Nova,SF Bay Area,Retail,United States,2020-06-29,61,,Unknown,101.59999847412109,2020-06-30 15:44:23.0000000
Bossa Nova,SF Bay Area,Retail,United States,2020-11-02,,.5000,Unknown,101.59999847412109,2020-11-05 22:16:21.0000000
Bounce,Bengaluru,Transportation,India,2020-03-19,120,,Series D,214,2020-03-28 20:52:49.0000000
Bounce,Bengaluru,Transportation,India,2020-06-29,130,.2200,Series D,214.19999694824219,2020-06-30 15:56:18.0000000
Bounce,Bengaluru,Transportation,India,2021-02-22,200,.4000,Series D,214.19999694824219,2021-02-22 23:38:05.0000000
Bounce,Bengaluru,Transportation,India,2023-01-06,40,.0500,Series D,214,2023-01-09 05:03:51.0000000
BounceX,New York City,Marketing,United States,2020-04-06,77,.2000,Series B,75,2020-04-06 23:03:47.0000000
Bowery Farming,New York City,Food,United States,2023-11-10,,,Unknown,626,2024-01-02 03:52:02.0000000
Boxed,New York City,Retail,United States,2023-03-15,32,.2500,Post-IPO,365,2023-03-17 15:54:23.0000000
Braid,SF Bay Area,Finance,United States,2023-10-09,,1.0000,Unknown,,2023-10-10 15:01:54.0000000
Brainbase,Los Angeles,Sales,United States,2022-07-28,,,Series A,12,2022-11-17 00:06:46.0000000
Brainly,Krakow,Education,Poland,2022-11-06,25,,Series D,148,2022-11-07 15:10:51.0000000
Brainly,Krakow,Education,Poland,2023-05-24,,.3000,Series D,148,2023-05-24 15:42:48.0000000
Branch,Columbus,Finance,United States,2023-06-08,186,,Series C,229,2023-06-09 18:54:55.0000000
Branch,Columbus,Finance,United States,2024-01-09,85,,Series C,229,2024-01-10 21:48:11.0000000
Branch,New York City,Retail,United States,2020-06-11,3,.2700,Seed,2,2020-06-11 23:18:07.0000000
Branch Metrics,SF Bay Area,Marketing,United States,2020-04-07,100,.2000,Series E,367,2020-04-09 21:50:48.0000000
Brave,SF Bay Area,Consumer,United States,2023-10-06,,.0900,Series B,42,2023-10-07 16:10:47.0000000
Brave Care,Portland,Healthcare,United States,2022-09-06,40,.3300,Series B,42,2022-09-08 04:00:57.0000000
Breathe,New Delhi,Healthcare,India,2022-06-14,50,.3300,Series A,6,2022-06-16 02:53:53.0000000
Breather,Montreal,Real Estate,Canada,2020-12-16,120,.8000,Series D,131,2020-12-17 17:19:48.0000000
Brex,SF Bay Area,Finance,United States,2020-05-29,62,.1500,Series C,732,2020-05-29 21:16:18.0000000
Brex,SF Bay Area,Finance,United States,2022-10-11,136,.1100,Series D,1500,2022-10-11 18:40:04.0000000
Brex,SF Bay Area,Finance,United States,2024-01-23,282,.2000,Series D,1500,2024-01-23 18:26:06.0000000
Bridge Connector,Nashville,Healthcare,United States,2020-11-17,154,1.0000,Series B,45,2020-11-19 23:19:46.0000000
Bridgit,Waterloo,Construction,Canada,2022-12-06,13,.1300,Series B,36,2022-12-19 16:48:06.0000000
Bright Machines,SF Bay Area,Data,Israel,2022-06-28,30,.0800,Unknown,250,2022-06-29 03:36:51.0000000
Bright Money,Bengaluru,Finance,India,2022-07-15,100,.5000,Series A,31,2022-07-22 23:50:07.0000000
Brightcove,Boston,Marketing,United States,2023-05-03,70,.1000,Post-IPO,145,2023-05-04 15:12:17.0000000
Brighte,Sydney,Energy,Australia,2022-06-20,30,.1500,Series C,145,2022-06-21 03:34:28.0000000
Brighte,Sydney,Energy,Australia,2022-09-09,58,,Series C,145,2022-10-07 02:07:46.0000000
Brightline,SF Bay Area,Healthcare,United States,2022-11-01,,.2000,Series C,212,2022-11-01 19:46:59.0000000
Brightline,SF Bay Area,Healthcare,United States,2023-05-03,,.2000,Series C,212,2023-05-03 23:47:58.0000000
Brilliant,SF Bay Area,Hardware,United States,2024-05-08,,1.0000,Series B,64,2024-05-09 03:20:27.0000000
Bringg,Tel Aviv,Logistics,Israel,2020-04-21,10,.1000,Series D,84,2020-04-23 22:11:50.0000000
Britishvolt,London,Transportation,United Kingdom,2023-01-17,206,1.0000,Unknown,2400,2023-01-18 02:07:40.0000000
Briza,Toronto,Finance,Canada,2022-12-20,26,.4000,Series A,10,2022-12-20 18:43:01.0000000
Brodmann17,Tel Aviv,Other,Israel,2022-12-09,,1.0000,Series A,25,2022-12-11 06:17:56.0000000
Bryter,Berlin,Product,Germany,2022-07-13,100,.3000,Series B,89,2022-07-14 19:31:41.0000000
Buenbit,Buenos Aires,Crypto,Argentina,2022-05-23,80,.4500,Series A,11,2022-05-25 13:53:51.0000000
Builder,Los Angeles,Product,United States,2020-06-04,39,.1400,Series A,29,2020-06-04 22:26:27.0000000
Buildertrend,Omaha,Construction,United States,2023-11-17,,.1600,Unknown,,2023-11-18 00:07:40.0000000
Built In,Chicago,Recruiting,United States,2020-04-10,28,,Series C,29,2020-05-14 23:13:32.0000000
Built In,Chicago,Recruiting,United States,2022-10-05,50,.2500,Series C,29,2022-10-05 15:53:39.0000000
Built Technologies,Nashville,Construction,United States,2023-07-11,,,Unknown,313,2023-07-13 03:34:30.0000000
Built Technologies copy,Nashville,Construction,United States,2023-02-03,,.0800,Unknown,313,2023-07-13 03:35:28.0000000
Bukalapak,Jakarta,Retail,Indonesia,2023-08-09,,,Post-IPO,925,2023-08-09 17:56:24.0000000
Bullhorn,Boston,Sales,United States,2020-04-30,100,,Acquired,32,2020-05-02 18:13:58.0000000
Bullhorn,Boston,Sales,United States,2023-10-19,140,.0900,Acquired,32,2023-10-20 00:46:56.0000000
Bullish,Hong Kong,Crypto,Hong Kong,2022-07-05,30,.0800,Unknown,300,2022-07-15 20:52:32.0000000
Bumble,Austin,Consumer,United States,2024-02-27,350,.3000,Post-IPO,313,2024-02-27 23:56:12.0000000
Bundle Africa,Lagos,Crypto,Nigeria,2023-07-21,,1.0000,Seed,1,2023-07-22 01:12:12.0000000
Bungalow,SF Bay Area,Real Estate,United States,2022-06-22,70,,Series C,171,2022-06-23 04:10:48.0000000
Bunnii,New York City,Healthcare,United States,2023-06-06,,1.0000,Unknown,,2023-06-06 23:50:59.0000000
BusBud,Montreal,Transportation,Canada,2020-04-06,23,.3200,Series B,21,2020-04-28 03:56:37.0000000
Buser,Sao Paulo,Transportation,Brazil,2022-12-08,160,.3000,Series C,138,2022-12-11 06:00:24.0000000
Business Insider,New York City,Media,United States,2024-01-25,,.0800,Acquired,56,2024-01-26 14:47:07.0000000
Bustle Digital Group,New York City,Media,United States,2020-04-03,19,,Series E,80,2022-09-21 04:06:44.0000000
Bustle Digital Group,New York City,Media,United States,2020-04-03,24,.0800,Series E,80,2020-04-03 21:51:33.0000000
Bustle Digital Group,New York City,Media,United States,2023-02-01,,.0800,Series E,80,2023-02-03 03:48:26.0000000
Butler Hospitality,New York City,Food,United States,2022-07-08,1000,1.0000,Series B,50,2022-07-08 19:50:34.0000000
Butterfly Network,Boston,Healthcare,United States,2023-01-04,,.2500,Post-IPO,530,2023-01-18 19:57:40.0000000
Butterfly Network,New Haven,Healthcare,United States,2022-08-02,,.1000,Post-IPO,530,2022-08-04 03:55:59.0000000
Butterfly Network copy,Boston,Healthcare,United States,2023-07-11,,.2500,Post-IPO,530,2023-07-17 02:38:12.0000000
Button,New York City,Marketing,United States,2020-04-08,48,.3500,Series C,64,2020-04-10 14:31:17.0000000
BUX,Amsterdam,Finance,Netherlands,2023-01-22,,,Series C,115,2023-01-23 16:54:46.0000000
Buy.com / Rakuten,SF Bay Area,Retail,United States,2020-07-30,87,1.0000,Acquired,42.400001525878906,2020-07-31 16:36:58.0000000
Buzzer,New York City,Consumer,United States,2023-06-30,,1.0000,Series A,24,2023-07-01 00:57:52.0000000
Buzzer,New York City,Media,United States,2022-06-20,,.2000,Unknown,32,2022-06-22 03:43:08.0000000
Buzzer,New York City,Media,United States,2023-05-09,,,Unknown,32,2023-05-09 23:24:58.0000000
BuzzFeed,New York City,Media,United States,2022-12-06,180,.1200,Post-IPO,696,2022-12-06 18:40:43.0000000
BuzzFeed,New York City,Media,United States,2023-04-20,180,.1500,Post-IPO,696,2023-04-20 20:20:35.0000000
BuzzFeed,New York City,Media,United States,2024-02-21,,.1600,Post-IPO,696,2024-02-23 00:21:23.0000000
BVAccel,San Diego,Marketing,United States,2020-04-08,25,.2500,Unknown,,2020-04-12 06:35:16.0000000
Bybit,Singapore,Crypto,Singapore,2022-06-20,,,Unknown,,2022-12-04 23:06:09.0000000
Bybit,Singapore,Crypto,Singapore,2022-06-20,600,.3000,Unknown,,2022-06-22 03:41:17.0000000
Bybit,Singapore,Crypto,Singapore,2022-12-03,,.3000,Unknown,,2022-12-04 23:04:29.0000000
Byju's,Bengaluru,Education,India,2022-10-12,2500,.0500,Private Equity,5500,2022-10-12 19:59:53.0000000
Byju's,Bengaluru,Education,India,2023-02-02,1500,,Private Equity,5500,2023-02-02 15:50:31.0000000
Byju's,Bengaluru,Education,India,2023-06-07,1000,,Private Equity,5500,2023-06-09 18:57:11.0000000
Byju's,Bengaluru,Education,India,2024-04-02,500,.0300,Private Equity,5500,2024-04-02 16:45:44.0000000
Bytedance,Mumbai,Consumer,India,2021-01-27,1800,,Unknown,7400,2021-01-28 00:27:24.0000000
Bytedance,Shanghai,Consumer,China,2021-08-05,1800,,Unknown,9400,2021-08-05 19:34:20.0000000
Bytedance,Shanghai,Consumer,China,2022-06-17,150,,Unknown,9400,2022-06-17 16:28:13.0000000
Bytedance,Shanghai,Consumer,China,2023-01-03,,.1000,Unknown,9400,2023-01-04 16:08:06.0000000
Bytedance,Shanghai,Consumer,China,2023-11-27,1000,,Unknown,9400,2023-11-27 16:56:12.0000000
Byton,SF Bay Area,Transportation,United States,2020-06-27,,,Series C,1200,2020-06-29 17:54:35.0000000
C2FO,Kansas City,Finance,United States,2022-12-09,20,.0200,Series H,537,2022-12-11 05:58:32.0000000
C2FO,Kansas City,Finance,United States,2023-10-16,80,.0300,Series H,537,2023-10-20 23:42:20.0000000
C3.ai,SF Bay Area,AI,United States,2023-11-20,,,Series F,228,2023-11-21 15:53:51.0000000
C6 Bank,Sao Paulo,Finance,Brazil,2020-04-06,60,.0600,Unknown,,2020-04-06 21:17:19.0000000
C6 Bank,Sao Paulo,Finance,Brazil,2023-02-06,,,Unknown,2300,2023-02-08 21:47:09.0000000
Cabify,Madrid,Transportation,Spain,2024-05-02,29,,Unknown,601,2024-05-09 03:22:34.0000000
Cabin,SF Bay Area,Travel,United States,2020-03-23,,.2000,Seed,3,2020-03-28 20:52:49.0000000
Cadre,New York City,Real Estate,United States,2020-05-11,28,.2500,Series C,133,2020-05-11 22:21:03.0000000
Cake Bikes,Stockholm,Transportation,Sweden,2024-02-02,,1.0000,Unknown,74,2024-02-03 01:52:50.0000000
Cake Group,Singapore,Crypto,Singapore,2023-11-14,50,.3000,Unknown,,2023-11-15 16:39:27.0000000
Calendly,Atlanta,Other,United States,2023-07-26,60,.1000,Series B,351,2023-07-27 20:08:57.0000000
Calibrate,New York City,Healthcare,United States,2022-07-08,156,.2400,Series B,127,2022-07-18 18:58:55.0000000
Calibrate,New York City,Healthcare,United States,2023-04-14,,.1800,Series B,127,2023-04-15 01:35:51.0000000
Caliva,SF Bay Area,Retail,United States,2020-03-30,20,,Series A,75,2020-05-29 22:37:29.0000000
Caliva,SF Bay Area,Retail,United States,2023-08-08,54,,Series B,75,2023-08-09 17:54:55.0000000
Callisto Media,SF Bay Area,Media,United States,2022-07-21,140,.3500,Series D,,2022-07-21 23:37:05.0000000
Callisto Media,SF Bay Area,Media,United States,2022-10-25,,.3500,Series D,,2022-10-26 04:33:43.0000000
Calm,SF Bay Area,Healthcare,United States,2022-08-11,90,.2000,Series C,218,2022-08-12 05:08:17.0000000
Cambricon,Beijing,Hardware,China,2023-07-31,,,Series B,200,2023-08-01 15:28:34.0000000
Cameo,Chicago,Consumer,United States,2022-05-04,87,.2500,Unknown,165,2022-05-04 23:34:16.0000000
Cameo,Chicago,Consumer,United States,2022-11-09,80,,Unknown,165,2022-11-09 20:15:52.0000000
Cameo,Chicago,Consumer,United States,2023-07-18,80,,Unknown,165,2023-07-18 19:29:56.0000000
Camp K12,Gurugram,Education,India,2023-01-23,,.7000,Series A,16,2023-01-23 16:47:27.0000000
Cana,SF Bay Area,Food,United States,2023-05-13,,1.0000,Unknown,30,2023-05-14 15:37:22.0000000
Candidate Labs,SF Bay Area,HR,United States,2022-09-21,,,Seed,5,2022-10-04 02:52:09.0000000
Candor Technology,Atlanta,Real Estate,United States,2023-03-17,,,Unknown,23,2023-03-17 23:48:22.0000000
Candy Digital,New York City,Crypto,United States,2022-11-28,33,.3300,Series A,100,2022-11-29 04:24:38.0000000
Candy Digital,New York City,Crypto,United States,2023-06-29,30,,Series A,138,2023-06-30 14:57:01.0000000
Canoo,Los Angeles,Transportation,United States,2022-07-01,58,.0600,Post-IPO,300,2022-07-01 22:22:58.0000000
Capillary,Bengaluru,Retail,India,2020-04-02,,,Private Equity,102,2020-04-12 06:00:00.0000000
Capital One,Washington D.C.,Finance,United States,2023-01-19,1100,,Post-IPO,,2023-01-20 15:56:24.0000000
Capiter,Cairo,Finance,Egypt,2022-09-09,,,Series A,33,2022-09-13 04:10:03.0000000
Capitolis,New York City,Finance,United States,2022-11-17,37,.2500,Series D,281,2022-11-18 05:18:34.0000000
Capitolis,New York City,Finance,United States,2022-11-18,,.2500,Series D,281,2022-12-15 02:14:54.0000000
Capsule,New York City,Healthcare,United States,2022-07-19,,.1300,Series D,570,2022-07-20 15:02:49.0000000
Captain Fresh,Bengaluru,Food,India,2023-01-15,120,,Series C,126,2023-01-16 16:48:16.0000000
Captiv8,SF Bay Area,Marketing,United States,2023-08-24,8,.0300,Unknown,4,2023-08-25 20:23:49.0000000
CaptivateIQ,SF Bay Area,Sales,United States,2022-11-15,31,.1000,Series C,164,2022-11-17 00:40:50.0000000
Carbon,SF Bay Area,Hardware,United States,2022-10-26,,,Series E,683,2023-01-04 15:53:58.0000000
Carbon Health,SF Bay Area,Healthcare,United States,2022-06-02,250,.0800,Series D,522,2022-06-02 16:32:32.0000000
Carbon Health,SF Bay Area,Healthcare,United States,2023-01-06,200,,Series D,522,2023-01-07 01:40:01.0000000
Carbon Health,SF Bay Area,Healthcare,United States,2023-10-09,114,.0500,Series D,522,2023-10-25 04:08:01.0000000
Carbon Health,SF Bay Area,Healthcare,United States,2024-02-23,56,,Series D,522,2024-02-24 01:33:51.0000000
CarDekho,Gurugram,Transportation,India,2020-05-25,200,,Series D,247,2020-05-26 22:13:20.0000000
CarDekho,Gurugram,Transportation,India,2022-08-03,,,Series E,497,2022-08-04 19:03:41.0000000
Cardlytics,Atlanta,Marketing,United States,2022-11-14,51,,Post-IPO,212,2022-11-15 04:36:23.0000000
Care.com,Boston,Consumer,United States,2020-04-30,81,,Acquired,156,2020-05-01 03:40:19.0000000
Careem,Dubai,Transportation,United Arab Emirates,2020-05-04,536,.3100,Acquired,771,2020-05-04 14:36:22.0000000
Career Karma,SF Bay Area,Education,United States,2022-07-28,60,.3300,Series B,51,2022-07-29 06:20:11.0000000
Career Karma,SF Bay Area,Education,United States,2023-01-12,22,,Series B,51,2023-01-12 18:35:04.0000000
CareerArc,Los Angeles,HR,United States,2023-01-06,,,Private Equity,30,2023-01-09 05:03:17.0000000
CareRev,Los Angeles,Healthcare,United States,2023-01-25,,,Series A,51,2023-02-01 05:27:36.0000000
CareRev,Los Angeles,Healthcare,United States,2023-06-15,100,.3300,Series A,51,2023-06-16 05:05:42.0000000
CarGurus,Boston,Transportation,United States,2020-04-16,130,.1300,Post-IPO,1,2020-04-16 23:46:47.0000000
Caribou,Washington D.C.,Finance,United States,2022-12-12,,,Series C,189,2023-01-12 15:38:30.0000000
Carousell,Singapore,Retail,Singapore,2022-12-01,110,.1000,Private Equity,372,2022-12-03 05:02:52.0000000
Cars24,Gurugram,Transportation,India,2022-05-19,600,.0600,Series G,1300,2022-05-19 14:39:55.0000000
Cars24,Jakarta,Transportation,Indonesia,2023-05-03,100,,Series G,1300,2023-05-07 00:39:21.0000000
Carsome,Kuala Lumpur,Transportation,Malaysia,2022-09-30,,.1000,Series E,607,2022-09-30 23:45:46.0000000
Cart.com,Austin,Retail,United States,2023-01-10,,,Unknown,383,2023-01-11 00:55:42.0000000
Cart.com,Austin,Retail,United States,2023-01-10,25,.0400,Unknown,383,2023-11-16 22:09:02.0000000
Carta,SF Bay Area,Finance,United States,2020-04-15,161,.1600,Series E,447,2020-04-15 17:32:19.0000000
Carta,SF Bay Area,HR,United States,2023-01-11,,.1000,Series G,1100,2023-01-11 17:30:51.0000000
Carta,SF Bay Area,HR,United States,2023-11-09,,,Series G,1100,2023-11-10 00:02:18.0000000
Carvana,Phoenix,Transportation,United States,2022-05-10,2500,.1200,Post-IPO,1600,2022-05-10 15:35:42.0000000
Carvana,Phoenix,Transportation,United States,2022-11-18,1500,.0800,Post-IPO,1600,2022-11-18 21:34:43.0000000
Carvana,Phoenix,Transportation,United States,2023-01-13,,,Post-IPO,1600,2023-01-14 17:29:12.0000000
Carwow,London,Transportation,United Kingdom,2022-11-25,70,.2000,Unknown,157,2022-11-29 04:11:17.0000000
Casavo,Milan,Real Estate,Italy,2023-02-13,,.3000,Unknown,708,2023-02-13 17:48:59.0000000
Cashfree Payments,Bengaluru,Finance,India,2023-01-12,100,,Series B,41,2023-01-12 16:21:29.0000000
Casper,New York City,Retail,United States,2020-04-21,78,.2100,Post-IPO,339,2020-04-21 20:59:26.0000000
Casper,New York City,Retail,United States,2021-09-14,,,Post-IPO,339,2021-09-15 00:44:24.0000000
Castlight Health,SF Bay Area,Healthcare,United States,2020-05-04,,.1300,Post-IPO,184,2020-05-10 05:37:36.0000000
Catalant,Boston,Other,United States,2020-03-30,30,,Series E,110,2020-03-31 21:09:44.0000000
Catalyst,New York City,Support,United States,2022-07-21,,,Series B,45,2022-08-04 03:59:22.0000000
Catch,New York City,Finance,United States,2023-03-07,,1.0000,Series A,18,2023-03-07 15:43:50.0000000
Catch.com.au,Melbourne,Retail,Australia,2023-02-06,100,,Acquired,80,2023-02-14 15:11:50.0000000
Cazoo,London,Transportation,United Kingdom,2022-06-07,750,.1500,Post-IPO,2000,2022-06-07 15:27:46.0000000
Cazoo,London,Transportation,United Kingdom,2022-06-07,750,.1500,Post-IPO,2000,2022-09-09 01:46:48.0000000
Cazoo,London,Transportation,United Kingdom,2023-01-18,,,Post-IPO,2000,2023-01-19 17:05:33.0000000
Cedar,New York City,Healthcare,United States,2022-07-07,,.2400,Series D,351,2022-07-07 23:34:56.0000000
Cellulant,Nairobi,Finance,Kenya,2023-08-23,,.2000,Series C,54,2023-08-24 22:10:32.0000000
Celsius,New York City,Crypto,United States,2022-07-03,150,.2500,Series B,864,2022-07-04 15:15:12.0000000
Centr,Sydney,Fitness,Australia,2023-07-13,22,,Unknown,,2023-07-13 03:44:08.0000000
Century Therapeutics,Philadelphia,Healthcare,United States,2023-01-09,,,Post-IPO,560,2023-01-20 01:27:03.0000000
Cerebral,SF Bay Area,Healthcare,United States,2022-05-31,,,Series C,462,2022-06-03 21:00:17.0000000
Cerebral,SF Bay Area,Healthcare,United States,2022-10-24,400,.2000,Series C,462,2022-10-24 22:30:37.0000000
Cerebral,SF Bay Area,Healthcare,United States,2023-02-27,285,.1500,Series C,462,2023-02-27 23:41:29.0000000
Cerner,Kansas City,Healthcare,United States,2023-05-16,3000,.1100,Acquired,,2023-05-17 15:08:37.0000000
Cerner,Kansas City,Healthcare,United States,2023-06-15,,,Acquired,,2023-06-19 01:54:56.0000000
Certinia,SF Bay Area,Other,United States,2024-01-11,,,Unknown,194,2024-01-13 16:07:53.0000000
Chainalysis,New York City,Crypto,United States,2023-02-01,44,.0500,Series F,536,2023-02-02 03:13:20.0000000
Chainalysis,New York City,Crypto,United States,2023-10-02,150,.1500,Series F,536,2023-10-04 01:36:27.0000000
Change Invest,Amsterdam,Finance,Netherlands,2022-11-27,,.2400,Unknown,22,2023-01-23 16:52:39.0000000
Change.org,SF Bay Area,Other,United States,2022-07-28,,.1900,Series D,72,2022-07-29 06:13:10.0000000
Chargebee,SF Bay Area,Finance,United States,2022-11-02,142,.1000,Series H,468,2022-11-03 04:24:31.0000000
Chargebee,SF Bay Area,Finance,United States,2023-09-11,100,.1000,Series H,468,2023-09-11 15:33:14.0000000
ChargePoint,SF Bay Area,Manufacturing,United States,2023-09-08,,.1000,Unknown,1400,2023-09-08 16:04:49.0000000
ChargePoint,SF Bay Area,Manufacturing,United States,2024-01-10,,.1200,Unknown,1400,2024-01-12 04:35:52.0000000
Checkmarx,Tel Aviv,Security,Israel,2020-05-18,,,Acquired,92,2020-05-23 16:06:13.0000000
Checkmarx,Tel Aviv,Security,Israel,2022-11-02,100,.1000,Series C,92,2022-11-02 17:11:01.0000000
Checkout.com,London,Finance,United Kingdom,2022-09-13,100,.0500,Series D,1800,2022-09-14 03:25:07.0000000
Checkout.com,London,Finance,United Kingdom,2023-04-03,,,Series D,1800,2023-05-24 15:45:13.0000000
Checkout.com,London,Finance,United Kingdom,2023-12-18,80,,Series D,1800,2023-12-19 17:20:51.0000000
Checkr,SF Bay Area,HR,United States,2020-07-23,64,.1200,Series D,309,2020-07-24 15:51:15.0000000
Checkr,SF Bay Area,HR,United States,2024-04-09,382,.3200,Series D,679,2024-04-09 22:28:00.0000000
Cheddar,New York City,Media,United States,2020-04-24,,,Acquired,54,2020-04-30 21:55:36.0000000
Cheetah,SF Bay Area,Food,United States,2020-10-25,,,Series B,67,2020-11-04 17:54:10.0000000
Chef,Seattle,Infrastructure,United States,2020-10-08,,,Acquired,105,2020-10-16 19:54:28.0000000
Chegg,SF Bay Area,Education,United States,2023-06-12,80,.0400,Post-IPO,227,2023-06-14 03:50:39.0000000
Chessable,London,Consumer,United Kingdom,2022-07-04,29,,Acquired,0,2022-07-13 21:48:10.0000000
Chewy,Miami,Retail,United States,2023-11-14,200,,Post-IPO,451,2023-11-15 02:11:14.0000000
Chia Network,SF Bay Area,Crypto,United States,2023-10-02,26,.3700,Series D,70,2023-10-04 01:37:08.0000000
Chief,New York City,HR,United States,2024-01-11,,,Series B,140,2024-01-16 18:26:29.0000000
Chief,New York City,Other,United States,2023-04-27,43,.1400,Series B,140,2023-04-27 19:10:57.0000000
Chili Piper,New York City,Sales,United States,2022-11-17,58,,Series B,54,2022-11-17 21:34:39.0000000
Chime,SF Bay Area,Finance,United States,2022-11-02,156,.1200,Series G,2300,2022-11-02 17:29:00.0000000
Chingari,Bengaluru,Media,India,2023-06-19,48,.2000,Unknown,88,2023-06-20 02:56:18.0000000
Chingari,Bengaluru,Media,India,2023-08-24,,.5000,Unknown,88,2023-08-24 22:08:08.0000000
Chipax,Santiago,Finance,Chile,2022-11-11,,,Seed,2,2022-12-14 17:59:53.0000000
Chipper Cash,SF Bay Area,Finance,United States,2022-12-06,50,.1250,Series C,302,2022-12-07 02:37:02.0000000
Chipper Cash,SF Bay Area,Finance,United States,2023-02-17,100,.3300,Series C,302,2023-02-20 18:18:16.0000000
Chipper Cash,SF Bay Area,Finance,United States,2023-12-11,15,.3300,Series C,302,2023-12-11 18:37:34.0000000
Chipper Cash,SF Bay Area,Finance,United States,2024-03-15,20,,Series C,302,2024-03-17 16:38:41.0000000
Chope,Singapore,Food,Singapore,2022-12-20,65,.2400,Series E,50,2022-12-28 15:52:40.0000000
ChowNow,Los Angeles,Food,United States,2022-07-13,100,.2000,Series C,64,2022-07-13 20:18:14.0000000
ChowNow,Los Angeles,Food,United States,2022-12-14,40,.1000,Series C,64,2022-12-15 02:10:04.0000000
ChowNow,Los Angeles,Food,United States,2024-03-28,60,.2000,Series C,64,2024-03-28 18:19:09.0000000
Chrono24,Karlsruhe,Retail,Germany,2022-12-08,80,,Series C,205,2023-01-15 14:12:34.0000000
Chrono24,Karlsruhe,Retail,Germany,2023-01-30,65,.1300,Series C,205,2023-01-31 01:33:05.0000000
Cimpress,Paris,Retail,France,2023-03-23,500,,Post-IPO,300,2023-04-11 21:00:23.0000000
Cin7,Auckland,Retail,New Zealand,2023-04-04,,,Private Equity,,2023-04-05 16:25:17.0000000
CipherTrace,SF Bay Area,Crypto,United States,2020-04-09,,,Unknown,18,2020-04-30 16:17:28.0000000
Circ,Berlin,Transportation,Germany,2020-06-02,100,,Acquired,55,2020-06-03 23:27:10.0000000
Circle,Boston,Crypto,United States,2023-07-12,,,Private Equity,1100,2023-07-13 03:48:18.0000000
CircleCI,SF Bay Area,Product,United States,2022-12-07,,.1700,Series F,315,2022-12-07 21:47:26.0000000
CircleCI,SF Bay Area,Product,United States,2023-08-17,,,Series F,315,2023-08-18 15:13:18.0000000
CircleCI,SF Bay Area,Product,United States,2024-01-31,100,,Series F,315,2024-02-01 17:19:02.0000000
Circles.Life,Singapore,Marketing,Singapore,2023-07-06,,,Unknown,50,2023-07-07 17:05:34.0000000
CircleUp,SF Bay Area,Finance,United States,2022-07-13,,,Series C,53,2022-07-26 15:50:00.0000000
Circulo Health,Columbus,Healthcare,United States,2022-06-16,,.5000,Series A,50,2022-06-17 21:41:35.0000000
Circus Kitchens,Hamburg,Food,Germany,2023-05-25,35,,Seed,12,2023-05-26 04:22:22.0000000
Cisco,SF Bay Area,Infrastructure,United States,2022-11-16,4100,.0500,Post-IPO,2,2022-11-17 17:15:04.0000000
Cisco,SF Bay Area,Infrastructure,United States,2023-09-17,350,,Post-IPO,2,2023-09-20 21:11:53.0000000
Cisco,SF Bay Area,Infrastructure,United States,2024-02-14,4250,.0500,Post-IPO,2,2024-02-14 22:20:55.0000000
Citizen,New York City,Consumer,United States,2023-01-11,33,,Series C,133,2023-01-12 22:54:03.0000000
Citrine Informatics,SF Bay Area,Data,United States,2023-01-20,22,.2700,Series C,64,2023-01-21 01:03:54.0000000
Citrix,Miami,Infrastructure,United States,2023-01-10,,.1500,Acquired,20,2023-01-11 01:01:23.0000000
Citrix,Miami,Infrastructure,United States,2024-01-10,1000,.1200,Acquired,20,2024-01-11 00:52:14.0000000
Cityblock Health,New York City,Healthcare,United States,2023-06-08,155,.1200,Series D,891,2023-06-08 17:24:06.0000000
CityMall,Gurugram,Retail,India,2022-06-19,191,.3000,Series C,112,2022-06-19 18:38:54.0000000
CityMall,Gurugram,Retail,India,2023-10-16,90,,Series C,112,2023-10-17 14:13:23.0000000
Claravine,Salt Lake City,Marketing,United States,2020-03-31,,,Seed,4,2020-04-07 15:11:03.0000000
Clari,SF Bay Area,Sales,United States,2022-08-31,45,,Series F,496,2022-09-02 23:31:03.0000000
Clari,SF Bay Area,Sales,United States,2023-02-06,20,,Series F,496,2023-02-07 04:01:20.0000000
Clarify Health,SF Bay Area,Healthcare,United States,2022-07-22,15,.0500,Series D,328,2022-07-22 19:22:45.0000000
Classkick,Chicago,Education,United States,2022-08-01,,,Seed,1,2022-08-10 04:13:31.0000000
ClassPass,New York City,Fitness,United States,2020-04-02,154,.2200,Series E,549,2020-04-02 22:29:06.0000000
Clear,Bengaluru,Finance,India,2022-09-16,190,.2000,Series C,140,2022-09-17 14:32:04.0000000
Clear Capital,Reno,Real Estate,United States,2022-10-14,378,.2700,Unknown,,2022-10-15 19:27:22.0000000
Clear Capital,Reno,Real Estate,United States,2023-01-25,250,.2500,Unknown,,2023-01-26 01:58:01.0000000
Clearbanc,Toronto,Finance,Canada,2020-04-13,17,.0800,Series B,119,2020-04-13 21:21:43.0000000
Clearbit,SF Bay Area,Data,United States,2020-04-22,,,Series A,17,2020-04-25 05:27:20.0000000
Clearbit,SF Bay Area,Sales,United States,2023-05-18,,,Series A,17,2023-05-18 16:31:56.0000000
Clearco,Dublin,Finance,Ireland,2022-06-06,,,Series C,681,2022-08-05 19:25:03.0000000
Clearco,Toronto,Finance,Canada,2022-06-06,60,,Series C,681,2022-08-30 22:47:26.0000000
Clearco,Toronto,Finance,Canada,2022-07-29,125,.2500,Series C,681,2022-07-29 16:04:33.0000000
ClearCo,Toronto,Finance,Canada,2023-01-16,50,.3000,Series C,698,2023-01-16 16:50:29.0000000
Clearcover,Chicago,Finance,United States,2023-04-17,81,.1500,Series D,304,2023-04-25 22:57:09.0000000
Clearcover,Chicago,Finance,United States,2023-09-01,,.2800,Series D,304,2023-09-01 23:38:09.0000000
ClearPay,Manchester,Finance,United Kingdom,2023-06-27,,,Acquired,85,2023-07-06 15:24:16.0000000
Clever Real Estate,St. Louis,Real Estate,United States,2020-03-25,,,Series A,5,2020-04-08 05:48:08.0000000
Clever Real Estate,St. Louis,Real Estate,United States,2022-10-19,,,Series B,13,2022-10-20 23:19:32.0000000
CleverTap,Mumbai,Marketing,India,2020-04-16,60,.2000,Series C,76,2020-04-21 15:07:21.0000000
ClickUp,San Diego,Other,United States,2022-05-23,60,.0700,Series C,537,2022-05-25 03:21:27.0000000
ClickUp,San Diego,Other,United States,2023-06-28,90,.1000,Series C,537,2023-07-04 23:29:24.0000000
Clinc,Ann Arbor,Support,United States,2020-04-09,40,.3200,Series B,59,2020-04-02 21:11:13.0000000
Clockwork,Dallas,Crypto,United States,2023-08-28,,1.0000,Seed,4,2023-08-28 23:05:00.0000000
Cloudera,SF Bay Area,Infrastructure,United States,2020-05-05,,,Post-IPO,1000,2020-05-07 14:04:14.0000000
CloudFactory,Nairobi,Data,Kenya,2022-11-09,,.1200,Private Equity,78,2022-11-20 00:10:45.0000000
Cloudflare,SF Bay Area,Security,United States,2024-01-11,40,,Post-IPO,332,2024-02-02 16:27:15.0000000
Cloudinary,SF Bay Area,Media,United States,2022-11-14,40,.0800,Unknown,100,2022-11-17 04:25:33.0000000
CloudKitchens,Los Angeles,Real Estate,United States,2022-11-03,,,Unknown,1300,2022-11-04 21:23:07.0000000
CloudKitchens,Los Angeles,Real Estate,United States,2023-11-08,,,Unknown,1300,2023-11-09 04:17:58.0000000
CloudTrucks,SF Bay Area,Logistics,United States,2023-06-01,,,Series B,141,2023-06-02 12:43:37.0000000
Clubhouse,SF Bay Area,Consumer,United States,2022-06-03,,,Series C,110,2022-06-04 02:38:08.0000000
Clubhouse,SF Bay Area,Consumer,United States,2023-04-27,,.5000,Series C,110,2023-04-27 20:17:05.0000000
Clue,Berlin,Healthcare,Germany,2023-01-18,31,.3100,Unknown,47,2023-01-18 19:56:21.0000000
Clumio,SF Bay Area,Data,United States,2021-03-01,,,Series C,186,2021-03-04 03:49:37.0000000
Clutch,Toronto,Transportation,Canada,2022-06-29,76,.2200,Series B,153,2022-06-30 02:52:24.0000000
Clutch,Toronto,Transportation,Canada,2023-01-17,150,,Unknown,253,2023-01-18 02:16:50.0000000
Clutter,Los Angeles,Consumer,United States,2020-03-25,,.3000,Series D,296,2020-03-30 14:07:32.0000000
Clyde,New York City,Marketing,United States,2022-04-25,22,,Series B,58,2022-05-11 03:08:18.0000000
CNET,SF Bay Area,Media,United States,2023-03-02,12,.1000,Acquired,20,2023-03-04 03:57:42.0000000
CoachHub,Berlin,HR,Germany,2023-01-24,,.1000,Series C,332,2023-01-24 22:59:46.0000000
CoachHub,Berlin,HR,Germany,2023-06-01,,.1000,Series C,332,2023-06-04 15:13:48.0000000
Coda,SF Bay Area,Other,United States,2023-01-18,,,Series D,240,2023-02-16 15:41:58.0000000
Code42,Minneapolis,Data,United States,2020-04-09,25,.0500,Series B,137.5,2020-09-08 17:47:34.0000000
Code42,Minneapolis,Security,United States,2022-11-07,,.1500,Unknown,137,2022-11-08 04:35:50.0000000
Code42,Minneapolis,Security,United States,2023-07-17,,,Unknown,137,2023-07-17 22:38:28.0000000
CodeClan,Edinburgh,Education,United Kingdom,2023-08-04,57,1.0000,Seed,,2023-08-08 02:58:34.0000000
CodeCombat,SF Bay Area,Education,United States,2020-10-23,8,,Series A,8,2020-10-23 16:33:07.0000000
CodeSee,SF Bay Area,Data,United States,2024-02-15,,1.0000,Seed,10,2024-02-15 19:34:43.0000000
Codexis,SF Bay Area,Healthcare,United States,2022-11-29,,.1800,Post-IPO,162,2022-11-30 06:17:39.0000000
Coding Dojo,Seattle,Education,United States,2020-04-02,7,.0700,Unknown,2,2020-04-12 21:17:03.0000000
Cogito,Boston,Support,United States,2020-04-06,24,.1400,Series C,92,2020-04-06 22:01:47.0000000
Cogito,New Delhi,Data,India,2023-04-29,177,,Unknown,,2023-05-01 14:36:18.0000000
Cognyte,Tel Aviv,Security,Israel,2022-12-02,100,.0500,Unknown,,2022-12-04 23:02:11.0000000
Coherent,SF Bay Area,Manufacturing,United States,2023-03-16,108,,Post-IPO,,2023-03-17 04:11:53.0000000
Coherent,SF Bay Area,Manufacturing,United States,2023-06-06,196,,Post-IPO,,2023-06-08 17:22:21.0000000
Cohesity,SF Bay Area,Data,United States,2020-04-30,,,Series E,660,2020-05-01 20:57:58.0000000
Cohesity,SF Bay Area,Data,United States,2023-06-08,,,Series E,805,2023-06-09 22:58:35.0000000
Coinbase,SF Bay Area,Crypto,United States,2022-06-14,1100,.1800,Post-IPO,549,2022-06-14 14:26:40.0000000
Coinbase,SF Bay Area,Crypto,United States,2022-11-10,60,,Post-IPO,549,2022-11-10 19:40:04.0000000
Coinbase,SF Bay Area,Crypto,United States,2023-01-10,950,.2000,Post-IPO,549,2023-01-10 14:52:00.0000000
CoinDCX,Mumbai,Crypto,India,2023-01-11,80,,Series D,244,2023-01-12 15:36:04.0000000
CoinDCX,Mumbai,Crypto,India,2023-08-22,,.1200,Series D,247,2023-08-23 00:01:37.0000000
CoinDesk,New York City,Crypto,United States,2023-08-14,,,Acquired,,2023-08-15 00:09:53.0000000
CoinFLEX,Victoria,Crypto,Seychelles,2022-07-29,,,Unknown,11,2022-07-29 16:07:59.0000000
CoinJar,Melbourne,Crypto,Australia,2022-11-29,10,.2000,Unknown,1,2022-11-30 06:20:29.0000000
Coinsquare,Toronto,Crypto,Canada,2022-07-27,30,.2400,Unknown,98,2022-07-30 14:35:42.0000000
CoinSwitch,Bengaluru,Crypto,India,2023-08-28,44,,Series C,301,2023-08-28 20:17:49.0000000
CoinTracker,SF Bay Area,Crypto,United States,2023-01-28,19,,Series A,101,2023-01-28 15:10:18.0000000
CoLab,Sydney,Food,Australia,2023-04-18,,1.0000,Seed,3,2023-04-20 15:57:59.0000000
Collage.com,Detroit,Retail,United States,2022-10-09,,1.0000,Acquired,,2023-04-03 03:46:28.0000000
Collective Health,SF Bay Area,Healthcare,United States,2023-02-13,54,,Series F,719,2023-02-15 02:06:32.0000000
Collibra,Brussels,Data,Belgium,2022-10-19,,,Series G,596,2022-11-03 14:52:32.0000000
Color Health,SF Bay Area,Healthcare,United States,2023-03-01,300,,Series E,482,2023-03-03 22:55:15.0000000
Colossus,Boston,Energy,United States,2022-05-04,97,,Series A,41,2022-05-12 01:16:08.0000000
CommentSold,Huntsville,Retail,United States,2022-06-29,,,Unknown,,2022-07-06 04:27:21.0000000
CommerceHub,Albany,Retail,United States,2023-02-14,371,.3100,Acquired,,2023-02-15 00:49:11.0000000
CommonBond,New York City,Finance,United States,2022-05-13,22,,Series D,130,2022-05-25 20:55:18.0000000
CommonBond,New York City,Finance,United States,2022-09-09,,1.0000,Series D,125,2022-09-11 03:27:20.0000000
Community,Los Angeles,Marketing,United States,2022-06-21,40,.3000,Unknown,40,2022-06-22 03:44:30.0000000
Community Gaming,New York City,Crypto,United States,2023-04-14,17,.1700,Series A,18,2023-04-17 00:38:52.0000000
Commure,SF Bay Area,Healthcare,United States,2023-11-09,,,Unknown,1900,2023-12-20 21:37:48.0000000
Comparis,Zurich,Finance,Switzerland,2023-03-02,,.1000,Unknown,,2023-03-08 15:37:14.0000000
Compass,New York City,Real Estate,United States,2020-03-23,375,.1500,Series G,1600,2020-03-28 20:52:49.0000000
Compass,New York City,Real Estate,United States,2022-06-14,450,.1000,Post-IPO,1600,2022-06-14 16:41:15.0000000
Compass,New York City,Real Estate,United States,2022-09-20,271,,Post-IPO,1600,2022-09-21 04:05:36.0000000
Compass,New York City,Real Estate,United States,2023-01-05,,,Post-IPO,1600,2023-01-05 16:47:39.0000000
Compete,Tel Aviv,HR,Israel,2022-09-12,11,.2800,Series A,17,2022-09-13 23:26:46.0000000
ComplYant,Los Angeles,Finance,United States,2024-04-29,,1.0000,Seed,6,2024-04-30 15:01:15.0000000
Confluent,SF Bay Area,Data,United States,2023-01-26,221,.0800,Post-IPO,455,2023-01-26 16:16:20.0000000
Conga,Denver,Data,United States,2020-06-15,,.1100,Acquired,117,2020-06-23 15:02:23.0000000
Connected,Toronto,Product,Canada,2020-04-08,17,.1000,Unknown,,2020-04-11 06:09:33.0000000
ConnectedH,Gurugram,Healthcare,India,2023-08-02,,1.0000,Seed,2,2023-08-03 03:35:57.0000000
ConnectRN,Boston,Healthcare,United States,2023-07-06,,,Unknown,160,2023-07-06 15:21:33.0000000
ConnectWise,Tampa Bay,Other,United States,2024-04-17,,,Acquired,1,2024-04-18 04:55:11.0000000
ConsenSys,New York City,Crypto,United States,2020-04-20,91,.1400,Unknown,10,2020-04-21 01:48:53.0000000
ConsenSys,New York City,Crypto,United States,2023-01-10,100,.1100,Series D,726,2023-01-10 23:53:20.0000000
Consider.co,SF Bay Area,Other,United States,2020-03-26,13,1.0000,Seed,5,2020-03-28 20:52:49.0000000
ContaAzul,Joinville,Education,Brazil,2020-04-17,140,.3500,Series D,37,2020-04-27 21:59:27.0000000
Contentful,Berlin,Marketing,Germany,2023-12-05,,,Series F,350,2023-12-07 19:16:59.0000000
ContraFect,New York City,Healthcare,United States,2022-08-15,16,.3700,Post-IPO,380,2022-08-16 03:52:21.0000000
Convene,New York City,Real Estate,United States,2020-03-23,150,.1800,Series D,280,2020-03-28 20:52:49.0000000
Convene,New York City,Real Estate,United States,2022-12-10,,,Unknown,281,2022-12-13 20:05:53.0000000
Convoy,Atlanta,Logistics,United States,2023-02-16,,,Series E,1100,2023-02-16 17:52:48.0000000
Convoy,Seattle,Logistics,United States,2020-04-23,,.0100,Series D,665,2020-04-30 21:39:58.0000000
Convoy,Seattle,Logistics,United States,2022-06-09,90,.0700,Series E,1100,2022-06-10 04:13:41.0000000
Convoy,Seattle,Logistics,United States,2022-10-25,,,Series E,1100,2022-10-25 15:13:12.0000000
Convoy,Seattle,Logistics,United States,2023-06-26,30,.0500,Series E,1100,2023-06-27 15:54:27.0000000
Convoy,Seattle,Logistics,United States,2023-10-19,500,1.0000,Series E,1100,2023-10-19 00:45:08.0000000
Cookpad,Tokyo,Consumer,Japan,2023-03-10,80,,Unknown,,2023-03-15 15:37:11.0000000
Copia,Nairobi,Retail,Kenya,2023-07-26,350,.2500,Series C,103,2023-07-26 23:10:21.0000000
Copper,London,Crypto,United Kingdom,2023-03-22,,.1500,Series C,281,2023-07-05 00:18:45.0000000
Copper,SF Bay Area,Marketing,United States,2020-04-02,35,,Series C,102,2020-04-07 00:53:19.0000000
Core Scientific,Austin,Crypto,United States,2022-08-12,,.1000,Post-IPO,169,2022-08-12 17:56:35.0000000
Cornershop,Santiago,Food,Chile,2023-05-11,250,.1100,Acquired,31,2023-05-12 14:46:24.0000000
Cornershop,Santiago,Food,Chile,2024-04-10,200,,Acquired,32,2024-04-12 16:11:49.0000000
CoRover,Bengaluru,AI,India,2024-04-03,,,Unknown,,2024-04-04 16:11:12.0000000
Corvus Insurance,Boston,Finance,United States,2023-01-24,,.1400,Series C,160,2023-01-25 14:58:21.0000000
CoSchedule,Bismarck,Marketing,United States,2023-01-13,,,Unknown,2,2023-01-14 17:26:28.0000000
Cosuno,Berlin,Construction,Germany,2022-07-14,,,Series B,45,2022-07-16 13:59:41.0000000
Coterie Insurance,Cincinnati,Finance,United States,2022-05-25,30,.2000,Series B,70,2022-05-27 03:49:06.0000000
Coupa,SF Bay Area,Finance,United States,2023-05-30,,,Acquired,219,2023-06-01 04:46:29.0000000
Course Hero,SF Bay Area,Education,United States,2023-03-16,42,.1500,Series C,477,2023-03-16 21:24:48.0000000
Course Hero,SF Bay Area,Education,United States,2023-12-05,,.2500,Series C,477,2023-12-08 17:50:24.0000000
Coursera,SF Bay Area,Education,United States,2022-11-09,,,Post-IPO,458,2022-11-10 01:02:29.0000000
Cova,Lagos,Finance,Nigeria,2024-01-25,,1.0000,Unknown,,2024-01-26 14:43:27.0000000
CoverMyMeds,Columbus,Healthcare,United States,2023-03-29,800,,Acquired,5,2023-03-29 23:07:03.0000000
Cowbell,SF Bay Area,Finance,United States,2023-09-29,28,.1200,Series B,123,2023-10-02 16:10:59.0000000
Crayon,Boston,Marketing,United States,2020-04-01,20,.2000,Series A,16,2020-04-07 13:57:52.0000000
CreateMe,SF Bay Area,Manufacturing,United States,2023-01-06,,,Unknown,,2023-01-09 05:09:07.0000000
Credit Sesame,SF Bay Area,Finance,United States,2020-06-03,22,.1400,Series F,120,2020-06-04 17:45:27.0000000
Creditas,Sao Paulo,Finance,Brazil,2020-04-08,,.0600,Series D,314,2020-04-12 06:39:41.0000000
Crehana,Lima,Education,Peru,2022-06-15,,,Series B,93,2022-06-22 04:05:22.0000000
Crejo.Fun,Bengaluru,Education,India,2022-06-30,170,1.0000,Seed,3,2022-07-01 04:10:53.0000000
Criteo,Paris,Marketing,France,2023-02-21,,,Post-IPO,61,2023-02-21 19:10:52.0000000
Criteo,Paris,Marketing,France,2024-04-12,140,.0400,Post-IPO,61,2024-04-12 16:10:20.0000000
Crossbeam,Philadelphia,Sales,United States,2023-03-30,17,.1500,Series C,116,2023-06-01 04:47:53.0000000
CrowdRiff,Toronto,Marketing,Canada,2020-04-16,,,Series A,11,2020-04-27 04:11:07.0000000
CrowdStreet,Portland,Real Estate,United States,2020-06-01,24,.2200,Series C,24,2020-06-02 03:55:41.0000000
Cruise,SF Bay Area,Transportation,United States,2020-05-14,150,.0800,Acquired,5300,2020-05-14 19:22:15.0000000
Cruise,SF Bay Area,Transportation,United States,2023-12-14,900,.2400,Acquired,15000,2023-12-14 16:08:46.0000000
Crunchbase,SF Bay Area,Sales,United States,2023-07-06,,,Series D,106,2023-07-08 20:49:52.0000000
Crunchyroll,Tokyo,Media,Japan,2023-02-21,85,,Unknown,26,2023-02-22 15:16:43.0000000
Crypto.com,Singapore,Crypto,Singapore,2022-06-10,260,.0500,Unknown,156,2022-06-11 16:06:48.0000000
Crypto.com,Singapore,Crypto,Singapore,2022-08-16,,,Unknown,156,2022-08-16 19:47:06.0000000
Crypto.com,Singapore,Crypto,Singapore,2022-10-06,2000,.3000,Unknown,156,2022-10-07 23:31:49.0000000
Crypto.com,Singapore,Crypto,United States,2023-01-12,,.2000,Unknown,,2023-01-13 14:48:33.0000000
CS Disco,Austin,Legal,United States,2023-01-19,62,.0900,Post-IPO,233,2023-01-21 00:54:13.0000000
CS Disco,Austin,Legal,United States,2023-05-11,,.0800,Post-IPO,233,2023-05-12 14:50:17.0000000
CTO.ai,Vancouver,Infrastructure,Canada,2020-03-20,30,.5000,Seed,7,2020-04-02 04:13:56.0000000
Cue,San Diego,Healthcare,United States,2022-06-27,170,,Post-IPO,999,2022-06-27 23:55:59.0000000
Cue,San Diego,Healthcare,United States,2023-01-05,388,,Post-IPO,999,2023-01-06 23:12:01.0000000
Cue Health,San Diego,Healthcare,United States,2023-04-28,326,.3000,Post-IPO,899,2023-05-01 23:57:54.0000000
Cue Health,San Diego,Healthcare,United States,2024-01-05,94,.1300,Post-IPO,899,2024-01-07 04:52:09.0000000
Cue Health,San Diego,Healthcare,United States,2024-02-02,245,.3000,Post-IPO,899,2024-02-05 05:01:23.0000000
Cue Health,San Diego,Healthcare,United States,2024-05-03,230,.4900,Post-IPO,899,2024-05-04 04:15:27.0000000
Cue Health,San Diego,Healthcare,United States,2024-05-22,180,1.0000,Post-IPO,899,2024-05-23 04:11:46.0000000
Cuemath,Bengaluru,Education,India,2023-05-08,100,,Unknown,121,2023-05-08 15:16:37.0000000
Cuemath,Bengaluru,Education,India,2023-08-26,100,,Unknown,121,2023-08-27 02:37:50.0000000
Cult.fit,Bengaluru,Fitness,India,2024-01-24,100,,Series F,635,2024-04-12 02:09:31.0000000
Culture Amp,Melbourne,HR,Australia,2020-05-28,36,.0800,Series E,157,2020-05-28 22:38:43.0000000
Culture Amp,Melbourne,HR,Australia,2023-04-18,90,.0900,Series F,257,2023-04-19 00:21:55.0000000
Culture Trip,London,Media,United Kingdom,2020-05-01,95,.3200,Series B,102,2020-05-01 21:01:44.0000000
Curalie,Berlin,Healthcare,Germany,2023-12-14,,1.0000,Unknown,,2024-01-02 03:47:04.0000000
Curative,Los Angeles,Healthcare,United States,2022-09-20,109,,Seed,8,2022-09-21 04:12:37.0000000
Curbio,Washington D.C.,Real Estate,United States,2023-12-14,,,Series B,76,2023-12-15 01:38:22.0000000
Cure.fit,Bengaluru,Fitness,India,2024-01-23,120,,Series F,625,2024-01-23 19:46:53.0000000
Curefit,Bengaluru,Fitness,India,2020-05-04,800,.1600,Series D,404,2020-05-04 14:34:30.0000000
Curefit,Bengaluru,Fitness,India,2020-07-17,120,,Series D,404.60000610351563,2020-07-17 22:01:22.0000000
Curology,SF Bay Area,Healthcare,United States,2022-03-16,150,,Series D,19,2022-03-18 02:55:37.0000000
Currency,Los Angeles,Finance,United States,2020-04-01,,,Unknown,,2020-04-05 22:25:14.0000000
Curve,London,Finance,United Kingdom,2022-06-01,65,.1000,Series C,182,2022-06-02 18:07:38.0000000
Cuyana,SF Bay Area,Retail,United States,2020-03-30,,,Series C,31,2020-04-10 22:15:32.0000000
Cvent,Washington D.C.,Marketing,United States,2020-05-21,400,.1000,Acquired,146,2020-05-22 15:16:07.0000000
CyberCube,SF Bay Area,Finance,United States,2022-06-07,,,Series B,35,2022-06-19 17:14:49.0000000
Cybereason,Boston,Security,United States,2022-06-01,100,.0600,Series F,750,2022-06-01 15:45:50.0000000
Cybereason,Boston,Security,United States,2022-10-26,200,.1700,Series F,750,2022-10-26 15:10:46.0000000
Cybereason,Boston,Security,United States,2024-03-20,,,Series F,750,2024-03-20 18:27:29.0000000
CyberGRX,Denver,Security,United States,2023-07-12,,,Acquired,99,2023-07-13 03:40:42.0000000
CyCognito,SF Bay Area,Security,United States,2022-12-08,30,.1500,Series C,153,2022-12-09 05:03:17.0000000
Cypress.io,Atlanta,Product,United States,2023-01-18,,,Series B,54,2023-01-20 01:04:31.0000000
Cyren,Washington D.C.,Security,United States,2023-02-01,121,,Post-IPO,161,2023-02-02 15:52:39.0000000
Cyteir Therapeutics,Boston,Healthcare,United States,2023-01-20,,.7000,Series C,156,2023-01-21 01:02:28.0000000
D2iQ,SF Bay Area,Infrastructure,United States,2020-04-03,34,.1300,Series D,247,2020-04-22 23:02:23.0000000
D2iQ,SF Bay Area,Infrastructure,United States,2023-12-08,,1.0000,Series D,247,2023-12-10 03:31:43.0000000
D2L,Waterloo,Education,Canada,2022-11-16,,.0500,Post-IPO,168,2022-11-17 02:45:04.0000000
Daily Harvest,New York City,Food,United States,2022-02-10,60,.2000,Series D,120,2023-02-10 23:53:09.0000000
Daily Harvest,New York City,Food,United States,2022-08-08,,.1500,Series D,120,2022-08-10 23:08:28.0000000
DailyPay,New York City,Finance,United States,2022-08-09,,.1500,Unknown,814,2022-08-10 22:41:23.0000000
Daloopa,New Delhi,Data,India,2022-05-27,40,,Series A,23,2022-06-02 03:23:54.0000000
Dance,Berlin,Transportation,Germany,2022-11-16,,.1600,Unknown,63,2022-11-17 04:18:04.0000000
Daniel Wellington,Stockholm,Retail,Sweden,2022-06-09,200,.1500,Unknown,,2022-07-25 04:27:46.0000000
Dapper Labs,Vancouver,Crypto,Canada,2023-07-12,51,,Unknown,,2023-07-13 03:46:15.0000000
Dapper Labs,Vancouver,Crypto,United States,2022-11-02,134,.2200,Series D,607,2022-11-03 04:18:43.0000000
Dapper Labs,Vancouver,Crypto,United States,2023-02-23,,.2000,Series D,607,2023-02-23 22:37:31.0000000
Daraz,Singapore,Retail,Singapore,2023-02-06,,.1100,Unknown,,2023-02-06 19:08:37.0000000
Daraz,Singapore,Retail,Singapore,2024-02-26,,,Unknown,,2024-02-29 23:33:22.0000000
Dare,London,Energy,United Kingdom,2023-10-03,,,Unknown,,2023-10-08 03:20:29.0000000
Dark,SF Bay Area,Product,United States,2020-06-23,6,1.0000,Seed,3,2020-06-29 14:46:47.0000000
Dash,New York City,Finance,United States,2023-10-06,,1.0000,Unknown,86,2023-10-08 03:23:55.0000000
Dastgyr,Karachi,Retail,Pakistan,2024-01-12,,.8000,Series A,41,2024-01-18 01:33:31.0000000
Datagen,Tel Aviv,AI,Israel,2023-08-22,,,Series B,72,2023-08-23 23:25:53.0000000
Dataminr,New York City,AI,United States,2023-11-28,150,.2000,Series F,1100,2023-11-28 18:25:23.0000000
DataRails,Tel Aviv,Finance,Israel,2022-12-05,30,.1800,Series B,103,2022-12-06 00:41:03.0000000
DataRobot,Boston,Data,United States,2020-03-27,200,,Series E,430,2020-03-28 20:52:49.0000000
DataRobot,Boston,Data,United States,2022-05-11,70,.0700,Series G,1000,2022-05-11 17:48:05.0000000
DataRobot,Boston,Data,United States,2022-08-08,,,Series G,1000,2022-08-11 13:29:09.0000000
DataRobot,Boston,Data,United States,2022-08-23,,.2600,Series G,1000,2022-08-23 20:03:33.0000000
DataStax,SF Bay Area,Data,United States,2020-04-14,15,,Series E,190,2020-04-15 23:55:23.0000000
Datera,SF Bay Area,Infrastructure,United States,2020-05-18,,.1000,Series C,63,2020-05-18 22:01:52.0000000
Datree,SF Bay Area,Other,United States,2023-07-27,,1.0000,Seed,11,2023-07-30 23:12:26.0000000
Datto,Norwalk,Infrastructure,United States,2020-05-12,,,Acquired,100,2020-05-13 17:06:11.0000000
Daylight,Los Angeles,Finance,United States,2023-05-22,,1.0000,Series A,20,2023-10-26 17:48:29.0000000
DayTwo,SF Bay Area,Healthcare,United States,2022-09-15,,,Series B,90,2022-09-16 03:07:12.0000000
DayTwo,SF Bay Area,Healthcare,United States,2023-07-06,,,Series B,90,2023-07-07 03:01:36.0000000
Dazn,London,Consumer,United Kingdom,2022-05-26,50,.0200,Unknown,,2022-06-11 04:02:04.0000000
dbt Labs,Philadelphia,Data,United States,2023-05-18,,.1500,Series D,414,2023-05-18 21:47:31.0000000
Deadspin,New York City,Media,United States,2024-03-11,11,1.0000,Acquired,,2024-03-11 23:27:04.0000000
DealShare,Bengaluru,Retail,India,2023-01-27,100,.0600,Series E,390,2023-01-27 14:27:54.0000000
DealShare,Bengaluru,Retail,India,2023-09-21,130,,Series E,390,2023-09-24 17:29:32.0000000
Dealtale,Tel Aviv,Sales,United States,2023-08-09,70,1.0000,Acquired,2,2023-08-11 15:04:56.0000000
Decent,SF Bay Area,Healthcare,United States,2023-01-27,,,Series A,18,2023-01-28 21:07:47.0000000
Deep Instict,New York City,Security,United States,2023-07-25,46,.1500,Unknown,322,2023-07-26 23:14:00.0000000
Deep Instinct,New York City,Security,United States,2022-06-06,,.1000,Series D,259,2022-06-09 03:18:48.0000000
Deepgram,SF Bay Area,AI,United States,2023-10-11,20,.2000,Series B,86,2023-10-12 15:20:13.0000000
DeepVerge,Dublin,Healthcare,Ireland,2023-07-12,50,1.0000,Post-IPO,20,2023-07-13 18:27:43.0000000
Deepwatch,Tampa Bay,Security,United States,2023-07-13,30,.0700,Series C,256,2023-07-14 03:26:00.0000000
Defined.ai,Seattle,Data,United States,2022-02-07,,,Series B,78,2022-07-07 15:43:05.0000000
Definitive Healthcare,Boston,Healthcare,United States,2023-01-12,55,.0600,Post-IPO,,2023-01-13 01:55:52.0000000
Degreed,SF Bay Area,Education,United States,2022-06-29,,.1500,Series D,411,2022-06-29 21:58:48.0000000
Degreed,SF Bay Area,Education,United States,2023-07-27,,,Unknown,463,2023-07-27 23:55:39.0000000
DeHaat,Gurugram,Food,India,2022-08-01,,,Series D,194,2022-08-02 03:37:18.0000000
DeHaat,Patna,Food,India,2023-01-15,,.0500,Series E,254,2023-01-16 16:45:44.0000000
Deliv,SF Bay Area,Retail,United States,2020-05-13,669,1.0000,Series C,80,2020-05-07 23:15:15.0000000
Deliveroo,London,Food,United Kingdom,2020-04-28,367,.1500,Series G,1500,2020-04-28 17:46:56.0000000
Deliveroo,London,Food,United Kingdom,2023-02-09,350,.0900,Post-IPO,1700,2023-02-09 16:21:49.0000000
Deliveroo Australia,Melbourne,Food,Australia,2022-11-15,120,1.0000,Post-IPO,1700,2022-11-17 17:09:00.0000000
Delivery Hero,Berlin,Food,Germany,2021-12-22,300,,Post-IPO,8300,2021-12-30 21:33:38.0000000
Delivery Hero,Berlin,Food,Germany,2022-11-03,100,,Post-IPO,8300,2022-11-05 03:40:05.0000000
Delivery Hero,Berlin,Food,Germany,2023-01-30,156,.0400,Post-IPO,9900,2023-01-31 01:27:08.0000000
Delivery Hero,Berlin,Food,Germany,2023-12-18,,,Post-IPO,9900,2023-12-18 18:41:12.0000000
Dell,Austin,Hardware,United States,2023-02-06,6650,.0500,Post-IPO,,2023-02-06 15:48:37.0000000
Dell,Austin,Hardware,United States,2023-08-07,,,Post-IPO,,2023-08-08 02:57:54.0000000
Dell,Austin,Hardware,United States,2024-03-25,6000,.0500,Post-IPO,,2024-03-27 15:44:20.0000000
Demandbase,SF Bay Area,Sales,United States,2022-09-07,27,.0300,Series H,143,2022-09-09 01:47:34.0000000
Deputy,Sydney,HR,Australia,2020-05-04,60,.3000,Series B,106,2020-05-18 14:26:39.0000000
Descartes Labs,Santa Fe,Data,United States,2020-06-02,12,.1600,Series B,58,2020-06-03 23:25:29.0000000
Desktop Metal,Boston,Other,United States,2020-04-28,,,Series E,436,2020-04-29 00:27:50.0000000
Desktop Metal,Boston,Other,United States,2022-06-13,,.1200,Post-IPO,811,2022-06-13 16:23:46.0000000
Desktop Metal,Boston,Other,United States,2023-02-02,,,Post-IPO,811,2023-02-03 03:39:57.0000000
Desktop Metal,Boston,Other,United States,2024-01-24,,.2000,Post-IPO,811,2024-01-25 19:05:12.0000000
Detectify,Stockholm,Security,Sweden,2022-12-07,,,Unknown,42,2023-10-23 02:27:51.0000000
Detectify,Stockholm,Security,Sweden,2023-08-18,30,,Unknown,42,2023-10-23 02:26:52.0000000
Devo,Boston,Security,United States,2022-11-21,,.1500,Series F,481,2022-12-13 20:08:51.0000000
Dextrous Robotics,Memphis,Logistics,United States,2024-01-11,,1.0000,Unknown,,2024-01-12 15:39:34.0000000
DHI Group,New York City,Recruiting,United States,2023-05-26,53,.1000,Post-IPO,,2023-06-06 15:15:42.0000000
DialSource,Sacramento,Marketing,United States,2020-03-31,5,.1400,Series B,26,2020-04-07 17:25:45.0000000
DICE,London,Consumer,United Kingdom,2023-08-02,,,Series C,135,2023-08-04 04:11:38.0000000
Digimarc,Portland,Other,United States,2023-02-17,,,Post-IPO,105,2023-02-24 05:05:16.0000000
Digital Currency Gruop,Stamford,Crypto,United States,2022-11-02,10,.1300,Unknown,,2022-11-03 05:00:29.0000000
Digital Surge,Brisbane,Crypto,Australia,2022-12-09,,1.0000,Unknown,,2022-12-11 06:09:24.0000000
DigitalOcean,New York City,Infrastructure,United States,2023-02-15,200,.1100,Post-IPO,491,2023-02-15 22:55:04.0000000
DISCO,Austin,Legal,United States,2020-03-27,75,,Series E,133,2020-03-28 20:52:49.0000000
Discord,SF Bay Area,Consumer,United States,2023-08-03,37,.0400,Series H,995,2023-08-04 04:06:29.0000000
Discord,SF Bay Area,Consumer,United States,2024-01-11,170,.1700,Series H,995,2024-01-11 19:12:13.0000000
Dispatch,Boston,Other,United States,2020-04-17,,.3800,Series A,18,2020-04-19 04:36:43.0000000
DispatchHealth,Denver,Healthcare,United States,2024-01-29,88,,Series E,733,2024-01-30 05:10:20.0000000
Divergent 3D,Los Angeles,Transportation,United States,2020-04-24,57,.3600,Series B,88,2020-04-24 21:48:15.0000000
Divvy,Salt Lake City,Finance,United States,2020-05-19,,,Series C,252,2020-05-19 21:58:16.0000000
Divvy Homes,SF Bay Area,Real Estate,United States,2020-03-25,,.0800,Series B,180,2020-03-30 14:10:44.0000000
Divvy Homes,SF Bay Area,Real Estate,United States,2022-09-27,40,.1200,Series B,180,2022-09-28 03:00:21.0000000
Divvy Homes,SF Bay Area,Real Estate,United States,2023-02-15,,,Series B,180,2023-02-16 20:55:49.0000000
Divvy Homes,SF Bay Area,Real Estate,United States,2023-09-11,94,,Series B,180,2023-09-09 14:37:39.0000000
divvyDOSE,Davenport,Healthcare,United States,2022-05-06,62,,Acquired,0,2022-05-14 01:17:43.0000000
DJI,SF Bay Area,Consumer,United States,2021-02-24,,,Unknown,105,2021-02-25 21:43:14.0000000
DJI,Shenzen,Consumer,China,2020-08-17,,,Unknown,105,2020-08-18 21:01:35.0000000
Dock,Sao Paulo,Finance,Brazil,2022-11-07,190,.1200,Private Equity,280,2022-11-08 21:59:35.0000000
Docly,London,Healthcare,United Kingdom,2020-08-19,8,.8000,Seed,15.5,2020-08-20 17:02:35.0000000
DocuSign,SF Bay Area,Sales,United States,2022-09-28,671,.0900,Post-IPO,536,2022-09-28 14:59:31.0000000
DocuSign,SF Bay Area,Sales,United States,2023-02-16,680,.1000,Post-IPO,536,2023-02-16 15:33:55.0000000
DocuSign,SF Bay Area,Sales,United States,2024-02-06,440,.0600,Post-IPO,536,2024-02-06 17:02:13.0000000
Doma,SF Bay Area,Finance,United States,2022-05-10,310,.1500,Post-IPO,679,2022-05-12 17:23:03.0000000
Doma,SF Bay Area,Finance,United States,2022-08-04,250,.1300,Post-IPO,679,2022-08-05 19:22:32.0000000
Doma,SF Bay Area,Finance,United States,2022-12-06,515,.4000,Post-IPO,679,2022-12-07 06:21:36.0000000
Domestika,Madrid,Education,Spain,2023-03-31,89,.4500,Series D,130,2023-04-01 02:01:16.0000000
Domestika,SF Bay Area,Education,United States,2022-04-28,150,.1900,Series D,130,2022-07-25 04:25:21.0000000
Domino Data Lab,SF Bay Area,Data,United States,2022-11-07,,.2500,Series F,223,2022-11-08 21:56:41.0000000
Domio,New York City,Real Estate,United States,2020-11-18,,.5000,Series B,116,2020-11-19 23:01:37.0000000
Domio,New York City,Travel,United States,2020-03-31,,.3000,Series B,116,2020-04-07 14:38:45.0000000
Domo,Salt Lake City,Data,United States,2020-04-09,90,.1000,Post-IPO,689,2020-04-11 04:56:24.0000000
Domo,Salt Lake City,Data,United States,2023-11-30,,.0700,Post-IPO,689,2023-12-02 01:20:48.0000000
Dooly,Vancouver,Sales,Canada,2022-08-09,12,,Series B,102,2022-08-10 15:24:31.0000000
DoorDash,SF Bay Area,Food,United States,2022-11-30,1250,.0600,Post-IPO,2500,2022-11-30 15:21:42.0000000
dot.LA,Los Angeles,Media,United States,2023-06-12,,1.0000,Seed,4,2023-06-14 03:51:44.0000000
Dotscience,London,Product,United Kingdom,2020-05-19,10,1.0000,Unknown,,2020-05-20 17:54:16.0000000
Doubtnut,Gurugram,Education,India,2022-10-31,,.3000,Series B,49,2023-04-14 03:01:09.0000000
Dover,SF Bay Area,Recruiting,United States,2022-07-26,23,.3000,Series A,22,2022-07-26 21:51:56.0000000
Doximity,SF Bay Area,Healthcare,United States,2023-08-08,100,.1000,Post-IPO,82,2023-08-09 00:00:34.0000000
DraftKings,Boston,Consumer,United States,2023-02-01,140,.0400,Post-IPO,719,2023-02-01 19:08:40.0000000
Dragos,Baltimore,Security,United States,2023-06-06,50,.0900,Series D,364,2023-06-06 23:48:56.0000000
DreamBox Learning,Seattle,Education,United States,2022-09-09,,,Acquired,175,2022-09-09 23:47:42.0000000
Drift,Boston,Marketing,United States,2023-02-06,59,,Acquired,107,2023-02-07 03:56:03.0000000
Drift,Boston,Marketing,United States,2023-09-07,100,.2500,Acquired,107,2023-09-09 14:40:14.0000000
Drip,Salt Lake City,Marketing,United States,2020-03-23,20,,Acquired,0,2020-04-01 21:32:19.0000000
Drip Capital,SF Bay Area,Finance,United States,2023-04-14,75,.2000,Series C,85,2023-04-15 01:36:30.0000000
DriveWealth,Jersey City,Finance,United States,2023-01-26,,.2000,Series D,550,2023-02-01 23:29:42.0000000
Drizly,Boston,Retail,United States,2023-03-29,100,,Acquired,119,2023-03-31 03:56:21.0000000
Drizly,Boston,Retail,United States,2024-02-05,168,1.0000,Acquired,119,2024-02-06 04:36:32.0000000
DroneUp,Norfolk,Logistics,United States,2023-05-16,,,Unknown,7,2023-05-16 22:33:40.0000000
Drop,Toronto,Marketing,Canada,2022-11-01,24,,Series B,56,2022-11-03 04:31:06.0000000
Dropbox,SF Bay Area,Other,United States,2021-01-13,315,.1500,Post-IPO,1700,2021-01-13 17:21:36.0000000
Dropbox,SF Bay Area,Other,United States,2023-04-27,500,.1600,Post-IPO,1700,2023-04-27 14:35:46.0000000
Dropp,Berlin,Retail,Germany,2023-02-14,60,1.0000,Unknown,2,2023-04-09 15:22:29.0000000
DSCO,Salt Lake City,Retail,United States,2020-04-03,12,,Series A,4,2020-04-07 00:36:21.0000000
Duck Creek Technologies,Boston,Finance,United States,2023-07-12,,.0900,Acquired,357,2023-08-11 15:22:03.0000000
Dude Solutions,Raleigh,Other,United States,2020-04-15,,.2000,Acquired,100,2020-04-16 14:26:43.0000000
Dukaan,Bengaluru,Retail,India,2022-10-31,23,,Series A,17,2022-10-31 15:31:46.0000000
Dukaan,Bengaluru,Retail,India,2023-03-15,56,.3000,Series A,17,2023-03-16 15:16:09.0000000
Dukaan,Bengaluru,Retail,India,2023-07-11,,,Series A,17,2023-07-11 16:15:25.0000000
Dunzo,Bengaluru,Food,India,2023-01-16,,.0300,Unknown,382,2023-01-16 16:34:37.0000000
Dunzo,Bengaluru,Food,India,2023-04-05,300,.3000,Unknown,382,2023-04-06 03:11:10.0000000
Dunzo,Bengaluru,Food,India,2023-07-20,,,Unknown,382,2023-07-20 16:12:56.0000000
Dunzo,Bengaluru,Food,India,2023-09-26,150,.3000,Unknown,458,2023-09-27 02:38:11.0000000
Dutchie,Bend,Other,United States,2022-06-06,50,.0700,Series D,603,2022-06-07 00:40:23.0000000
DUX Education,Bengaluru,Education,India,2023-02-28,,1.0000,Unknown,,2023-03-03 23:05:36.0000000
DwellWell,Los Angeles,Real Estate,United States,2023-12-04,,1.0000,Seed,6,2023-12-05 00:23:59.0000000
Dynamic Signal,SF Bay Area,HR,United States,2020-04-02,35,.1900,Series E,114,2020-04-10 04:21:15.0000000
E Inc.,Toronto,Transportation,Canada,2022-12-16,,,Post-IPO,,2022-12-19 17:19:15.0000000
Earnin,SF Bay Area,Finance,United States,2020-04-01,50,.2000,Series C,190,2020-04-03 13:56:06.0000000
Earnix,Tel Aviv,Finance,Israel,2023-05-04,30,.1000,Unknown,100,2023-05-04 15:13:27.0000000
Earth Rides,Nashville,Transportation,United States,2023-01-19,,1.0000,Unknown,2,2023-01-29 14:49:05.0000000
Easee,Sandnes,Energy,Norway,2023-08-14,200,.5700,Unknown,,2023-08-19 15:38:28.0000000
EasyPost,Salt Lake City,Logistics,United States,2020-03-11,75,,Series A,12,2020-03-31 13:21:54.0000000
EasyPost,SF Bay Area,Logistics,United States,2020-04-13,50,.2500,Series A,12,2020-04-14 14:31:24.0000000
Eat Just,SF Bay Area,Food,United States,2023-02-24,40,,Unknown,465,2023-02-27 17:24:33.0000000
Eat Just,SF Bay Area,Food,United States,2023-09-22,40,,Unknown,465,2023-10-02 15:49:38.0000000
Eatsy,Singapore,Food,Singapore,2020-08-08,20,1.0000,Seed,0.97549998760223389,2020-08-10 18:04:45.0000000
Eaze,SF Bay Area,Consumer,United States,2022-06-01,25,,Series D,202,2022-06-02 21:37:58.0000000
Ebanx,Curitiba,Finance,Brazil,2020-05-27,62,.0800,Unknown,30,2020-06-01 03:39:18.0000000
Ebanx,Curitiba,Finance,Brazil,2022-06-21,340,.2000,Series B,460,2022-06-22 03:39:31.0000000
eBay,SF Bay Area,Retail,United States,2023-02-07,500,.0400,Post-IPO,1200,2023-02-07 22:26:57.0000000
eBay,SF Bay Area,Retail,United States,2024-01-23,1000,.0900,Post-IPO,1200,2024-01-24 00:28:19.0000000
eBay,Tel Aviv,Retail,United States,2023-12-17,20,,Post-IPO,1200,2023-12-18 18:44:27.0000000
Ecobee,Toronto,Energy,Canada,2020-03-26,47,.1000,Series C,149,2020-03-28 20:52:49.0000000
Eden / Managed By Q,New York City,Real Estate,United States,2020-04-08,40,.4000,Series B,40,2020-04-08 17:15:35.0000000
Edgio,Phoenix,Infrastructure,United States,2022-12-13,95,.1000,Post-IPO,462,2022-12-15 02:14:17.0000000
Edgio,Phoenix,Infrastructure,United States,2023-06-06,134,.1200,Post-IPO,462,2023-06-09 18:49:33.0000000
Edgio,Phoenix,Infrastructure,United States,2024-03-04,80,.1000,Post-IPO,462,2024-03-07 19:16:14.0000000
Edifecs,Seattle,Healthcare,United States,2023-01-20,30,,Unknown,1,2023-01-21 22:40:13.0000000
Editas Medicine,Boston,Healthcare,United States,2023-01-09,,.2000,Post-IPO,656,2023-01-20 01:26:24.0000000
Edmodo,SF Bay Area,Education,United States,2022-08-16,,1.0000,Acquired,77,2022-08-16 23:13:02.0000000
eGym,Munich,Fitness,Germany,2020-04-02,100,.2500,Series D,109,2020-04-20 14:43:02.0000000
Eight Sleep,New York City,Retail,United States,2020-03-23,,.2000,Series C,70,2020-03-28 20:52:49.0000000
Eightfold AI,SF Bay Area,HR,United States,2023-02-03,90,.1500,Series E,396,2023-03-24 18:37:12.0000000
Ejento,SF Bay Area,Recruiting,United States,2020-03-19,84,1.0000,Unknown,,2020-03-28 20:52:49.0000000
Elastic,SF Bay Area,Data,United States,2022-11-30,,.1300,Post-IPO,162,2022-12-01 06:23:46.0000000
Electric,New York City,Other,United States,2022-08-30,81,,Series D,212,2022-09-30 22:53:41.0000000
Electric,New York City,Other,United States,2023-02-13,141,.2500,Series D,212,2023-02-14 15:14:49.0000000
Electronic Arts,Baton Rouge,Consumer,United States,2023-02-28,200,,Post-IPO,2,2023-03-02 04:10:13.0000000
Electronic Arts,SF Bay Area,Consumer,United States,2023-03-29,780,.0600,Post-IPO,2,2023-03-29 21:00:58.0000000
Electronic Arts,SF Bay Area,Consumer,United States,2024-02-28,670,.0500,Post-IPO,2,2024-02-29 00:45:00.0000000
Element,London,Other,United Kingdom,2022-12-25,,.1500,Series B,96,2023-03-01 00:49:22.0000000
Element AI,Montreal,Other,Canada,2020-05-04,62,.1500,Series B,257,2020-05-06 22:57:13.0000000
Element Analytics,SF Bay Area,Data,United States,2020-03-25,10,,Series A,22,2020-04-18 18:20:15.0000000
Elementor,Tel Aviv,Media,Israel,2022-06-15,60,.1500,Unknown,65,2022-06-15 22:59:42.0000000
Elemy,SF Bay Area,Healthcare,United States,2022-07-18,,,Series B,323,2022-07-20 03:44:43.0000000
Elemy,SF Bay Area,Healthcare,United States,2022-12-05,,,Series B,323,2022-12-06 04:48:23.0000000
Elinvar,Berlin,Finance,Germany,2022-10-21,43,.3300,Unknown,30,2022-10-24 02:23:26.0000000
Elliptic,London,Crypto,United Kingdom,2020-04-09,,.3000,Series B,40,2020-04-30 16:16:50.0000000
Embark Trucks,SF Bay Area,Transportation,United States,2023-03-03,230,.7000,Post-IPO,317,2023-03-03 22:57:34.0000000
Embark Vet,Boston,Healthcare,United States,2023-01-11,41,,Series B,94,2023-01-12 15:42:46.0000000
Embark Vet,Boston,Healthcare,United States,2023-04-28,28,,Series B,94,2023-05-10 14:56:08.0000000
Embrace,SF Bay Area,Product,United States,2023-08-18,,,Unknown,77,2023-09-01 23:36:37.0000000
Embroker,SF Bay Area,Finance,United States,2022-10-25,30,.1200,Series C,142,2022-10-26 23:20:50.0000000
Emitwise,London,Energy,United Kingdom,2022-10-11,,,Series A,16,2022-10-13 02:08:57.0000000
Emotive,Los Angeles,Marketing,United States,2022-07-07,30,.1800,Series B,78,2022-07-08 15:47:10.0000000
EMX Digital,New York City,Marketing,United States,2023-02-13,100,1.0000,Unknown,,2023-02-24 18:35:19.0000000
Endowus,Singapore,Finance,Singapore,2023-03-30,,,Unknown,44,2023-08-07 14:50:39.0000000
Engine eCommerce,Fayetteville,Retail,United States,2020-06-28,,1.0000,Unknown,4,2020-07-09 17:36:00.0000000
Enjoei,Sao Paulo,Retail,Brazil,2023-01-20,31,.1000,Unknown,14,2023-01-23 23:16:03.0000000
Enjoy,SF Bay Area,Retail,United States,2022-06-30,400,.1800,Post-IPO,310,2022-06-30 21:43:20.0000000
Enovix,SF Bay Area,Energy,United States,2023-10-05,185,,Post-IPO,516,2023-10-06 15:31:39.0000000
Enovix,SF Bay Area,Energy,United States,2024-05-06,170,.3300,Post-IPO,516,2024-05-07 01:57:35.0000000
Enphase Energy,SF Bay Area,Energy,United States,2023-12-18,350,.1000,Post-IPO,116,2023-12-19 17:24:27.0000000
Envato,Melbourne,Marketing,Australia,2022-06-02,100,,Unknown,,2022-06-02 20:30:21.0000000
Envoy,SF Bay Area,HR,United States,2020-04-14,58,.3000,Series B,59,2020-04-15 23:16:24.0000000
Epic Games,Raleigh,Consumer,United States,2023-09-28,870,.1600,Unknown,6400,2023-09-28 18:31:30.0000000
EQRx,Boston,Healthcare,United States,2023-02-24,,.1800,Post-IPO,1900,2023-05-05 20:42:49.0000000
Equitybee,SF Bay Area,Finance,United States,2022-10-31,25,.2000,Series B,85,2022-10-31 15:30:11.0000000
Equitybee,SF Bay Area,Finance,United States,2023-02-08,24,.2500,Series B,85,2023-02-09 00:44:58.0000000
EquityZen,New York City,Finance,United States,2022-10-31,30,.2700,Series B,11,2022-11-01 03:59:31.0000000
Ericsson,Stockholm,Other,Sweden,2023-02-24,8500,.0800,Post-IPO,663,2023-02-24 05:00:10.0000000
Ermetic,SF Bay Area,Security,United States,2023-01-23,30,.1700,Series B,97,2023-01-25 00:11:01.0000000
Eroad,Auckland,Transportation,New Zealand,2023-07-28,200,.3100,Unknown,46,2023-08-01 15:30:35.0000000
Eruditus,Mumbai,Education,India,2022-06-04,40,,Series E,1200,2022-06-06 00:46:19.0000000
Esme Learning,Boston,Education,United States,2022-06-02,,,Unknown,37,2022-06-02 23:48:24.0000000
Esper,Seattle,Other,United States,2022-06-23,,.1200,Series A,10,2022-06-23 18:45:10.0000000
Esper,Seattle,Other,United States,2023-01-10,,.2100,Series A,10,2023-01-12 15:06:42.0000000
Etermax,Buenos Aires,Other,Argentina,2022-11-30,40,,Unknown,,2022-12-01 06:33:17.0000000
Ethos Life,SF Bay Area,Finance,United States,2020-06-05,18,.1400,Series C,106,2020-06-06 03:14:59.0000000
Ethos Life,SF Bay Area,Finance,United States,2022-06-24,40,.1200,Series D,406,2022-06-26 02:39:42.0000000
Ethos Life,SF Bay Area,Finance,United States,2023-02-21,50,,Series D,406,2023-02-24 16:01:03.0000000
eToro,Tel Aviv,Finance,Israel,2022-07-05,100,.0600,Unknown,322,2022-07-05 17:06:43.0000000
Etsy,New York City,Retail,United States,2023-12-13,225,.1100,Post-IPO,97,2023-12-13 17:36:58.0000000
Eucalyptus,Sydney,Healthcare,United States,2022-07-22,50,.2000,Series C,69,2022-07-28 03:21:39.0000000
Euler Motors,New Delhi,Transportation,India,2023-04-11,,.1000,Series C,92,2023-04-11 20:56:26.0000000
Eurora,Tallinn,Other,Estonia,2023-09-11,111,,Series A,42,2023-09-11 15:30:43.0000000
EVBox,Amsterdam,Energy,Netherlands,2024-01-09,,,Post-IPO,,2024-01-23 19:44:10.0000000
Eventbrite,SF Bay Area,Consumer,United States,2020-04-08,500,.4500,Post-IPO,332,2020-04-08 20:36:31.0000000
Eventbrite,SF Bay Area,Consumer,United States,2023-02-28,80,.0800,Post-IPO,557,2023-03-01 00:59:06.0000000
Eventus,Austin,Finance,United States,2023-05-05,,.3300,Series B,45,2023-05-08 15:18:06.0000000
EverBridge,Boston,Other,United States,2022-11-08,200,,Post-IPO,476,2023-01-19 04:46:16.0000000
Everlane,SF Bay Area,Retail,United States,2020-03-27,227,,Unknown,18,2020-03-29 22:31:11.0000000
Everlane,SF Bay Area,Retail,United States,2023-01-05,30,.1700,Unknown,176,2023-01-06 05:31:09.0000000
Everlaw,SF Bay Area,Legal,United States,2023-05-12,,.1000,Series D,298,2023-05-13 20:42:13.0000000
Everledger,Brisbane,Crypto,Australia,2023-05-08,,1.0000,Unknown,27,2023-05-15 16:06:01.0000000
Evernote,SF Bay Area,Consumer,United States,2023-02-17,129,,Acquired,290,2023-02-27 17:20:54.0000000
Evernote,SF Bay Area,Consumer,United States,2023-07-07,,,Acquired,290,2023-07-08 00:19:50.0000000
Everquote,Evansville,Finance,United States,2023-07-11,100,,Post-IPO,53,2023-07-13 03:37:20.0000000
Everybuddy,Tel Aviv,Consumer,Israel,2024-02-13,,1.0000,Series A,15,2024-02-15 16:51:17.0000000
EVgo,Los Angeles,Transportation,United States,2023-02-23,40,,Post-IPO,400,2023-02-24 05:10:07.0000000
Evolve,Denver,Travel,United States,2023-05-29,164,.1400,Series F,224,2023-09-14 13:56:55.0000000
Evolve,Denver,Travel,United States,2023-09-12,175,.2000,Series F,224,2023-09-14 13:55:27.0000000
Exabeam,SF Bay Area,Security,United States,2023-10-25,,.2000,Series F,391,2023-10-26 16:58:27.0000000
Examedi,Santiago,Healthcare,Chile,2023-04-11,45,.2500,Unknown,19,2023-04-17 00:37:15.0000000
Exodus,Nebraska City,Crypto,United States,2022-11-04,59,.2200,Unknown,60,2022-11-12 03:13:26.0000000
Exotel,Bengaluru,Support,India,2023-01-17,142,.1500,Series D,87,2023-01-18 02:10:01.0000000
Expedia,Austin,Travel,United States,2024-04-24,,,Post-IPO,3300,2024-04-25 16:09:19.0000000
Expedia,Seattle,Travel,United States,2023-03-21,,,Post-IPO,3300,2023-03-22 23:59:38.0000000
Expedia,Seattle,Travel,United States,2023-07-12,,,Post-IPO,3300,2023-07-17 23:03:29.0000000
Expedia,Seattle,Travel,United States,2023-08-31,,,Post-IPO,3300,2023-09-04 23:11:11.0000000
Expedia,Seattle,Travel,United States,2023-10-17,100,,Post-IPO,3300,2023-10-17 23:07:19.0000000
Expedia,Seattle,Travel,United States,2024-02-26,1500,.0800,Post-IPO,3300,2024-02-27 05:49:18.0000000
Expel,Washington D.C.,Security,United States,2023-06-09,60,.1000,Series E,288,2023-06-09 23:57:12.0000000
Expert360,Sydney,Recruiting,Australia,2022-08-11,7,,Series C,26,2022-08-15 01:17:30.0000000
Exterro,Portland,Legal,United States,2023-02-01,24,.0300,Private Equity,100,2023-02-02 00:05:27.0000000
ExtraHop,Seattle,Security,United States,2020-04-22,,,Series C,61,2020-04-23 22:47:13.0000000
ExtraHop,Seattle,Security,United States,2022-10-13,,,Series C,61,2022-10-15 02:18:47.0000000
Extramarks,Noida,Education,India,2023-04-26,300,,Unknown,,2023-04-26 22:04:41.0000000
Eyowo,Lagos,Finance,Nigeria,2023-06-27,,1.0000,Unknown,,2023-06-26 23:38:08.0000000
ezCater,Boston,Food,United States,2020-04-07,400,.4400,Series D,319,2020-04-07 22:55:49.0000000
Ezoic,San Diego,Infrastructure,United States,2022-12-31,35,,Series A,39,2023-07-21 03:31:40.0000000
Ezoic,San Diego,Infrastructure,United States,2023-02-28,10,,Series A,39,2023-07-21 03:32:16.0000000
Ezoic,San Diego,Infrastructure,United States,2023-07-17,,.2800,Series A,39,2023-07-19 16:40:09.0000000
F5,Seattle,Security,United States,2022-10-21,100,.0100,Post-IPO,,2022-11-17 04:21:12.0000000
F5,Seattle,Security,United States,2023-04-19,623,.0900,Post-IPO,,2023-04-20 15:56:32.0000000
F5,Seattle,Security,United States,2023-11-03,120,.0200,Post-IPO,,2023-11-06 16:08:56.0000000
FabHotels,New Delhi,Travel,India,2020-03-30,80,.2000,Series B,48,2020-04-10 05:04:32.0000000
Fable,Toronto,Other,Canada,2023-07-31,13,.0900,Series A,12,2023-08-05 03:59:47.0000000
Fabric,New York City,Logistics,United States,2022-07-13,120,.4000,Series C,336,2022-07-13 14:52:58.0000000
Fabric,New York City,Logistics,United States,2024-04-11,30,.1500,Series C,336,2024-04-12 02:01:19.0000000
Facily,Sao Paulo,Retail,Brazil,2022-04-20,260,.3000,Series D,502,2022-04-27 23:14:32.0000000
Factorial,Barcelona,HR,Spain,2023-07-13,20,,Series C,220,2023-07-17 02:35:51.0000000
Faire,SF Bay Area,Retail,United States,2022-10-18,84,.0700,Series G,1700,2022-11-04 03:40:25.0000000
Faire,SF Bay Area,Retail,United States,2023-11-01,250,.2000,Series G,1700,2023-11-02 18:10:53.0000000
FamPay,Bengaluru,Finance,India,2023-04-17,,,Series A,42,2023-04-17 15:21:36.0000000
FamPay,Bengaluru,Finance,India,2023-08-02,18,,Series A,42,2023-08-03 03:41:10.0000000
FanClash,Gurugram,Consumer,India,2023-03-30,100,.7500,Series B,50,2023-03-31 03:54:09.0000000
Fandom,SF Bay Area,Media,United States,2020-04-30,,.1400,Series E,145,2020-05-01 03:42:32.0000000
Fandom,SF Bay Area,Media,United States,2023-01-19,,,Series E,145,2023-01-20 01:21:46.0000000
Fareportal,Gurugram,Travel,India,2020-03-26,200,,Unknown,,2020-03-30 14:02:41.0000000
FarEye,New Delhi,Logistics,India,2022-06-10,250,.3000,Series E,150,2022-06-10 18:55:02.0000000
FarEye,New Delhi,Logistics,India,2023-02-03,90,,Series E,150,2023-02-03 15:58:51.0000000
Farfetch,London,Retail,United Kingdom,2024-02-16,2000,.2500,Acquired,1700,2024-02-16 18:39:00.0000000
Fashinza,New York City,Retail,United States,2024-01-18,,,Unknown,153,2024-01-23 19:48:00.0000000
Fast,SF Bay Area,Finance,United States,2022-04-05,,1.0000,Series B,124,2022-04-05 19:14:54.0000000
Fate Therapeutics,San Diego,Healthcare,United States,2023-01-09,315,.5700,Post-IPO,1200,2023-01-13 01:56:40.0000000
Favo,Sao Paulo,Food,Brazil,2022-06-02,170,,Series A,31,2022-06-02 23:44:23.0000000
Faze Medicines,Boston,Healthcare,United States,2022-11-09,,1.0000,Series B,81,2022-11-12 02:58:46.0000000
Feather,New York City,Retail,United States,2022-06-24,,,Unknown,76,2022-06-25 00:19:35.0000000
Feedzai,Coimbra,Finance,Portugal,2023-01-27,,,Unknown,273,2023-01-28 21:06:01.0000000
FemTech Health,Houston,Healthcare,United States,2023-05-22,,1.0000,Unknown,,2023-05-22 23:48:51.0000000
Fetch,Madison,Retail,United States,2023-03-14,100,.1000,Series E,581,2023-03-14 20:25:58.0000000
Fi.Money,Bengaluru,Finance,India,2023-09-27,30,.1000,Series C,137,2023-09-28 00:01:25.0000000
Fifth Season,Pittsburgh,Food,United States,2022-10-28,100,1.0000,Series B,35,2022-10-30 16:10:45.0000000
Figure,SF Bay Area,Crypto,United States,2023-07-26,90,.2000,Unknown,1500,2023-07-29 03:24:37.0000000
Filevine,Salt Lake City,Legal,United States,2022-12-06,,,Series D,226,2022-12-18 04:06:37.0000000
Filmic,Seattle,Other,United States,2023-12-01,,1.0000,Acquired,,2023-12-03 00:23:45.0000000
Finastra,Tel Aviv,Finance,Israel,2023-01-25,,,Unknown,,2023-02-07 04:10:43.0000000
Finastra,Tel Aviv,Finance,Israel,2023-08-03,,,Unknown,,2023-08-04 04:04:40.0000000
Finder,Sydney,Retail,Australia,2023-02-03,,.1500,Unknown,30,2023-02-06 04:12:43.0000000
Finder,Sydney,Retail,Australia,2023-04-04,40,,Unknown,30,2023-04-11 20:57:50.0000000
Finder,Sydney,Retail,Australia,2024-02-21,60,.1700,Unknown,30,2024-02-22 05:50:06.0000000
Finite State,Columbus,Security,United States,2022-06-17,16,.2000,Series B,49,2022-06-18 16:20:59.0000000
Finleap Connect,Hamburg,Finance,Germany,2022-06-30,14,.1000,Series A,22,2022-07-01 04:27:18.0000000
FintechOS,Bucharest,Finance,Romania,2023-11-15,,,Series B,91,2023-11-15 16:40:02.0000000
Fipola,Chennai,Food,United States,2023-02-20,,1.0000,Series A,9,2023-02-21 06:04:35.0000000
Fireblocks,New York City,Crypto,United States,2023-02-20,30,.0500,Series E,1000,2023-02-22 02:47:08.0000000
Fireblocks,New York City,Crypto,United States,2024-02-07,20,.0300,Series E,1000,2024-02-07 23:54:30.0000000
Firebolt,Tel Aviv,Data,Israel,2022-09-07,,,Series C,264,2022-09-08 03:30:59.0000000
FireHydrant,New York City,Infrastructure,United States,2022-12-08,,,Series B,32,2022-12-11 06:13:18.0000000
Firework,SF Bay Area,Retail,United States,2022-11-29,,.1000,Series B,269,2022-12-01 06:36:01.0000000
First AML,Auckland,Finance,New Zealand,2022-10-06,,,Series B,29,2022-10-07 02:10:24.0000000
First Mode,Seattle,Transportation,United States,2024-01-16,48,.2000,Acquired,9,2024-01-18 01:27:06.0000000
FiscalNote,Washington D.C.,Media,United States,2020-04-02,30,,Series D,50,2020-04-15 17:39:10.0000000
Fishbrain,Stockholm,Consumer,United States,2023-01-17,,,Unknown,59,2023-01-21 22:46:09.0000000
Fisker,Los Angeles,Transportation,United States,2024-02-29,,.1500,Post-IPO,1700,2024-02-29 23:35:20.0000000
Fisker,Los Angeles,Transportation,United States,2024-04-29,,,Post-IPO,1700,2024-04-30 15:04:12.0000000
Fisker,Los Angeles,Transportation,United States,2024-05-29,,,Post-IPO,1700,2024-05-31 10:52:41.0000000
Fission,Vancouver,Other,Canada,2024-04-07,,1.0000,Unknown,,2024-04-08 22:37:50.0000000
Fit Analytics,Berlin,Retail,United States,2023-09-28,,1.0000,Acquired,,2023-09-29 02:45:14.0000000
Fittr,Pune,Fitness,India,2023-03-02,30,.1100,Series A,13,2023-03-03 23:07:08.0000000
Fiverr,Tel Aviv,Other,Israel,2022-07-26,60,.0800,Post-IPO,111,2022-07-26 15:45:30.0000000
Fivetran,SF Bay Area,Data,United States,2022-10-04,,.0500,Series D,,2022-10-05 03:04:05.0000000
Flash Coffee,Singapore,Food,Singapore,2022-11-22,,,Series B,57,2022-11-25 04:12:58.0000000
Flatiron Health,New York City,Healthcare,United States,2023-06-07,39,,Acquired,324,2023-06-24 03:49:51.0000000
Flatiron School,New York City,Education,United States,2020-05-06,100,,Acquired,15,2020-05-07 04:07:08.0000000
Flex,SF Bay Area,Manufacturing,United States,2023-12-13,31,,Unknown,,2023-12-22 00:56:53.0000000
FlexCar,Boston,Transportation,United States,2023-08-16,20,,Unknown,297,2023-08-18 15:09:23.0000000
Flexe,Seattle,Logistics,United States,2023-09-26,131,.3300,Series D,263,2023-09-27 02:37:30.0000000
Flexe,Seattle,Logistics,United States,2024-01-08,99,.3800,Series D,263,2024-01-08 23:25:38.0000000
Flexport,SF Bay Area,Logistics,United States,2023-01-11,640,.2000,Series E,2400,2023-01-11 17:30:13.0000000
Flexport,SF Bay Area,Logistics,United States,2023-10-13,,.2000,Series E,2400,2023-10-12 22:18:24.0000000
Flexport,SF Bay Area,Logistics,United States,2024-01-26,,.2000,Series E,2400,2024-01-26 19:48:39.0000000
FlightStats,Portland,Travel,United States,2024-05-30,73,,Acquired,3,2024-05-31 10:51:22.0000000
Flink,Berlin,Food,Germany,2023-04-24,8000,.4000,Series B,1000,2023-04-25 13:58:38.0000000
Flink,Berlin,Food,Germany,2023-05-24,100,.1600,Series B,1000,2023-05-24 21:01:46.0000000
Flipboard,SF Bay Area,Media,United States,2022-10-16,24,.2100,Unknown,235,2022-10-20 21:10:45.0000000
Flipkart,Bengaluru,Retail,India,2023-03-02,,,Acquired,12900,2023-03-07 01:23:15.0000000
Flipkart,Bengaluru,Retail,India,2024-01-08,1100,.0500,Acquired,12900,2024-01-13 16:13:29.0000000
Flock Freight,San Diego,Logistics,United States,2023-04-10,45,.0800,Series D,399,2023-05-18 19:53:43.0000000
Flock Freight,San Diego,Logistics,United States,2024-03-16,54,,Series D,399,2024-03-17 16:39:16.0000000
Flockjay,SF Bay Area,Education,United States,2021-08-24,37,.5000,Series A,14,2021-08-24 20:41:13.0000000
FloQast,Los Angeles,Finance,United States,2020-04-10,,,Series C,119,2020-04-27 04:05:36.0000000
Flowhub,Denver,Retail,United States,2022-09-09,,.1500,Unknown,45,2022-09-10 23:48:07.0000000
Flowr,Toronto,Retail,Canada,2020-03-24,,.2500,Unknown,,2020-03-28 20:52:49.0000000
Fluke,Sao Paulo,Other,Brazil,2022-08-17,83,.8200,Seed,,2022-08-26 20:47:27.0000000
Flux Systems,London,Finance,United Kingdom,2022-10-14,,1.0000,Unknown,9,2022-10-15 02:21:57.0000000
Flyhomes,Seattle,Real Estate,United States,2022-07-20,200,.2000,Series C,310,2022-07-20 20:08:14.0000000
Flyhomes,Seattle,Real Estate,United States,2022-11-09,300,.4000,Series C,310,2022-11-10 00:52:16.0000000
Flyhomes,Seattle,Real Estate,United States,2023-06-05,,,Series C,310,2023-06-05 20:51:21.0000000
Flyhomes,Seattle,Real Estate,United States,2023-12-14,,,Series C,310,2023-12-18 18:38:03.0000000
Flymya,Yangon,Travel,Myanmar,2020-04-01,200,.3300,Unknown,,2020-05-06 03:47:36.0000000
Flynote,Bengaluru,Travel,India,2020-05-01,,,Seed,1,2020-05-07 23:26:51.0000000
Flytedesk,Boulder,Marketing,United States,2020-03-18,4,.2000,Seed,4,2020-04-01 00:56:54.0000000
Flywheel Sports,New York City,Fitness,United States,2020-03-20,784,.9800,Acquired,120,2020-04-09 21:45:39.0000000
Flywire,Boston,Finance,United States,2020-05-07,60,.1200,Series E,263,2020-05-07 22:51:13.0000000
FNZ,London,Finance,United Kingdom,2023-07-06,1000,.1500,Private Equity,1400,2023-07-07 02:38:14.0000000
Food52,New York City,Food,United States,2020-04-17,,,Acquired,96,2020-04-27 04:24:03.0000000
Food52,New York City,Food,United States,2022-04-08,20,.1000,Acquired,176,2022-05-07 23:29:58.0000000
Food52,New York City,Food,United States,2022-06-03,21,.1500,Acquired,176,2022-06-07 00:46:50.0000000
Foodpanda,Bucharest,Food,Romania,2022-05-26,80,,Acquired,749,2022-05-28 00:12:23.0000000
Foodpanda,Singapore,Food,Singapore,2022-09-07,60,,Acquired,749,2022-09-05 20:52:18.0000000
Foodpanda,Singapore,Food,Singapore,2023-02-13,,,Acquired,749,2023-02-14 15:08:37.0000000
Foodpanda,Singapore,Food,Singapore,2023-09-22,,,Acquired,749,2023-09-24 17:45:37.0000000
Foodsby,Minneapolis,Food,United States,2020-03-24,87,.6700,Series B,20,2020-03-28 20:52:49.0000000
ForeScout,Tel Aviv,Security,United States,2023-01-10,100,.1000,Acquired,125,2023-01-10 16:42:48.0000000
ForeScout,Tel Aviv,Security,United States,2023-09-06,40,,Acquired,125,2023-09-09 14:29:05.0000000
Foresight Insurance,SF Bay Area,Finance,United States,2022-10-06,,.4000,Series B,58,2022-12-01 06:19:59.0000000
ForgeRock,SF Bay Area,Other,United States,2023-12-13,109,,Acquired,234,2023-12-22 00:53:11.0000000
Form Energy,Boston,Energy,United States,2024-03-05,,,Unknown,966,2024-03-06 19:20:23.0000000
Forma.ai,Toronto,Sales,Canada,2022-07-20,15,.0900,Series B,58,2022-07-26 15:35:33.0000000
Formstack,Indianapolis,Other,United States,2023-05-17,,.4000,Private Equity,425,2023-05-17 21:19:11.0000000
Fortinet,SF Bay Area,Security,United States,2023-08-25,,,Post-IPO,89,2023-08-27 02:37:10.0000000
Forto,Berlin,Logistics,United States,2022-11-11,60,.0800,Series D,593,2023-01-04 15:56:09.0000000
Forward,SF Bay Area,Healthcare,United States,2020-04-20,10,.0300,Series C,100,2020-04-21 01:52:14.0000000
Forward,SF Bay Area,Healthcare,United States,2022-07-11,,.0500,Series D,225,2022-07-12 15:46:55.0000000
Foundation Medicine,Boston,Healthcare,United States,2023-04-04,135,,Acquired,96,2023-04-09 15:19:57.0000000
FourKites,Chicago,Logistics,United States,2022-08-11,60,.0800,Series D,201,2022-08-26 21:42:04.0000000
FourKites,Chicago,Logistics,United States,2023-12-13,,.1500,Unknown,241,2024-01-08 23:29:07.0000000
Foursquare,New York City,Marketing,United States,2024-05-23,105,.2500,Series G,390,2024-05-24 15:46:13.0000000
Foxtrot,Chicago,Food,United States,2022-09-23,26,.0350,Series C,166,2022-09-24 21:37:42.0000000
Fraazo,Mumbai,Food,India,2022-07-12,150,,Series B,63,2022-07-13 04:45:07.0000000
Fractal Software,New York City,Other,United States,2023-06-01,,,Unknown,,2023-06-04 15:16:34.0000000
Freenome,SF Bay Area,Healthcare,United States,2024-04-23,100,.2000,Series E,1400,2024-04-24 15:01:03.0000000
Freetrade,London,Finance,United Kingdom,2022-06-10,45,.1500,Unknown,133,2022-06-10 14:27:39.0000000
Freightos,Miami,Logistics,United States,2023-07-12,50,.1300,Post-IPO,118,2023-07-13 03:39:47.0000000
Frequency Therapeutics,Boston,Healthcare,United States,2023-02-01,,.5000,Post-IPO,76,2023-02-14 15:19:06.0000000
Freshbooks,Toronto,Finance,Canada,2020-04-21,38,.0900,Series B,75,2020-04-22 17:05:01.0000000
FreshBooks,Toronto,Finance,Canada,2022-12-16,,,Unknown,331,2023-03-21 23:34:12.0000000
FreshBooks,Toronto,Finance,Canada,2023-03-21,80,.1000,Unknown,331,2023-03-21 23:32:09.0000000
FreshBooks,Toronto,Finance,Canada,2023-11-15,,.0600,Unknown,331,2023-11-16 21:38:20.0000000
FreshDirect,New York City,Food,United States,2024-01-10,100,.0300,Acquired,280,2024-01-30 05:04:08.0000000
FreshDirect,Philadelphia,Food,United States,2022-08-25,40,,Acquired,280,2022-08-26 03:58:52.0000000
Freshly,New York City,Food,United States,2022-07-18,,.2500,Acquired,107,2022-07-28 03:36:56.0000000
Freshly,Phoenix,Food,United States,2022-12-12,329,,Acquired,107,2022-12-14 17:57:42.0000000
Freshworks,SF Bay Area,Support,United States,2022-12-15,90,.0200,Post-IPO,484,2022-12-15 16:21:46.0000000
Freshworks,SF Bay Area,Support,United States,2023-03-16,114,.0200,Post-IPO,484,2023-03-16 15:15:43.0000000
Freshworks,SF Bay Area,Support,United States,2023-06-08,,,Post-IPO,484,2023-06-08 17:25:32.0000000
Friday Health Plans,Alamosa,Healthcare,United States,2023-06-21,,,Private Equity,306,2023-06-22 00:18:22.0000000
Front,SF Bay Area,Support,United States,2022-09-28,,,Series D,203,2022-11-12 04:18:51.0000000
Frontdesk,Milwaukee,Travel,United States,2020-04-10,35,.1600,Unknown,3,2020-04-11 04:59:06.0000000
Frontdesk,Milwaukee,Travel,United States,2024-01-02,200,1.0000,Unknown,26,2024-01-03 02:38:00.0000000
FrontRow,Bengaluru,Education,India,2022-05-27,145,.3000,Series A,17,2022-05-31 02:05:53.0000000
FrontRow,Bengaluru,Education,India,2022-10-12,130,.7500,Series A,17,2022-10-13 04:25:19.0000000
FrontRow,Bengaluru,Education,India,2023-06-15,,.9000,Series A,17,2023-06-16 04:30:29.0000000
FrontRow,Bengaluru,Education,India,2023-07-10,,1.0000,Series A,17,2023-07-11 01:52:49.0000000
Frubana,Bogota,Food,Colombia,2022-06-21,,.0300,Series C,202,2022-06-22 04:07:20.0000000
F-Secure,Helsinki,Security,Finland,2023-10-25,70,,Post-IPO,,2023-10-26 17:51:19.0000000
FuboTV,New York City,Media,United States,2022-08-02,,,Post-IPO,151,2022-08-04 03:40:39.0000000
FullStory,Atlanta,Marketing,United States,2020-04-16,,,Series C,59,2020-04-27 04:14:46.0000000
FullStory,Atlanta,Marketing,United States,2022-09-13,,.1200,Unknown,197,2022-09-09 01:38:59.0000000
FullStory,Atlanta,Marketing,United States,2024-01-09,50,.1000,Unknown,197,2024-01-24 16:36:20.0000000
Fundbox,SF Bay Area,Finance,United States,2020-06-02,14,.1500,Series C,453,2020-06-02 22:42:19.0000000
Fundbox,SF Bay Area,Finance,United States,2022-10-25,150,.4200,Series D,553,2022-10-25 15:14:28.0000000
Funding Circle,London,Finance,United Kingdom,2024-05-29,,,Post-IPO,746,2024-06-03 14:58:56.0000000
Funding Circle,SF Bay Area,Finance,United States,2020-07-08,85,,Post-IPO,746,2020-07-09 17:27:35.0000000
Funding Societies,Singapore,Finance,Singapore,2020-04-16,65,.1800,Series B,42,2020-04-19 05:16:40.0000000
Fungible,SF Bay Area,Crypto,United States,2022-08-29,,,Series C,310,2022-08-30 04:19:06.0000000
Furlenco,Bengaluru,Retail,India,2022-03-26,180,,Series D,228,2022-03-28 03:21:06.0000000
FutureLearn,London,Education,United Kingdom,2022-11-28,,,Unknown,50,2022-11-30 06:11:06.0000000
Fuzzy,SF Bay Area,Healthcare,United States,2023-06-18,,1.0000,Series C,80,2023-06-18 23:31:33.0000000
G/O Media Group,New York City,Media,United States,2020-04-03,14,.0500,Unknown,,2020-04-08 04:48:14.0000000
G2,Chicago,Marketing,United States,2020-06-30,17,.0500,Series C,100.80000305175781,2020-07-01 20:00:24.0000000
GAMURS Group,Sydney,Consumer,Australia,2023-03-21,,,Series A,17,2023-03-23 16:45:12.0000000
Gated,SF Bay Area,Other,United States,2023-09-01,,1.0000,Seed,3,2023-09-04 23:11:50.0000000
Gather,SF Bay Area,Consumer,United States,2022-06-02,30,.3300,Series B,76,2022-06-16 02:47:14.0000000
Gatherly,Atlanta,Marketing,United States,2022-07-31,,.5000,Unknown,,2022-08-02 03:38:35.0000000
Gavelytics,Los Angeles,Legal,United States,2022-06-30,,1.0000,Seed,5,2022-07-06 16:43:06.0000000
Geekwire,Seattle,Media,United States,2020-04-10,5,.3100,Unknown,,2020-04-12 07:49:25.0000000
Gem,SF Bay Area,Recruiting,United States,2022-11-01,100,.3300,Series C,148,2022-11-01 19:35:06.0000000
Gem,SF Bay Area,Recruiting,United States,2023-08-02,70,,Series C,148,2023-08-03 03:30:52.0000000
Gemini,New York City,Crypto,United States,2022-06-02,100,.1000,Unknown,423,2022-06-02 16:45:39.0000000
Gemini,New York City,Crypto,United States,2022-07-18,68,.0700,Unknown,423,2022-07-18 18:53:54.0000000
Gemini,New York City,Crypto,United States,2023-01-23,,.1000,Unknown,423,2023-01-23 18:12:11.0000000
Genesis,New York City,Crypto,United States,2022-08-17,52,.2000,Series A,,2022-08-17 18:24:32.0000000
Genesis,New York City,Crypto,United States,2023-01-05,60,.3000,Series A,,2023-01-05 20:18:46.0000000
Genius,New York City,Consumer,United States,2021-09-15,,,Acquired,78,2021-09-16 19:16:42.0000000
Genome Medical,SF Bay Area,Healthcare,United States,2022-09-08,23,,Series C,120,2022-09-09 01:40:09.0000000
Getaround,SF Bay Area,Transportation,United States,2020-03-27,100,.2500,Series D,403,2020-03-29 22:30:11.0000000
Getaround,SF Bay Area,Transportation,United States,2023-02-02,,.1000,Post-IPO,948,2023-02-03 03:54:14.0000000
Getaround,SF Bay Area,Transportation,United States,2024-02-08,,.3000,Post-IPO,948,2024-02-08 22:02:59.0000000
Getir,Istanbul,Food,Turkey,2022-05-25,,.1400,Series E,1800,2022-05-25 15:42:05.0000000
Getir,London,Food,United Kingdom,2023-02-13,,,Series E,1800,2023-02-14 00:42:47.0000000
Getir,London,Food,United Kingdom,2023-08-22,2500,.1100,Series E,1800,2023-08-22 15:44:03.0000000
Getir,London,Food,United Kingdom,2024-04-29,3300,,Series E,1800,2024-04-29 15:03:04.0000000
Getir,New York City,Food,United States,2023-02-02,100,,Series E,1800,2023-02-05 01:03:59.0000000
GetNinjas,Sao Paulo,Consumer,Brazil,2020-04-08,11,.1000,Series B,16,2020-04-12 06:41:02.0000000
Getta,Tel Aviv,Transportation,Israel,2022-05-31,30,,Series A,49,2022-06-01 01:03:29.0000000
GetYourGuide,Berlin,Travel,Germany,2020-10-14,90,.1700,Series E,656,2020-10-16 19:52:35.0000000
Ghost Autonomy,SF Bay Area,Transportation,United States,2024-04-03,100,1.0000,Series E,247,2024-04-04 16:09:54.0000000
GitHub,SF Bay Area,Product,United States,2023-02-09,,.1000,Acquired,350,2023-02-09 18:13:33.0000000
GitLab,SF Bay Area,Product,United States,2023-02-09,130,.0700,Post-IPO,413,2023-02-09 15:53:24.0000000
Gitpod,Kiel,Product,Germany,2023-01-24,21,.2800,Series A,41,2023-01-25 15:00:42.0000000
Give Legacy,Boston,Healthcare,United States,2022-06-24,,,Series B,45,2022-07-20 03:35:38.0000000
Glamyo Health,New Delhi,Healthcare,India,2023-06-01,160,,Series B,9,2023-06-02 02:59:51.0000000
Glassbox,London,Data,United Kingdom,2023-05-04,,.1400,Series C,70,2023-05-05 23:39:20.0000000
Glassdoor,SF Bay Area,HR,United States,2023-03-22,140,.1500,Acquired,204,2023-03-22 21:04:27.0000000
Glassdoor,SF Bay Area,Recruiting,United States,2020-05-07,300,.3000,Acquired,204,2020-05-07 21:09:14.0000000
Glean AI,New York City,Finance,United States,2023-05-08,5,,Seed,11,2023-05-16 22:35:08.0000000
Glints,Singapore,HR,Singapore,2022-12-08,198,.1800,Series D,82,2022-12-09 05:07:33.0000000
Glisser,London,Travel,United Kingdom,2023-01-26,25,1.0000,Unknown,1,2023-12-22 23:13:11.0000000
Glitch,New York City,Product,United States,2020-05-21,18,.3600,Series A,30,2020-05-22 23:41:32.0000000
Gloat,New York City,HR,United States,2023-04-20,35,.1200,Series D,192,2023-04-21 15:36:22.0000000
GloriFi,Dallas,Finance,United States,2022-11-21,,1.0000,Unknown,,2022-11-25 04:08:51.0000000
Glossier,New York City,Consumer,United States,2022-01-26,80,.3300,Series E,266,2022-01-26 21:48:14.0000000
Glossier,New York City,Retail,United States,2020-08-07,150,.3800,Series D,186.39999389648438,2020-08-19 17:43:26.0000000
Glossier,New York City,Retail,United States,2022-08-02,19,.0800,Series E,266,2022-08-03 02:42:48.0000000
Glovo,Barcelona,Food,Spain,2023-01-30,250,.0600,Acquired,1200,2023-01-30 15:47:22.0000000
Glovo,Barcelona,Food,Spain,2023-03-23,140,,Acquired,1200,2024-02-05 05:06:11.0000000
Glovo,Barcelona,Food,Spain,2024-04-12,25,,Acquired,1200,2024-04-12 16:10:48.0000000
Glowforge,Seattle,Manufacturing,United States,2023-12-15,30,,Series E,133,2024-02-28 18:45:36.0000000
Glowforge,Seattle,Manufacturing,United States,2024-02-06,,,Series E,133,2024-02-28 18:46:00.0000000
GOAT Group,Los Angeles,Retail,United States,2020-04-01,,,Series D,197,2020-04-07 05:08:33.0000000
GoBear,Singapore,Finance,Singapore,2020-09-01,22,.1100,Unknown,97,2020-09-02 17:45:46.0000000
GoBolt,Toronto,Logistics,Canada,2023-01-10,55,.0500,Series C,178,2023-01-11 00:57:48.0000000
GoCanvas,Washington D.C.,Other,United States,2023-01-13,,,Acquired,21,2023-01-18 02:11:11.0000000
GoCardless,London,Finance,United Kingdom,2020-04-24,,,Series E,122,2020-04-28 18:01:09.0000000
GoCardless,London,Finance,United Kingdom,2023-06-12,150,.1700,Series G,529,2023-06-12 16:15:02.0000000
GoDaddy,Austin,Marketing,United States,2020-06-24,451,.0600,Post-IPO,,2020-06-25 05:21:17.0000000
GoDaddy,Phoenix,Marketing,United States,2023-02-08,530,.0800,Post-IPO,800,2023-02-08 22:43:33.0000000
GoFundMe,SF Bay Area,Finance,United States,2022-10-26,94,.1200,Series A,,2022-10-26 23:13:47.0000000
GoHealth,Chicago,Healthcare,United States,2022-08-09,800,.2000,Post-IPO,75,2022-08-11 21:31:33.0000000
Gojek,Jakarta,Transportation,Indonesia,2020-06-23,430,.0900,Series F,4800,2020-06-23 22:28:36.0000000
Gokada,Lagos,Transportation,Nigeria,2022-11-14,20,,Unknown,12,2023-02-02 16:36:15.0000000
Gokada,Lagos,Transportation,Nigeria,2023-01-31,54,,Unknown,12,2023-02-02 16:34:42.0000000
GoMechanic,Gurugram,Transportation,India,2023-01-17,,.7000,Series C,54,2023-01-18 02:08:58.0000000
Gong,SF Bay Area,Sales,United States,2023-02-08,80,.0700,Series E,583,2023-02-08 19:31:00.0000000
GoNuts,Mumbai,Media,India,2022-10-27,,1.0000,Seed,,2022-10-30 16:13:08.0000000
Goodfood,Calgary,Food,Canada,2022-04-07,70,,Post-IPO,16,2022-08-11 13:34:04.0000000
GoodGood,Toronto,Retail,Canada,2022-11-23,,1.0000,Seed,6,2022-11-25 04:07:55.0000000
GoodRx,Los Angeles,Healthcare,United States,2022-08-31,140,.1600,Post-IPO,910,2022-09-01 01:24:41.0000000
GoodWorker,Singapore,Recruiting,Singapore,2023-03-30,,.9000,Acquired,,2023-05-02 16:25:05.0000000
Google,SF Bay Area,Consumer,United States,2023-01-20,12000,.0600,Post-IPO,26,2023-01-20 14:23:42.0000000
Google,SF Bay Area,Consumer,United States,2023-09-13,75,,Post-IPO,26,2023-09-13 19:47:38.0000000
Google,SF Bay Area,Consumer,United States,2023-10-18,40,,Post-IPO,26,2023-10-19 00:46:45.0000000
Google,SF Bay Area,Consumer,United States,2023-11-08,,,Post-IPO,26,2023-11-09 18:32:46.0000000
Google,SF Bay Area,Consumer,United States,2024-01-10,1000,,Post-IPO,26,2024-01-11 14:42:18.0000000
Google,SF Bay Area,Consumer,United States,2024-01-16,,,Post-IPO,26,2024-01-30 16:42:08.0000000
Google,SF Bay Area,Consumer,United States,2024-01-22,,,Post-IPO,26,2024-01-23 16:12:00.0000000
Google,SF Bay Area,Consumer,United States,2024-04-17,,,Post-IPO,26,2024-04-18 04:47:02.0000000
Google,SF Bay Area,Consumer,United States,2024-04-30,,,Post-IPO,26,2024-04-30 15:00:29.0000000
Google,SF Bay Area,Consumer,United States,2024-05-01,200,,Post-IPO,26,2024-05-02 15:16:08.0000000
Google,SF Bay Area,Consumer,United States,2024-05-10,57,,Post-IPO,26,2024-05-11 14:41:00.0000000
Google,SF Bay Area,Consumer,United States,2024-05-31,100,,Post-IPO,26,2024-06-01 18:35:17.0000000
GoPro,SF Bay Area,Consumer,United States,2020-04-15,200,.2000,Post-IPO,288,2020-04-15 23:42:26.0000000
GoPro,SF Bay Area,Consumer,United States,2024-03-26,,.0400,Post-IPO,288,2024-04-08 22:38:47.0000000
Gopuff,Philadelphia,Food,United States,2022-01-26,100,,Series H,3400,2022-02-04 16:58:47.0000000
Gopuff,Philadelphia,Food,United States,2022-03-29,450,.0300,Series H,3400,2022-03-30 15:13:26.0000000
Gopuff,Philadelphia,Food,United States,2022-07-12,1500,.1000,Series H,3400,2022-07-12 15:39:17.0000000
Gopuff,Philadelphia,Food,United States,2022-10-19,250,,Series H,3400,2022-10-20 23:17:54.0000000
Gopuff,Philadelphia,Food,United States,2023-03-09,100,.0200,Series H,3400,2023-03-10 05:21:44.0000000
Gopuff,Philadelphia,Food,United States,2024-05-16,,.0600,Series H,3400,2024-05-16 17:06:15.0000000
Gorillas,Berlin,Food,Germany,2022-05-24,300,.5000,Series C,1300,2022-05-24 15:00:36.0000000
Gorillas,Berlin,Food,Germany,2022-07-03,540,,Series C,1300,2022-07-06 04:23:35.0000000
GoSpotCheck,Denver,Retail,United States,2020-03-26,23,.2000,Series B,47,2020-03-28 20:52:49.0000000
GoStudent,Vienna,Education,Austria,2022-09-08,200,,Series D,686,2022-09-09 23:46:18.0000000
GoStudent,Vienna,Education,Austria,2022-12-14,100,,Series D,686,2022-12-15 02:11:42.0000000
GoStudent,Vienna,Education,Austria,2024-01-23,100,,Series D,686,2024-01-24 19:30:43.0000000
GoTo,Boston,Other,United States,2024-01-23,29,,Acquired,2,2024-01-26 14:16:37.0000000
GoTo Group,Jakarta,Transportation,Indonesia,2022-11-10,1300,.1200,Post-IPO,1300,2022-11-11 05:06:07.0000000
GoTo Group,Jakarta,Transportation,Indonesia,2023-03-10,600,,Post-IPO,1300,2023-03-10 15:57:16.0000000
Gousto,London,Food,United Kingdom,2022-12-31,,.1400,Unknown,675,2023-03-14 15:47:32.0000000
Grab,Singapore,Transportation,Singapore,2020-06-16,360,.0500,Series I,9900,2020-06-16 13:43:48.0000000
Grab,Singapore,Transportation,Singapore,2023-06-20,1000,.1100,Post-IPO,16500,2023-06-20 15:56:54.0000000
Grabango,SF Bay Area,Food,United States,2023-09-11,34,.4000,Unknown,94,2023-09-13 02:21:34.0000000
GrabCAD,Tallinn,Other,Estonia,2024-01-12,13,,Acquired,28,2024-01-12 15:42:30.0000000
Grailed,New York City,Retail,United States,2020-04-16,,,Series A,16,2020-04-23 16:26:45.0000000
Grammarly,SF Bay Area,Consumer,United States,2024-02-07,230,,Unknown,400,2024-02-07 17:14:35.0000000
Gramophone,Indore,Food,India,2023-01-16,75,,Series B,17,2023-01-16 16:47:29.0000000
Graphcore,Beijing,Hardware,China,2023-01-01,,,Series E,682,2023-11-23 03:02:24.0000000
Graphcore,Bristol,Data,United Kingdom,2022-09-27,,,Unknown,692,2022-11-23 04:25:03.0000000
Graphy,Bengaluru,Education,India,2023-10-26,50,.2000,Subsidiary,,2023-10-26 17:50:45.0000000
GrayMeta,Los Angeles,Data,United States,2020-03-23,20,.4000,Unknown,7,2020-04-01 05:31:34.0000000
Green Labs,Seoul,Food,South Korea,2023-02-21,350,.7000,Series C,214,2023-02-21 19:27:25.0000000
Greenhouse,New York City,Recruiting,United States,2020-04-17,120,.2800,Series D,110,2020-04-17 16:31:03.0000000
Greenhouse,New York City,Recruiting,United States,2023-04-27,100,.1200,Private Equity,110,2023-04-27 16:17:33.0000000
Greenlight,Atlanta,Finance,United States,2023-01-12,104,.2100,Series D,556,2023-01-12 22:53:32.0000000
Grin,Sacramento,Marketing,United States,2022-11-30,60,.1300,Series B,145,2022-12-03 04:59:05.0000000
Grin,Sacramento,Marketing,United States,2023-03-21,,,Series B,145,2023-03-24 18:38:40.0000000
Grin,Sacramento,Marketing,United States,2024-04-25,,,Series B,145,2024-04-27 00:09:09.0000000
Gro Intelligence,New York City,Food,United States,2024-02-15,20,.1000,Series B,118,2024-02-16 18:35:19.0000000
Gro Intelligence,New York City,Food,United States,2024-03-01,90,.6000,Series B,118,2024-03-03 16:15:38.0000000
Gro Intelligence,New York City,Food,United States,2024-05-31,,.1000,Series B,118,2024-06-03 14:55:46.0000000
Group Nine Media,New York City,Media,United States,2020-04-07,50,.0700,Unknown,190,2020-04-07 23:38:46.0000000
Groupon,Chicago,Retail,United States,2020-04-13,2800,.4400,Post-IPO,1400,2020-04-13 21:14:40.0000000
Groupon,Chicago,Retail,United States,2022-08-08,500,.1500,Post-IPO,1400,2022-08-08 21:36:51.0000000
Groupon,Chicago,Retail,United States,2023-01-30,500,,Post-IPO,1400,2023-01-31 04:39:50.0000000
Grove Collaborative,SF Bay Area,Retail,United States,2022-03-19,,.1700,Series E,474,2022-03-30 15:13:21.0000000
Grover,Berlin,Retail,United States,2022-12-07,40,.1000,Unknown,2300,2022-12-07 19:18:57.0000000
Grubhub,SF Bay Area,Food,United States,2023-06-12,400,.1500,Acquired,284,2023-06-12 16:11:29.0000000
GSR,Hong Kong,Crypto,Hong Kong,2022-10-11,,,Unknown,,2022-10-12 03:41:52.0000000
Guardant Health,SF Bay Area,Healthcare,United States,2023-01-25,130,.0700,Post-IPO,550,2023-01-26 01:51:37.0000000
Guideline,SF Bay Area,Finance,United States,2023-04-03,48,.1100,Series E,339,2023-04-14 03:12:49.0000000
Guidewire,SF Bay Area,Finance,United States,2022-08-11,,.0200,Post-IPO,24,2022-08-12 17:58:53.0000000
Guild,Denver,Education,United States,2023-05-24,172,.1200,Series F,643,2023-05-26 04:29:11.0000000
Guild,Denver,Education,United States,2024-05-22,300,.2500,Series F,643,2024-05-23 02:17:46.0000000
GumGum,Los Angeles,Marketing,United States,2020-04-20,90,.2500,Series D,58,2020-04-24 07:13:10.0000000
Gupy,Sao Paulo,HR,Brazil,2023-08-02,58,.0800,Series B,105,2023-08-03 04:33:14.0000000
Gusto,SF Bay Area,HR,United States,2023-02-08,126,.0500,Series E,746,2023-02-08 17:20:23.0000000
Gympass,Sao Paulo,Fitness,Brazil,2020-04-03,467,.3300,Series D,300,2020-04-05 21:25:43.0000000
HackerEarth,SF Bay Area,HR,United States,2023-02-14,,.0800,Series B,11,2023-02-14 15:16:59.0000000
HackerOne,SF Bay Area,Security,United States,2023-08-02,,.1200,Series E,159,2023-08-02 21:52:03.0000000
HackerRank,SF Bay Area,Recruiting,United States,2023-08-27,53,,Series D,103,2023-08-28 20:30:04.0000000
Halcyon Health,New York City,Healthcare,United States,2022-04-15,,1.0000,Unknown,2,2022-04-15 22:57:56.0000000
Halodoc,Jakarta,Healthcare,India,2023-11-14,,,Series D,245,2023-11-15 02:12:44.0000000
Handshake,SF Bay Area,Recruiting,United States,2020-05-05,,,Series C,74,2020-05-10 05:49:57.0000000
Happay,Bengaluru,Finance,India,2023-05-12,160,.3500,Acquired,21,2023-05-15 16:00:37.0000000
Happy Money,Los Angeles,Finance,United States,2022-11-30,158,.3400,Series D,191,2022-12-01 22:00:23.0000000
Harappa,New Delhi,Education,India,2023-01-03,60,.3000,Acquired,,2023-01-04 16:00:29.0000000
Hash,Sao Paulo,Finance,Brazil,2022-08-01,58,.5000,Series C,58,2022-08-03 02:35:35.0000000
HashiCorp,SF Bay Area,Infrastructure,United States,2023-06-07,,.0800,Post-IPO,349,2023-06-07 22:54:55.0000000
HashiCorp,SF Bay Area,Security,United States,2023-01-11,69,,Post-IPO,349,2023-01-12 15:41:41.0000000
Haus,SF Bay Area,Food,United States,2022-08-09,,1.0000,Seed,7,2022-08-10 00:49:00.0000000
Haven Technologies,New York City,Finance,United States,2023-06-01,280,.7000,Subsidiary,,2023-06-02 15:42:32.0000000
Havenly,Denver,Consumer,United States,2020-07-01,5,,Series C,57.799999237060547,2020-07-02 03:38:28.0000000
Headspace,Los Angeles,Healthcare,United States,2022-12-14,50,.0400,Unknown,215,2022-12-15 16:16:00.0000000
Headspace,Los Angeles,Healthcare,United States,2023-06-29,181,.1500,Unknown,216,2023-06-30 15:05:37.0000000
Health IQ,SF Bay Area,Healthcare,United States,2022-12-19,,,Series D,136,2022-12-24 04:15:01.0000000
Healthcare.com,Miami,Healthcare,United States,2022-08-03,149,,Series C,244,2022-08-04 23:16:57.0000000
HealthifyMe,Bengaluru,Fitness,India,2022-12-03,150,,Series C,100,2022-12-04 23:00:50.0000000
HealthifyMe,Bengaluru,Healthcare,India,2024-04-27,150,.2700,Series D,130,2024-04-29 14:58:04.0000000
HealthMatch,Sydney,Healthcare,Australia,2022-06-28,18,.5000,Series B,20,2022-06-29 03:55:52.0000000
Healthy.io,Tel Aviv,Healthcare,United States,2023-05-03,70,.3300,Series D,185,2023-05-03 23:47:00.0000000
Hedvig,Stockholm,Finance,Sweden,2022-09-01,12,,Series B,67,2022-09-01 17:09:15.0000000
HelloFresh,SF Bay Area,Food,United States,2022-10-10,611,,Post-IPO,367,2022-10-16 01:26:57.0000000
Help Scout,Boston,Support,United States,2022-11-01,,,Series B,28,2022-11-12 03:03:36.0000000
Help.com,Austin,Support,United States,2020-03-16,16,1.0000,Seed,6,2020-04-16 06:36:06.0000000
Her Campus Media,Boston,Media,United States,2020-06-10,10,.1800,Unknown,,2020-06-10 23:13:19.0000000
Here,Miami,Real Estate,United States,2024-01-08,,1.0000,Seed,5,2024-01-09 16:52:59.0000000
Heroes,London,Retail,United States,2022-07-15,24,.2000,Unknown,265,2022-07-15 21:22:57.0000000
Heureka Group,Prague,Retail,Czech Republic,2024-04-23,100,.1600,Acquired,,2024-04-24 15:06:41.0000000
Heycar,Berlin,Transportation,Germany,2023-01-27,73,,Unknown,,2023-01-31 23:29:04.0000000
Heygo,London,Travel,United Kingdom,2023-04-13,,1.0000,Series A,20,2023-04-14 03:19:33.0000000
Hibob,Tel Aviv,HR,Israel,2020-03-30,70,.3000,Series A,45,2020-03-31 03:54:56.0000000
HighRadius,Bengaluru,Finance,India,2022-11-09,25,,Series C,475,2022-12-07 06:24:42.0000000
Highsnobiety,Berlin,Media,Germany,2020-04-01,51,.2500,Series A,8.5,2020-04-08 04:49:58.0000000
Highsnobiety,Berlin,Media,Germany,2023-07-03,24,.1000,Acquired,8,2023-07-05 00:17:58.0000000
Highspot,Seattle,Sales,United States,2023-02-02,100,.1000,Series F,644,2023-02-03 03:19:58.0000000
Highspot,Seattle,Sales,United States,2023-06-08,140,.1500,Series F,644,2023-06-09 16:06:58.0000000
Hijra,Jakarta,Finance,Indonesia,2023-09-07,,,Unknown,67,2023-09-08 15:58:25.0000000
Hike,New Delhi,Consumer,India,2023-08-10,55,,Unknown,261,2023-08-11 15:06:32.0000000
Hinge Health,SF Bay Area,Healthcare,United States,2024-04-11,,.1000,Series E,826,2024-04-12 01:59:13.0000000
Hipcamp,SF Bay Area,Travel,United States,2020-04-20,,.6000,Series B,40.5,2020-08-27 16:31:37.0000000
Hippo Insurance,SF Bay Area,Finance,United States,2022-08-31,70,.1000,Post-IPO,1300,2022-08-31 16:30:40.0000000
Hippo Insurance,SF Bay Area,Finance,United States,2023-10-26,120,.2000,Post-IPO,1300,2023-10-27 16:02:12.0000000
Hirect,Bengaluru,Recruiting,India,2022-11-28,200,.4000,Series A,,2022-11-29 04:27:35.0000000
Hired,SF Bay Area,Recruiting,United States,2020-06-30,,,Series D,132,2020-07-09 17:31:52.0000000
Hireology,Chicago,Recruiting,United States,2020-05-12,36,.1700,Series D,52,2020-05-13 17:08:23.0000000
Hodinkee,New York City,Retail,United States,2023-09-05,24,.2000,Seed,40,2023-09-06 01:54:32.0000000
Hodlnaut,Singapore,Crypto,Singapore,2022-08-19,40,.8000,Unknown,,2022-08-20 03:37:56.0000000
Hologram,Chicago,Infrastructure,United States,2022-06-09,80,.4000,Series B,82,2022-06-09 15:24:49.0000000
Hologram,Chicago,Infrastructure,United States,2024-01-12,,,Unknown,82,2024-01-18 01:16:22.0000000
Homebot,Denver,Real Estate,United States,2022-12-19,18,.1300,Acquired,4,2023-01-20 01:14:13.0000000
Homebound,SF Bay Area,Real Estate,United States,2022-12-02,,,Unknown,128,2022-12-03 05:20:31.0000000
Homeday,Berlin,Real Estate,Germany,2023-09-12,40,.2000,Unknown,71,2023-09-13 01:07:07.0000000
HomeLane,Bengaluru,Retail,India,2023-03-06,30,,Series E,116,2023-04-08 01:09:32.0000000
HomeLight,SF Bay Area,Real Estate,United States,2022-06-29,,.1900,Series D,743,2022-06-30 03:15:54.0000000
Homepoint,Phoenix,Real Estate,United States,2022-11-17,113,,Post-IPO,,2022-11-19 23:33:13.0000000
Hometap,Boston,Real Estate,United States,2023-03-15,,,Unknown,172,2023-03-18 16:11:10.0000000
Homeward,Austin,Real Estate,United States,2022-08-10,,.2000,Series B,160,2022-08-10 21:57:12.0000000
Homeward,Austin,Real Estate,United States,2022-11-16,,.2500,Unknown,501,2022-11-19 23:55:01.0000000
Homie,Salt Lake City,Real Estate,United States,2022-02-14,119,.2900,Series B,35,2022-02-11 21:07:58.0000000
Homie,Salt Lake City,Real Estate,United States,2022-10-04,40,.1300,Series B,35,2022-10-06 04:46:30.0000000
Homie,Salt Lake City,Real Estate,United States,2023-11-06,,,Series B,35,2023-11-07 04:18:36.0000000
Homie,Salt Lake City,Real Estate,United States,2024-04-19,,,Series B,35,2024-04-20 21:58:05.0000000
Homology,Boston,Healthcare,United States,2023-07-28,,,Post-IPO,187,2023-07-29 03:26:52.0000000
Honor,SF Bay Area,Healthcare,United States,2023-06-27,,.1500,Unknown,625,2024-01-31 19:33:07.0000000
HOOQ,Singapore,Consumer,Singapore,2020-03-27,250,1.0000,Unknown,95,2020-04-18 13:33:15.0000000
Hooray Foods,SF Bay Area,Food,United States,2023-09-17,,1.0000,Seed,7,2023-09-21 07:10:46.0000000
Hootsuite,Vancouver,Marketing,Canada,2022-08-09,400,.3000,Series C,300,2022-08-09 17:35:53.0000000
Hootsuite,Vancouver,Marketing,Canada,2022-11-01,50,.0500,Series C,300,2022-11-01 19:42:39.0000000
Hootsuite,Vancouver,Marketing,Canada,2023-01-18,70,.0700,Series C,300,2023-01-18 19:54:14.0000000
Hopin,London,Other,United Kingdom,2022-07-11,242,.2900,Series D,1000,2022-07-11 17:12:44.0000000
Hopin,London,Other,United Kingdom,2022-11-16,,.1700,Series D,1000,2022-11-17 01:00:45.0000000
Hopin,London,Other,United Kingdom,2024-05-07,,,Series D,1000,2024-05-09 03:25:07.0000000
Hopin,London,Other,United States,2022-02-10,138,.1200,Series D,1000,2022-02-11 01:18:28.0000000
Hopper,Boston,Travel,United States,2020-04-06,,,Series D,183,2020-04-06 22:05:52.0000000
Hopper,Montreal,Travel,Canada,2023-10-04,250,.3000,Unknown,730,2023-10-04 17:37:40.0000000
HopSkipDrive,Los Angeles,Transportation,United States,2020-03-13,8,.1000,Unknown,45,2020-04-03 04:47:03.0000000
HopSkipDrive,Los Angeles,Transportation,United States,2020-08-12,,,Unknown,45,2020-08-13 04:50:50.0000000
Horizn Studios,Berlin,Travel,Germany,2020-04-24,15,.2500,Series B,30,2020-04-27 14:26:06.0000000
Hotmart,Belo Horizonte,Marketing,Brazil,2022-10-20,227,.1200,Series C,127,2022-10-22 03:31:53.0000000
Houzz,SF Bay Area,Consumer,United States,2020-04-21,155,.1000,Series E,613,2020-04-21 19:34:23.0000000
Houzz,SF Bay Area,Consumer,United States,2022-12-07,95,.0800,Series E,613,2022-12-21 16:16:58.0000000
Hoxhunt,Helsinki,Security,Finland,2023-01-29,,,Series B,43,2023-02-01 05:12:47.0000000
HP,Tel Aviv,Hardware,Israel,2023-02-19,100,,Post-IPO,4200,2023-02-20 04:15:39.0000000
Huawei,Shenzen,Hardware,China,2022-10-16,,,Unknown,,2023-02-06 19:14:25.0000000
Hubba,Toronto,Retail,Canada,2021-02-01,45,1.0000,Series B,61,2021-02-03 18:03:36.0000000
HubHaus,SF Bay Area,Real Estate,United States,2020-09-11,,1.0000,Series A,13.399999618530273,2020-09-12 01:54:26.0000000
Hubilo,SF Bay Area,Marketing,United States,2022-07-12,45,.1200,Series B,153,2022-07-13 21:45:35.0000000
Hubilo,SF Bay Area,Other,United States,2023-01-19,115,.3500,Series B,153,2023-01-20 01:03:30.0000000
Hubilo,SF Bay Area,Other,United States,2023-10-30,50,,Series B,153,2023-11-02 03:18:02.0000000
HubSpot,Boston,Marketing,United States,2023-01-31,500,.0700,Post-IPO,100,2023-01-31 16:33:45.0000000
HubSpot,Boston,Marketing,United States,2024-01-24,,,Post-IPO,100,2024-01-25 14:35:26.0000000
HuffPo,New York City,Media,United States,2021-03-09,47,,Acquired,37,2021-03-09 18:46:02.0000000
Hulu,Beijing,Media,China,2023-03-30,200,,Acquired,683,2023-03-31 04:00:11.0000000
Huma,London,Healthcare,United Kingdom,2023-08-30,45,.1000,Unknown,217,2023-08-30 23:46:42.0000000
Humane,SF Bay Area,Hardware,United States,2024-01-09,10,.0400,Series C,230,2024-01-10 21:53:30.0000000
HumanForest,London,Transportation,United Kingdom,2020-09-25,,,Private Equity,1.5399999618530273,2020-09-28 19:51:42.0000000
Humble,SF Bay Area,Media,United States,2022-04-15,10,,Acquired,4,2022-06-14 14:59:06.0000000
Humu,SF Bay Area,HR,United States,2020-04-02,26,,Series B,40,2020-04-03 15:02:40.0000000
Hunty,Bogota,HR,Colombia,2022-06-14,30,,Seed,6,2022-06-15 14:27:17.0000000
Huobi,Beijing,Crypto,China,2022-06-28,300,.3000,Unknown,2,2022-06-29 03:50:20.0000000
Huobi,Beijing,Crypto,China,2023-01-06,275,.2000,Unknown,2,2023-01-06 23:12:54.0000000
Huuuge Games,Warsaw,Consumer,Poland,2023-03-20,,.1000,Series C,57,2023-03-21 03:42:01.0000000
Hydrow,Boston,Fitness,United States,2022-07-18,,.3500,Series D,269,2022-07-20 03:36:47.0000000
Hydrow,Boston,Fitness,United States,2023-01-19,30,,Series D,269,2023-01-21 22:41:08.0000000
Hyland Software,Cleveland,Other,United States,2023-04-03,1000,.2000,Acquired,,2023-04-04 04:27:03.0000000
Hypefast,Jakarta,Retail,Indonesia,2023-08-22,,.3000,Series A,33,2023-08-25 20:24:49.0000000
Hyperloop One,Los Angeles,Transportation,United States,2023-12-21,,1.0000,Unknown,368,2023-12-22 00:50:48.0000000
Hyperscience,New York City,Data,United States,2022-03-03,100,.2500,Series E,289,2022-03-04 00:14:26.0000000
IAC,New York City,Consumer,United States,2024-01-10,330,,Post-IPO,,2024-01-13 16:02:16.0000000
IAM Robotics,Pittsburgh,Hardware,United States,2023-01-19,,,Unknown,21,2023-01-21 00:52:38.0000000
IBM,New York City,Hardware,United States,2023-01-25,3900,.0200,Post-IPO,,2023-01-25 23:13:59.0000000
IBM,New York City,Hardware,United States,2024-03-12,,,Post-IPO,,2024-03-17 16:28:38.0000000
IBM,Tel Aviv,Hardware,United States,2023-07-17,,,Post-IPO,,2023-07-19 16:41:01.0000000
Ibotta,Denver,Retail,United States,2020-04-07,87,.1500,Series D,85,2020-04-12 06:44:26.0000000
iCAD,Nashua,Healthcare,United States,2023-03-29,23,.2800,Post-IPO,59,2023-04-08 01:12:21.0000000
ICANN,Los Angeles,Infrastructure,United States,2024-05-30,33,.0700,Unknown,,2024-06-05 18:07:23.0000000
Icertis,Seattle,Legal,United States,2023-01-19,,,Unknown,521,2023-01-20 04:50:27.0000000
Icon,Austin,Construction,United States,2023-01-24,,,Series B,451,2023-01-25 14:59:52.0000000
ID.me,Washington D.C.,Security,United States,2022-06-07,130,,Unknown,275,2022-06-08 02:24:03.0000000
Identiq,Tel Aviv,Security,Israel,2024-04-01,20,.4400,Series A,52,2024-04-02 16:48:50.0000000
Ideoclick,Seattle,Retail,United States,2022-05-04,40,,Series A,7,2022-05-09 01:57:34.0000000
iFit,Logan,Fitness,United States,2021-12-08,,,Private Equity,200,2022-11-22 17:52:40.0000000
iFit,Logan,Fitness,United States,2022-02-25,,,Private Equity,200,2022-11-22 17:51:21.0000000
iFit,Logan,Fitness,United States,2022-11-14,300,.2000,Private Equity,200,2022-11-17 00:04:02.0000000
Iflix,Kuala Lumpur,Consumer,Malaysia,2020-04-04,50,.1200,Unknown,348,2020-06-11 23:20:28.0000000
iFood,Sao Paulo,Food,Brazil,2023-03-01,355,.0600,Subsidiary,2100,2023-03-02 04:13:25.0000000
Igenous,Seattle,Data,United States,2020-11-17,,,Series C,67,2020-11-19 23:14:53.0000000
Ignite,SF Bay Area,Crypto,United States,2022-07-11,,.5000,Series A,9,2022-07-13 04:58:37.0000000
Ignition,Sydney,Finance,Australia,2023-01-16,,.1000,Series C,74,2023-01-17 04:23:54.0000000
Ike,SF Bay Area,Transportation,United States,2020-04-22,10,.1400,Series A,52,2020-04-22 22:53:18.0000000
Illumina,San Diego,Healthcare,United States,2022-11-14,500,.0500,Post-IPO,28,2022-11-17 00:51:24.0000000
Illumina,San Diego,Healthcare,United States,2023-06-21,,,Post-IPO,28,2023-06-27 22:09:27.0000000
Illumina,San Diego,Healthcare,United States,2023-08-17,151,,Post-IPO,28,2023-08-19 15:33:35.0000000
Illumina,San Diego,Healthcare,United States,2024-02-01,111,,Post-IPO,28,2024-02-03 01:51:41.0000000
Immersive Labs,Bristol,Security,United Kingdom,2022-08-30,38,.1000,Series C,123,2022-09-01 02:37:56.0000000
Immutable,Sydney,Crypto,Australia,2022-07-26,20,.0600,Series C,279,2022-07-28 03:35:27.0000000
Immutable,Sydney,Crypto,Australia,2023-02-22,,.1100,Series C,279,2023-02-22 15:18:48.0000000
Impact.com,Los Angeles,Marketing,United States,2022-08-25,,.1000,Private Equity,361,2022-08-25 15:02:37.0000000
Impact.com,Los Angeles,Sales,United States,2024-02-05,40,.0300,Private Equity,361,2024-02-06 17:03:56.0000000
Impala,London,Travel,United Kingdom,2022-06-01,30,.3500,Series B,32,2022-06-10 19:14:58.0000000
Imperfect Foods,SF Bay Area,Food,United States,2021-09-22,,,Series D,229,2022-06-14 14:46:41.0000000
Imperfect Foods,SF Bay Area,Food,United States,2022-07-29,50,,Series D,229,2022-07-30 23:20:00.0000000
Impinj,Seattle,Other,United States,2024-02-13,50,.1000,Post-IPO,137,2024-03-14 15:44:27.0000000
Impossible Foods,SF Bay Area,Food,United States,2022-10-06,50,.0600,Series H,1900,2022-10-07 23:27:45.0000000
Impossible Foods copy,SF Bay Area,Food,United States,2023-01-30,140,.2000,Series H,1900,2023-01-31 01:32:26.0000000
Improbable,London,Other,United Kingdom,2022-12-16,,.1000,Unknown,704,2022-12-18 04:18:22.0000000
Included Health,SF Bay Area,Healthcare,United States,2022-07-25,,.0600,Series E,272,2022-07-26 15:31:50.0000000
Incredible Health,SF Bay Area,Healthcare,United States,2020-04-01,9,.4000,Series A,15,2020-04-07 14:18:08.0000000
Incredibuild,Tel Aviv,Product,Israel,2023-12-05,40,.2000,Series B,35,2023-12-07 19:19:27.0000000
Increff,Bengaluru,Retail,India,2023-08-01,,.2000,Series B,17,2023-08-02 00:28:49.0000000
InDebted,Sydney,Finance,Australia,2022-07-26,40,.1700,Series B,41,2022-07-26 15:27:00.0000000
Indeed,Austin,HR,United States,2023-03-22,2200,.1500,Acquired,5,2023-03-22 16:24:35.0000000
Indeed,Austin,HR,United States,2024-05-13,1000,.0800,Acquired,5,2024-05-13 18:21:23.0000000
Indigo,Boston,Other,United States,2021-02-09,80,,Series F,1200,2021-02-11 22:42:26.0000000
Indigo,Boston,Other,United States,2023-03-03,,,Series F,1200,2023-03-04 00:48:13.0000000
Indigo,Boston,Other,United States,2023-08-01,,,Series F,1200,2023-08-01 20:59:26.0000000
Indigo,Boston,Other,United States,2024-02-01,,,Series F,1200,2024-02-02 00:10:48.0000000
inDrive,SF Bay Area,Transportation,United States,2023-08-01,,.1000,Unknown,387,2023-08-01 16:48:48.0000000
Industrious,New York City,Real Estate,United States,2020-04-02,90,.2000,Series D,222,2020-04-03 14:21:11.0000000
Infarm,Berlin,Other,Germany,2022-09-14,50,.0500,Series D,604,2022-09-15 03:39:02.0000000
Infarm,Berlin,Other,Germany,2022-11-28,500,.5000,Series D,604,2022-11-29 04:21:05.0000000
Influitive,Toronto,Marketing,Canada,2020-04-17,,,Unknown,59,2020-04-27 04:12:47.0000000
InfluxData,SF Bay Area,Data,United States,2022-11-10,65,.2700,Series D,119,2022-11-12 04:19:56.0000000
Infogrid,London,Other,United Kingdom,2022-11-16,,,Series A,15,2022-12-03 05:15:07.0000000
Informatica,SF Bay Area,Data,United States,2023-01-10,450,.0700,Post-IPO,,2023-01-10 23:49:16.0000000
Informatica,SF Bay Area,Data,United States,2023-11-01,545,.1000,Post-IPO,,2023-11-02 03:18:45.0000000
InfoSum,London,Security,United Kingdom,2022-10-19,20,.1200,Series B,88,2022-11-10 23:11:27.0000000
Inmobi,Bengaluru,Marketing,India,2023-01-23,50,,Unknown,320,2023-01-23 15:59:42.0000000
Inmobi,Bengaluru,Marketing,India,2024-01-11,125,.0500,Unknown,320,2024-01-12 04:40:15.0000000
Innovaccer,SF Bay Area,Healthcare,United States,2022-09-01,90,.0800,Series E,379,2022-09-01 23:07:45.0000000
Innovaccer,SF Bay Area,Healthcare,United States,2023-01-24,245,.1500,Series E,379,2023-01-24 16:21:30.0000000
Innovid,New York City,Marketing,United States,2023-01-23,40,.1000,Post-IPO,295,2023-01-24 16:28:18.0000000
Innoviz,Tel Aviv,Transportation,Israel,2024-01-31,60,.1300,Post-IPO,547,2024-02-01 17:11:16.0000000
Inscribe,SF Bay Area,Finance,United States,2024-03-08,,.4000,Series B,39,2024-03-09 00:58:08.0000000
Inscripta,Boulder,Healthcare,United States,2022-12-08,43,,Series E,459,2022-12-09 05:02:33.0000000
Insider,New York City,Media,United States,2023-04-20,,.1000,Unknown,,2023-04-20 15:58:48.0000000
Insider Intelligence,New York City,Media,United States,2023-06-29,20,,Subsidiary,,2023-06-30 16:22:06.0000000
InSightec,Haifa,Healthcare,United States,2023-12-19,100,.2000,Unknown,733,2023-12-20 21:39:04.0000000
Inspectify,Seattle,Real Estate,United States,2022-11-28,,,Series A,11,2022-11-30 06:10:07.0000000
Inspirato,Denver,Travel,United States,2020-03-16,130,.2200,Series C,79,2020-03-31 14:45:56.0000000
Inspirato,Denver,Travel,United States,2023-01-18,109,.1200,Post-IPO,179,2023-01-20 01:07:08.0000000
Inspirato,Denver,Travel,United States,2023-07-19,50,.0600,Post-IPO,179,2023-07-20 22:37:16.0000000
Instacart,SF Bay Area,Food,United States,2021-01-21,1877,,Unknown,2400,2021-01-21 22:15:59.0000000
Instacart,SF Bay Area,Food,United States,2022-09-24,,,Unknown,2900,2022-09-26 15:44:35.0000000
Instacart,SF Bay Area,Food,United States,2024-02-13,250,.0700,Post-IPO,2900,2024-02-13 21:17:45.0000000
Instagram,SF Bay Area,Consumer,United States,2024-01-10,60,,Acquired,57,2024-01-12 01:56:23.0000000
Instamojo,Bengaluru,Finance,India,2020-04-02,6,.0600,Unknown,8,2020-04-12 05:58:54.0000000
Instructure,Salt Lake City,Education,United States,2020-05-27,150,.1200,Acquired,89,2020-05-27 21:54:42.0000000
Intapp,SF Bay Area,Legal,United States,2020-05-18,45,.0500,Private Equity,,2020-05-19 04:27:05.0000000
Integral Ad Science,New York City,Marketing,United States,2020-05-14,70,.1000,Acquired,116,2020-05-14 22:15:08.0000000
Integral Ad Science,New York City,Marketing,United States,2022-12-07,120,.1300,Acquired,116,2022-12-08 06:23:13.0000000
Integrate,Phoenix,Marketing,United States,2023-01-07,,,Acquired,80,2023-03-21 23:30:50.0000000
Integrate.ai,Toronto,Support,Canada,2020-06-09,26,,Unknown,39.599998474121094,2020-06-30 16:09:12.0000000
Intel,Sacramento,Hardware,United States,2023-12-21,311,,Post-IPO,12,2023-12-19 17:16:36.0000000
Intel,SF Bay Area,Hardware,United States,2022-12-06,201,,Post-IPO,12,2022-12-30 15:57:23.0000000
Intel,SF Bay Area,Hardware,United States,2023-01-30,343,,Post-IPO,12,2023-01-31 04:42:51.0000000
Intel,SF Bay Area,Hardware,United States,2023-08-17,140,,Post-IPO,12,2023-08-19 15:36:35.0000000
Intel,SF Bay Area,Hardware,United States,2024-04-09,62,,Post-IPO,12,2024-04-12 02:03:46.0000000
IntelyCare,Boston,Healthcare,United States,2023-07-10,,,Series C,171,2023-07-11 01:50:24.0000000
Intercom,SF Bay Area,Support,United States,2020-05-20,39,.0600,Series D,240,2020-05-20 23:34:12.0000000
Intercom,SF Bay Area,Support,United States,2022-09-07,49,.0500,Series D,240,2022-09-08 03:48:14.0000000
Intercom,SF Bay Area,Support,United States,2022-11-14,124,.1300,Series D,240,2022-11-14 19:32:41.0000000
Intersect,Toronto,Product,Canada,2020-05-13,19,.1100,Acquired,,2020-05-13 21:17:43.0000000
Intrinsic,SF Bay Area,Other,United States,2023-01-11,40,.2000,Acquired,,2023-01-12 15:03:14.0000000
Introhive,Ferdericton,Sales,Canada,2022-07-20,57,.1600,Series C,125,2022-07-22 19:23:42.0000000
Intuit,SF Bay Area,Finance,United States,2020-06-22,715,.0700,Post-IPO,18,2020-06-22 22:14:03.0000000
InvestCloud,Los Angeles,Finance,United States,2023-10-06,80,.0500,Private Equity,54,2023-10-06 23:08:12.0000000
InVision,New York City,Product,United States,2020-08-14,,,Series F,350.20001220703125,2020-08-19 15:48:39.0000000
InVision,New York City,Product,United States,2021-10-05,22,,Unknown,356,2022-05-07 21:49:53.0000000
InVision,New York City,Product,United States,2022-07-21,,.5000,Series F,356,2022-07-21 19:22:29.0000000
InVision,New York City,Product,United States,2024-01-04,,1.0000,Series F,356,2024-01-05 00:28:50.0000000
Invitae,SF Bay Area,Healthcare,United States,2022-07-19,1000,,Post-IPO,2000,2022-07-19 16:23:50.0000000
Invitae,SF Bay Area,Healthcare,United States,2023-12-13,235,.1500,Post-IPO,2500,2023-12-15 01:39:59.0000000
Involves,Florianópolis,Retail,Brazil,2022-07-13,70,.1800,Unknown,23,2022-07-20 03:40:55.0000000
iPrice Group,Kuala Lumpur,Retail,Malaysia,2022-06-08,50,.2000,Unknown,26,2022-06-30 03:04:06.0000000
iQiyi Smart,Beijing,Other,China,2023-08-14,,,Series C,,2023-08-15 16:34:29.0000000
Iress,Melbourne,Finance,Australia,2023-04-20,,.1000,Unknown,,2023-09-24 17:49:13.0000000
Iris Nova,New York City,Food,United States,2020-03-30,9,.5000,Seed,15,2020-04-01 00:45:36.0000000
IRL,SF Bay Area,Consumer,United States,2022-06-02,25,.2500,Series C,197,2022-06-02 20:29:40.0000000
IRL,SF Bay Area,Consumer,United States,2023-06-23,,1.0000,Series C,197,2023-06-25 23:04:16.0000000
iRobot,Boston,Consumer,United States,2022-08-05,140,.1000,Acquired,30,2022-08-05 19:28:04.0000000
iRobot,Boston,Consumer,United States,2023-02-13,85,.0700,Acquired,30,2023-02-14 15:06:56.0000000
iRobot,Boston,Consumer,United States,2024-01-29,350,.3100,Post-IPO,30,2024-01-29 16:47:29.0000000
Iron Ox,SF Bay Area,Food,United States,2022-11-02,50,.5000,Series C,103,2022-11-03 04:27:09.0000000
IronNet,Washington D.C.,Security,United States,2022-06-22,55,.1700,Post-IPO,410,2022-06-25 00:16:32.0000000
IronNet,Washington D.C.,Security,United States,2022-06-22,90,.3500,Post-IPO,410,2022-09-17 14:34:04.0000000
IronNet,Washington D.C.,Security,United States,2023-10-02,,1.0000,Post-IPO,428,2023-10-04 02:21:17.0000000
iSpecimen,Boston,Healthcare,United States,2023-09-06,,.2000,Post-IPO,31,2023-09-09 14:27:47.0000000
Jam City,Los Angeles,Consumer,United States,2022-08-04,200,.1700,Unknown,652,2022-08-04 23:35:47.0000000
Jama,Portland,Product,United States,2020-03-25,12,.0500,Unknown,233,2020-03-28 20:52:49.0000000
Jamf,Minneapolis,Other,United States,2024-01-25,,.0600,Post-IPO,332,2024-01-25 14:40:34.0000000
Jane,Lehi,Retail,United States,2023-11-17,,1.0000,Series A,40,2023-11-22 16:08:55.0000000
Jasper,Montreal,AI,Canada,2023-07-11,,,Series A,131,2023-07-14 20:41:26.0000000
Jasper Health,Boise,Healthcare,United States,2024-05-31,,,Series A,32,2024-06-01 18:33:03.0000000
JD.ID,Jakarta,Retail,Indonesia,2022-12-14,200,.3000,Post-IPO,5100,2022-12-15 02:19:38.0000000
Jellyfish,Boston,Product,United States,2023-01-13,,.0900,Series C,114,2023-01-14 17:33:26.0000000
Jellysmack,New York City,Media,United States,2022-06-09,,.0800,Series C,22,2022-06-10 04:26:49.0000000
Jellysmack,Paris,Media,France,2023-02-15,208,,Series C,22,2023-02-16 17:46:29.0000000
Jellysmack,Paris,Media,France,2023-05-25,13,,Series C,22,2024-01-20 01:59:36.0000000
Jellysmack,Paris,Media,France,2023-12-15,,,Series C,22,2024-01-20 01:55:01.0000000
JetClosing,Seattle,Real Estate,United States,2020-04-27,20,.2000,Series A,24,2020-04-28 03:55:45.0000000
JetClosing,Seattle,Real Estate,United States,2022-06-15,,1.0000,Series B,44,2022-08-02 03:47:02.0000000
Jetty,New York City,Finance,United States,2020-04-03,35,.4000,Series B,40,2020-04-06 21:21:41.0000000
Jimdo,Hamburg,Other,Germany,2022-11-15,50,.1600,Unknown,28,2022-11-17 00:05:36.0000000
Jiobit,Chicago,Consumer,United States,2020-04-24,6,.2100,Unknown,12,2020-04-25 05:58:11.0000000
Jobcase,Boston,Recruiting,United States,2020-04-02,39,.2000,Private Equity,118,2020-04-02 17:11:31.0000000
Jodo,Bengaluru,Finance,India,2023-11-20,100,,Series A,19,2023-11-20 20:37:16.0000000
JOIN,Berlin,Recruiting,Germany,2023-08-23,,,Unknown,,2023-08-25 20:49:41.0000000
JOKR,New York City,Food,United States,2022-06-16,50,.0500,Series B,430,2022-06-19 18:40:46.0000000
Joonko,New York City,HR,United States,2024-05-19,,1.0000,Series B,38,2024-05-23 02:16:59.0000000
Joonko,New York City,Recruiting,United States,2023-06-25,,1.0000,Series B,38,2023-06-27 15:51:38.0000000
Jounce Therapeutics,Boston,Healthcare,United States,2023-02-22,,.5700,Acquired,194,2023-02-26 02:09:16.0000000
Journera,Chicago,Travel,United States,2024-02-08,,1.0000,Series B,31,2024-02-10 00:36:47.0000000
Jumia,Lagos,Retail,Nigeria,2022-11-21,900,.2000,Post-IPO,1200,2022-12-21 17:00:12.0000000
Jumio,SF Bay Area,Security,United States,2023-01-11,100,.0600,Private Equity,205,2023-01-12 16:19:35.0000000
Jump,New York City,Transportation,United States,2020-05-07,500,1.0000,Acquired,11,2020-05-08 14:37:11.0000000
Jumpcloud,Boulder,Security,United States,2023-01-18,100,.1200,Series F,416,2023-01-18 22:01:34.0000000
Jungle Scout,Austin,Retail,United States,2023-12-09,,,Private Equity,110,2023-12-12 15:12:30.0000000
Juni,Gothenburg,Finance,Sweden,2022-11-17,72,.3300,Unknown,281,2022-11-19 23:28:55.0000000
Juniper,Atlanta,Marketing,United States,2022-11-11,,,Acquired,,2022-11-17 04:28:59.0000000
Juniper Networks,SF Bay Area,Hardware,United States,2023-10-06,440,.0400,Post-IPO,39,2024-01-09 23:42:12.0000000
Juniper Square,SF Bay Area,Real Estate,United States,2022-09-06,,.1400,Series C,108,2022-09-06 21:21:31.0000000
JupiterOne,Raleigh,Security,United States,2023-06-13,8,,Series C,119,2023-06-14 03:45:09.0000000
Just Eat,London,Food,United Kingdom,2023-03-21,1700,,Acquired,,2023-03-21 23:55:29.0000000
Just Eat Takeaway,Amsterdam,Food,Netherlands,2022-07-20,390,,Post-IPO,2800,2022-07-20 15:08:01.0000000
Juul,SF Bay Area,Consumer,United States,2020-05-05,900,.3000,Unknown,1500,2020-05-06 15:23:07.0000000
Juul,SF Bay Area,Consumer,United States,2022-11-10,400,.3000,Unknown,1500,2022-11-10 22:01:09.0000000
Kabam,SF Bay Area,Consumer,United States,2022-11-09,35,.0700,Acquired,244,2022-11-09 21:14:41.0000000
Kabam,SF Bay Area,Consumer,United States,2023-05-25,,.1200,Acquired,244,2023-05-26 04:30:34.0000000
Kaleidoscope,Minneapolis,Finance,United States,2023-03-14,15,.3000,Series A,16,2023-03-17 00:22:41.0000000
Kaltura,New York City,Media,United States,2022-08-09,,.1000,Post-IPO,166,2022-08-09 14:45:29.0000000
Kaltura,New York City,Media,United States,2023-01-04,75,.1100,Post-IPO,166,2023-01-06 01:41:17.0000000
Kandela,Los Angeles,Consumer,United States,2023-03-02,,1.0000,Acquired,,2023-03-05 02:35:43.0000000
Kandji,San Diego,Other,United States,2022-11-17,,.1700,Series C,188,2022-11-19 23:51:59.0000000
Kandji,San Diego,Other,United States,2024-02-09,,,Series C,188,2024-02-12 20:57:06.0000000
Kaodim,Selangor,Consumer,United States,2022-06-02,,1.0000,Series B,17,2022-06-11 04:04:05.0000000
Kape,London,Security,United Kingdom,2023-07-28,180,,Post-IPO,188,2023-08-05 17:23:46.0000000
Kape Technologies,London,Security,United Kingdom,2023-07-30,200,.3000,Post-IPO,188,2023-07-30 23:11:05.0000000
Kapten / Free Now,Paris,Transportation,France,2020-05-21,,,Acquired,100,2020-05-28 14:17:33.0000000
Karakuki,London,Food,United Kingdom,2023-06-20,,1.0000,Unknown,13,2023-06-22 00:19:45.0000000
Karat,Seattle,HR,United States,2023-01-20,47,,Unknown,169,2023-01-21 22:39:15.0000000
Karat,Seattle,HR,United States,2023-06-28,47,,Unknown,169,2023-06-30 14:59:42.0000000
Karat Financial,Los Angeles,Finance,United States,2023-10-27,,,Series B,116,2023-10-27 23:06:35.0000000
Karbon,SF Bay Area,Other,United States,2022-09-12,,.2300,Series B,91,2022-09-15 03:42:43.0000000
Karhoo,London,Transportation,United Kingdom,2024-05-16,,1.0000,Acquired,39,2024-06-03 14:58:05.0000000
Karma,Tel Aviv,Retail,Israel,2023-05-04,20,.2800,Series A,34,2023-05-05 23:40:13.0000000
Karshare,London,Transportation,United Kingdom,2023-06-16,,1.0000,Seed,4,2023-06-17 00:37:07.0000000
Kaseya,Miami,Security,United States,2024-04-03,,,Unknown,547,2024-04-05 03:03:16.0000000
Kaspien,Seattle,Retail,United States,2023-12-19,,1.0000,Post-IPO,52,2023-12-22 00:48:13.0000000
Katerra,SF Bay Area,Construction,United States,2020-04-02,240,.0300,Series D,1200,2020-04-04 16:11:24.0000000
Katerra,SF Bay Area,Construction,United States,2020-06-29,400,.0700,Series E,1300,2020-06-30 15:49:37.0000000
Katerra,SF Bay Area,Construction,United States,2021-06-01,2434,1.0000,Unknown,1600,2021-06-01 19:36:52.0000000
Kavak,Sao Paulo,Transportation,Brazil,2022-06-08,150,,Series E,1600,2022-06-09 19:00:48.0000000
Kavak,Sao Paulo,Transportation,Brazil,2022-11-18,,,Series E,1600,2022-11-20 00:03:44.0000000
Kayak / OpenTable,Stamford,Travel,United States,2020-04-29,160,.0800,Acquired,229,2020-04-30 04:07:09.0000000
Kayak / OpenTable,Stamford,Travel,United States,2023-10-16,80,,Acquired,229,2023-10-17 23:06:37.0000000
Kazoo,Austin,HR,United States,2020-03-31,,.3500,Series A,8,2020-04-01 00:50:59.0000000
Keepe,Seattle,Real Estate,United States,2022-06-10,,,Unknown,6,2022-06-11 03:57:40.0000000
KeepTruckin,SF Bay Area,Logistics,United States,2020-03-31,349,.1800,Series D,227,2020-04-01 04:11:33.0000000
Kenko Health,Mumbai,Healthcare,India,2023-08-29,50,.2000,Unknown,14,2023-08-29 15:18:58.0000000
Kenko Health,Mumbai,Healthcare,India,2023-08-30,50,.2000,Series A,14,2023-09-01 02:35:51.0000000
Kenoby,Sao Paulo,Recruiting,Brazil,2020-04-08,18,.1600,Unknown,23,2020-04-12 06:37:34.0000000
Kevin,Vilnius,Finance,Lithuania,2024-02-29,,.1400,Series A,79,2024-03-05 20:29:13.0000000
Khatabook,Bengaluru,Finance,India,2023-09-01,42,,Series C,187,2023-09-04 23:08:53.0000000
Khoros,Austin,Sales,United States,2022-10-21,120,.1000,Private Equity,138,2022-10-22 15:59:02.0000000
Khoros,Austin,Sales,United States,2023-07-13,,.0500,Private Equity,138,2023-07-19 16:43:58.0000000
Kiavi,SF Bay Area,Real Estate,United States,2022-07-14,39,.0700,Series E,240,2022-07-22 23:52:42.0000000
Kickstarter,New York City,Finance,United States,2020-05-13,25,.1800,Unknown,10,2020-05-13 21:38:18.0000000
Kinaxis,Ottawa,Other,Canada,2024-05-08,,.0600,Post-IPO,79,2024-05-23 04:16:52.0000000
Kinde,Sydney,Other,Australia,2023-02-20,8,.2800,Seed,10,2023-02-20 04:15:48.0000000
Kite,SF Bay Area,Product,United States,2022-11-16,,1.0000,Series A,21,2022-11-25 04:06:03.0000000
Kitopi,Dubai,Food,United States,2022-11-21,93,.1000,Series C,804,2022-11-23 04:32:47.0000000
Kitopi,New York City,Food,United States,2020-04-29,124,,Series B,89,2020-04-29 23:00:21.0000000
Kitty Hawk,SF Bay Area,Aerospace,United States,2020-06-03,70,,Unknown,1,2020-06-03 23:28:41.0000000
Kitty Hawk,SF Bay Area,Aerospace,United States,2022-09-21,100,1.0000,Unknown,1,2022-09-22 15:06:28.0000000
Kiwi.com,Brno,Travel,Czech Republic,2024-01-30,216,.1800,Unknown,107,2024-01-30 16:43:30.0000000
KiwiCo,SF Bay Area,Retail,United States,2022-06-07,40,,Unknown,11,2022-06-17 03:04:37.0000000
Klarna,Stockholm,Finance,Sweden,2022-05-23,700,.1000,Unknown,3700,2022-05-23 15:56:45.0000000
Klarna,Stockholm,Finance,Sweden,2022-09-22,100,,Unknown,3700,2022-09-22 15:14:42.0000000
Klaviyo,Boston,Marketing,United States,2023-03-15,140,,Unknown,778,2023-03-16 01:12:14.0000000
Kleos Space,Luxembourg,Aerospace,Luxembourg,2023-07-26,,1.0000,Post-IPO,17,2023-07-27 23:56:31.0000000
Klook,Hong Kong,Travel,Hong Kong,2020-04-20,300,.1500,Series D,521,2020-05-06 03:43:48.0000000
Knock,New York City,Real Estate,United States,2022-03-15,115,.4600,Unknown,654,2022-03-17 15:04:14.0000000
Knotel,New York City,Real Estate,United States,2020-03-27,127,.3000,Series C,560,2020-03-28 20:52:49.0000000
Knotel,New York City,Real Estate,United States,2020-10-29,20,.0800,Series C,560,2020-11-03 16:13:56.0000000
KnownOrigin,Manchester,Crypto,United Kingdom,2024-02-20,,.3000,Acquired,3,2024-02-21 04:26:50.0000000
Kodiak Robotics,SF Bay Area,Transportation,United States,2020-04-15,15,.2000,Series A,40,2020-04-16 22:41:52.0000000
Kogan,Melbourne,Retail,Australia,2022-08-23,,,Post-IPO,,2022-08-25 03:51:57.0000000
Koho,Toronto,Finance,Canada,2022-11-17,15,.0400,Series D,278,2022-11-20 00:17:18.0000000
Koho,Toronto,Finance,Canada,2023-02-08,,.1400,Series D,278,2023-02-08 17:50:03.0000000
Koinly,London,Crypto,United Kingdom,2022-12-06,16,.1400,Unknown,,2022-12-07 06:19:29.0000000
KoinWorks,Jakarta,Finance,Indonesia,2022-11-04,70,.0800,Unknown,180,2022-11-27 23:31:11.0000000
Komodo Health,SF Bay Area,Healthcare,United States,2020-04-20,23,.0900,Series C,50,2020-04-21 01:53:50.0000000
Komodo Health,SF Bay Area,Healthcare,United States,2022-12-13,78,.0900,Series E,514,2022-12-13 20:11:49.0000000
Konfio,Mexico City,Finance,United States,2022-09-23,180,,Series E,706,2022-11-10 01:05:19.0000000
Kongregate,SF Bay Area,Media,United States,2020-07-01,12,,Series C,19,2020-07-03 01:22:34.0000000
Kontist,Berlin,Finance,Germany,2022-05-25,50,.2500,Series B,53,2022-05-25 13:51:39.0000000
Koo,Bengaluru,Consumer,India,2022-08-31,40,,Series B,44,2022-09-01 02:39:06.0000000
Koo,Bengaluru,Consumer,India,2023-04-20,78,.3000,Series B,50,2023-04-20 15:44:14.0000000
Kraken,SF Bay Area,Crypto,United States,2022-11-30,1100,.3000,Unknown,134,2022-11-30 16:37:32.0000000
Kry,Stockholm,Healthcare,Sweden,2022-05-17,100,.1000,Series D,568,2022-05-17 14:22:08.0000000
Kry,Stockholm,Healthcare,Sweden,2022-10-31,300,.1000,Series D,568,2022-11-01 19:38:58.0000000
Kuda,Lagos,Finance,Nigeria,2022-09-02,23,.0500,Series B,91,2022-09-05 20:50:36.0000000
Kueski,Guadalajara,Finance,Mexico,2020-04-20,90,.3000,Series B,38,2020-04-21 02:21:01.0000000
Kumu,Manila,Media,Philippines,2023-04-17,,,Series C,94,2023-04-18 04:42:45.0000000
Kune,Nairobi,Food,Kenya,2022-06-23,,1.0000,Seed,1,2022-06-23 15:01:11.0000000
kununu,Boston,Recruiting,United States,2020-08-26,,,Acquired,,2020-09-02 18:27:35.0000000
Kyndryl,New York City,Infrastructure,United States,2023-03-30,,,Post-IPO,,2023-04-01 01:54:56.0000000
Kyruus,Boston,Healthcare,United States,2023-02-05,70,,Unknown,183,2023-02-07 03:49:23.0000000
L1ght,Tel Aviv,Other,Israel,2023-05-18,,1.0000,Seed,15,2023-05-19 23:47:06.0000000
Labelbox,SF Bay Area,Data,United States,2022-08-08,36,,Series D,188,2022-08-11 13:31:20.0000000
Labster,Copenhagen,Education,Denmark,2020-04-17,40,,Series B,34,2020-04-27 04:21:26.0000000
Lacework,SF Bay Area,Security,United States,2022-05-25,300,.2000,Series D,1900,2022-05-25 23:03:03.0000000
Ladder Life,SF Bay Area,Finance,United States,2020-03-23,13,.2500,Series C,94,2020-04-07 13:49:37.0000000
Lam Research,SF Bay Area,Hardware,United States,2023-01-25,1300,.0700,Post-IPO,,2023-02-01 17:05:32.0000000
Lambda School,SF Bay Area,Education,United States,2020-04-21,19,,Series B,48,2020-04-22 04:19:57.0000000
Lambda School,SF Bay Area,Education,United States,2021-04-29,65,,Series C,122,2021-04-30 04:52:47.0000000
Lamudi Indonesia,Jakarta,Real Estate,Indonesia,2023-07-17,,,Acquired,56,2023-07-23 16:05:21.0000000
Landing,Birmingham,Real Estate,United States,2022-10-06,110,,Series C,347,2022-10-07 02:12:26.0000000
Landing,Birmingham,Real Estate,United States,2022-12-14,,,Series C,347,2022-12-15 02:10:48.0000000
Landing,Birmingham,Real Estate,United States,2023-11-15,,,Series C,347,2023-11-18 00:06:12.0000000
Lantern,Grand Rapids,Retail,United States,2023-01-06,,1.0000,Seed,40,2023-01-12 15:40:31.0000000
Lastline,SF Bay Area,Security,United States,2020-06-04,50,.4000,Series C,52,2020-06-04 22:28:19.0000000
Latch,New York City,Security,United States,2020-04-02,60,,Series B,152,2020-04-04 04:54:20.0000000
Latch,New York City,Security,United States,2022-05-10,30,.0600,Post-IPO,342,2022-05-12 01:19:13.0000000
Latch,New York City,Security,United States,2022-05-20,130,.2800,Post-IPO,342,2022-05-21 21:28:06.0000000
Latch,New York City,Security,United States,2022-08-02,115,.3700,Post-IPO,342,2022-08-04 18:53:11.0000000
Latch,New York City,Security,United States,2023-07-10,,.5900,Post-IPO,342,2023-07-11 01:49:18.0000000
Lattice,SF Bay Area,HR,United States,2020-05-15,16,.1000,Series C,49,2020-05-29 22:26:02.0000000
Lattice,SF Bay Area,HR,United States,2022-10-27,13,,Series F,328,2022-11-03 04:21:45.0000000
Lattice,SF Bay Area,HR,United States,2023-01-12,105,.1500,Series F,328,2023-01-12 17:35:24.0000000
Lawgeex,Tel Aviv,Legal,Israel,2022-09-06,30,.3300,Series C,41,2022-09-06 21:22:23.0000000
Laybuy,Auckland,Finance,New Zealand,2022-07-28,45,,Post-IPO,130,2022-07-29 06:25:10.0000000
Laybuy,Auckland,Finance,New Zealand,2023-03-21,,.1000,Post-IPO,130,2023-03-21 23:58:43.0000000
Lazada Group,Singapore,Retail,Singapore,2024-01-03,100,.3000,Acquired,7200,2024-01-05 01:21:19.0000000
Lazerpay,Lagos,Crypto,Nigeria,2022-11-29,,,Unknown,,2022-11-30 05:59:51.0000000
Lazerpay,Lagos,Crypto,Nigeria,2023-04-13,,1.0000,Unknown,,2023-04-14 03:18:25.0000000
Le Tote,SF Bay Area,Retail,United States,2020-04-01,,.5000,Series C,62,2020-04-06 14:53:26.0000000
LEAD,Mumbai,Education,India,2022-08-04,80,.0400,Series E,166,2022-08-04 19:02:25.0000000
LEAD,Mumbai,Education,India,2023-01-10,60,,Series E,190,2023-01-11 04:34:20.0000000
LeafLink,New York City,Other,United States,2022-12-15,80,.3100,Series C,379,2023-02-01 05:19:55.0000000
Leafly,Seattle,Retail,United States,2020-03-23,91,.5000,Acquired,2,2020-03-28 20:52:49.0000000
Leafly,Seattle,Retail,United States,2022-10-18,56,.2100,Post-IPO,71,2022-10-19 16:03:30.0000000
Leafly,Seattle,Retail,United States,2023-03-16,40,.2100,Post-IPO,71,2023-03-17 00:24:16.0000000
League,Toronto,Healthcare,Canada,2020-05-05,,,Unknown,76,2020-05-07 00:15:05.0000000
LearnUpon,Dublin,Education,Ireland,2023-02-07,27,.0900,Private Equity,56,2023-02-08 17:37:14.0000000
Ledger,Paris,Crypto,France,2023-10-05,,.1200,Series C,577,2023-10-06 15:34:16.0000000
Ledger Investing,New York City,Finance,United States,2024-01-08,,.2500,Series B,91,2024-01-15 03:17:21.0000000
Ledn,Toronto,Crypto,Canada,2022-11-28,,,Series B,103,2022-12-19 16:49:15.0000000
LegalZoom,Austin,Legal,United States,2023-10-19,100,,Post-IPO,951,2023-10-20 00:47:51.0000000
Legible,Vancouver,Media,Canada,2022-04-04,23,.3800,Post-IPO,3,2022-04-15 23:02:12.0000000
Lemon,Buenos Aires,Crypto,Argentina,2022-11-24,100,.3800,Series A,17,2022-11-25 04:10:29.0000000
Lemonade,New York City,Finance,United States,2022-04-20,52,,Post-IPO,481,2022-05-28 00:15:36.0000000
Lemonade,New York City,Finance,United States,2023-05-16,45,.0300,Post-IPO,481,2023-05-16 21:59:58.0000000
Lendi,Sydney,Real Estate,Australia,2023-03-03,100,,Unknown,59,2023-03-03 23:09:04.0000000
Lending Club,SF Bay Area,Finance,United States,2020-04-21,460,.3000,Post-IPO,392,2020-04-21 21:55:44.0000000
Lending Club,SF Bay Area,Finance,United States,2023-01-12,225,.1400,Post-IPO,392,2023-01-12 22:55:07.0000000
Lending Club,SF Bay Area,Finance,United States,2023-10-12,172,.1400,Post-IPO,392,2023-10-13 16:23:13.0000000
Lendingkart,Ahmedabad,Finance,India,2020-05-15,500,.5000,Unknown,200,2020-05-15 15:37:45.0000000
LendingTree,Charlotte,Finance,United States,2022-11-03,200,,Post-IPO,,2023-01-23 23:20:10.0000000
LendingTree,Charlotte,Finance,United States,2023-03-30,150,.1300,Post-IPO,,2023-04-01 01:58:21.0000000
Lendio,Lehi,Finance,United States,2024-01-08,,,Series E,108,2024-01-15 03:15:46.0000000
Lendis,Berlin,Other,Germany,2022-07-04,18,.1500,Series A,90,2022-07-07 15:36:54.0000000
Lendis,Berlin,Other,Germany,2022-12-21,,.5000,Series A,90,2022-12-21 17:05:05.0000000
Lenovo,Raleigh,Hardware,United States,2022-12-08,,,Post-IPO,850,2022-12-30 15:55:40.0000000
Lenovo,Raleigh,Hardware,United States,2023-04-20,,,Post-IPO,850,2023-04-20 15:59:50.0000000
Lentra,Pune,Finance,India,2024-04-02,,,Series B,104,2024-04-03 03:49:34.0000000
LetsGetChecked,New York City,Healthcare,United States,2022-07-02,,,Series D,263,2022-07-04 16:15:08.0000000
Lev,New York City,Real Estate,United States,2022-12-07,30,.3000,Series B,114,2022-12-11 06:19:37.0000000
Lev,New York City,Real Estate,United States,2023-05-01,34,,Series B,114,2023-05-01 23:51:06.0000000
Levelset,New Orleans,Construction,United States,2020-04-01,,,Series C,46,2020-04-09 05:41:58.0000000
Lever,SF Bay Area,Recruiting,United States,2020-04-08,86,.4000,Series C,72,2020-04-09 00:03:19.0000000
Lever,SF Bay Area,Recruiting,United States,2024-01-05,,,Acquired,123,2024-01-07 04:48:40.0000000
Licious,Bengaluru,Food,India,2024-02-09,80,.0300,Series F,490,2024-02-09 16:45:34.0000000
Lido,Mumbai,Education,India,2022-02-21,150,,Series A,24,2022-02-22 02:46:22.0000000
Lido Learning,Mumbai,Education,India,2022-09-09,,1.0000,Series C,20,2022-09-10 03:55:24.0000000
Life360,SF Bay Area,Consumer,United States,2023-01-12,,.1400,Post-IPO,158,2023-01-13 03:33:49.0000000
Liftoff,SF Bay Area,Marketing,United States,2022-11-09,130,.1500,Acquired,6,2022-11-17 00:34:12.0000000
Lighter Capital,Seattle,Finance,United States,2020-04-24,18,.2200,Series B,15,2020-04-27 14:22:34.0000000
Lighter Capital,Seattle,Finance,United States,2020-07-20,22,.4900,Series B,15,2020-07-20 15:15:06.0000000
Lighthouse Labs,Toronto,Education,Canada,2020-04-09,14,.0700,Unknown,,2020-04-10 04:17:23.0000000
Lightico,Tel Aviv,Finance,Israel,2022-03-31,20,,Series B,42,2023-02-07 04:09:53.0000000
Lightico,Tel Aviv,Finance,Israel,2023-02-05,20,.2500,Series B,42,2023-02-07 04:08:09.0000000
Lightricks,Jerusalem,Consumer,Israel,2022-07-04,80,.1200,Series D,335,2022-07-04 15:36:25.0000000
Lightspeed Commerce,Montreal,Retail,Canada,2023-01-17,300,.1000,Post-IPO,1200,2023-01-17 16:45:04.0000000
Lightspeed Commerce,Montreal,Retail,Canada,2024-04-03,280,,Post-IPO,1200,2024-04-03 15:00:26.0000000
Lime,SF Bay Area,Transportation,United States,2020-04-29,80,.1300,Series D,765,2020-04-29 22:26:47.0000000
Limeade,Seattle,HR,United States,2023-01-11,,.1500,Series C,33,2023-01-12 15:16:36.0000000
Limelight,New York City,Recruiting,United States,2021-02-04,13,1.0000,Unknown,,2021-02-05 16:50:44.0000000
LingoAce,Singapore,Education,Singapore,2023-08-11,,,Series C,180,2023-08-15 16:35:22.0000000
LinkedIn,SF Bay Area,Recruiting,United States,2020-07-21,960,.0600,Acquired,154,2020-07-21 14:44:13.0000000
LinkedIn,SF Bay Area,Recruiting,United States,2023-02-13,,,Acquired,154,2023-02-13 20:53:00.0000000
LinkedIn,SF Bay Area,Recruiting,United States,2023-05-08,716,.0400,Acquired,154,2023-05-09 03:44:22.0000000
LinkedIn,SF Bay Area,Recruiting,United States,2023-10-16,660,.0300,Acquired,154,2023-10-16 15:36:26.0000000
Linkfire,Copenhagen,Marketing,Denmark,2022-10-11,35,.3500,Seed,2,2022-10-26 15:14:46.0000000
Linktree,Melbourne,Consumer,Australia,2022-08-09,50,.1700,Unknown,165,2022-08-09 14:33:49.0000000
Linktree,Melbourne,Consumer,Australia,2023-06-06,60,.2700,Unknown,165,2023-06-06 01:41:18.0000000
Liongard,Houston,Infrastructure,United States,2022-06-10,,,Series B,22,2022-06-11 04:05:54.0000000
Lithic,New York City,Finance,United States,2022-12-07,27,.1800,Series C,115,2022-12-09 00:46:59.0000000
Liv Up,Sao Paulo,Food,Brazil,2022-02-16,100,.1500,Series D,118,2022-04-27 23:17:35.0000000
LivePerson,New York City,Support,United States,2020-11-01,30,,Post-IPO,42,2023-01-21 22:51:20.0000000
LivePerson,New York City,Support,United States,2022-09-15,193,.1100,Post-IPO,42,2022-09-16 03:13:07.0000000
LiveRamp,SF Bay Area,Marketing,United States,2022-11-03,,.1000,Post-IPO,16,2022-11-05 03:47:05.0000000
LiveTiles,New York City,Other,United States,2020-05-03,50,,Post-IPO,46,2020-05-09 03:48:28.0000000
LiveVox,SF Bay Area,Support,United States,2023-01-17,,.1600,Post-IPO,12,2023-01-21 00:51:19.0000000
LiveVox,SF Bay Area,Support,United States,2024-01-07,,,Acquired,12,2024-01-20 02:00:33.0000000
Livspace,Bengaluru,Retail,India,2020-05-19,450,.1500,Series D,157,2020-05-19 14:40:12.0000000
Livspace,Bengaluru,Retail,India,2023-03-17,100,.0200,Series F,431,2023-03-20 03:46:30.0000000
Loco,Mumbai,Consumer,India,2023-11-30,40,.3600,Acquired,52,2023-12-02 01:15:58.0000000
Locomation,Pittsburgh,Transportation,United States,2023-02-22,,1.0000,Seed,57,2023-02-23 00:24:36.0000000
Loft,Sao Paulo,Real Estate,Brazil,2020-03-27,47,,Series C,263,2020-04-08 20:43:37.0000000
Loft,Sao Paulo,Real Estate,Brazil,2020-04-17,47,.1000,Series C,263,2020-04-18 13:41:28.0000000
Loft,Sao Paulo,Real Estate,Brazil,2022-04-19,159,,Unknown,788,2022-04-24 03:27:19.0000000
Loft,Sao Paulo,Real Estate,Brazil,2022-07-05,384,.1200,Unknown,788,2022-07-05 17:11:08.0000000
Loft,Sao Paulo,Real Estate,Brazil,2022-12-07,312,.1200,Unknown,788,2022-12-08 06:26:02.0000000
Loft,Sao Paulo,Real Estate,Brazil,2023-03-03,340,.1500,Unknown,788,2023-03-03 23:01:02.0000000
Loftium,Seattle,Real Estate,United States,2020-05-29,32,.6000,Series A,17,2020-05-29 22:39:07.0000000
Loftsmart,New York City,Real Estate,United States,2020-03-30,25,.7500,Series A,18,2020-04-06 14:35:39.0000000
Loggi,Sao Paulo,Logistics,Brazil,2022-08-08,500,.1500,Series F,507,2022-08-09 14:40:05.0000000
Loggi,Sao Paulo,Logistics,Brazil,2023-02-06,300,.0700,Series F,507,2023-02-07 03:45:59.0000000
Logitech,Geneva,Hardware,Switzerland,2023-03-22,300,,Post-IPO,,2023-03-23 16:47:11.0000000
Loja Integrada,Sao Paulo,Retail,Brazil,2022-08-25,25,.1000,Acquired,,2022-08-26 20:53:05.0000000
Lokalise,Dover,Other,United States,2022-11-16,76,.2300,Series B,56,2022-11-17 04:19:10.0000000
Lola,Boston,Travel,United States,2020-03-19,34,,Series C,81,2020-03-28 20:52:49.0000000
Longi,Xi'an,Energy,China,2024-03-18,,.0500,Unknown,,2024-03-20 01:05:48.0000000
Loom,SF Bay Area,Product,United States,2022-06-01,34,.1400,Series C,203,2022-06-01 23:34:42.0000000
Loom,SF Bay Area,Product,United States,2022-10-20,23,.1100,Series C,203,2022-10-20 21:56:52.0000000
Loop,Austin,Finance,United States,2023-03-30,19,.2500,Series A,24,2023-04-03 03:41:53.0000000
Loop,Washington D.C.,Finance,United States,2022-08-24,15,.2000,Series A,24,2022-08-25 03:50:05.0000000
Loopio,Toronto,Sales,Canada,2020-05-04,11,.0800,Series A,11,2020-05-07 03:57:42.0000000
Loopio,Toronto,Sales,Canada,2023-06-27,,.0900,Private Equity,263,2023-06-28 13:57:31.0000000
Loopio,Toronto,Sales,Canada,2024-01-29,,.0600,Private Equity,263,2024-01-30 05:07:29.0000000
LoopMe,London,Marketing,United Kingdom,2020-04-09,8,.0400,Unknown,32,2020-04-10 06:08:04.0000000
Lora DiCarlo,Bend,Consumer,United States,2022-12-02,,1.0000,Unknown,9,2022-12-04 23:09:00.0000000
Lordstown Motors,Detroit,Transportation,United States,2023-06-27,,1.0000,Post-IPO,1100,2023-06-30 14:58:47.0000000
Lucid Diagnostics,New York City,Healthcare,United States,2023-01-18,,.2000,Post-IPO,,2023-01-26 01:55:04.0000000
Lucid Motors,SF Bay Area,Transportation,United States,2023-03-28,1300,.1800,Post-IPO,8300,2023-03-29 00:54:57.0000000
Lucid Motors,SF Bay Area,Transportation,United States,2024-05-24,400,.0600,Post-IPO,8300,2024-05-24 15:47:21.0000000
Lucid Software,Salt Lake City,Other,United States,2023-09-25,75,.0700,Series E,170,2023-09-25 22:30:32.0000000
Lucira Health,SF Bay Area,Healthcare,United States,2023-02-24,26,,Post-IPO,132,2023-02-24 18:31:39.0000000
Ludia,Montreal,Consumer,United States,2023-06-28,55,,Acquired,1,2023-06-30 14:57:57.0000000
Lululemon Studio,New York City,Fitness,United States,2023-09-28,120,,Acquired,75,2023-09-29 02:43:32.0000000
LumenAd,Missoula,Marketing,United States,2020-04-16,,,Unknown,,2020-05-03 04:36:49.0000000
Lumina Networks,SF Bay Area,Infrastructure,United States,2020-08-18,,1.0000,Series A,10,2020-08-20 17:09:12.0000000
Luminar,Orlando,Transportation,United States,2024-05-03,140,.2000,Post-IPO,780,2024-05-04 04:14:06.0000000
Lummo,Jakarta,Marketing,Indonesia,2022-06-07,150,,Series C,149,2022-06-10 04:31:45.0000000
Lunchbox,New York City,Food,United States,2022-07-21,60,.3300,Series B,72,2022-07-22 01:03:26.0000000
Lunchtime,Brno,Food,Czech Republic,2023-09-01,,1.0000,Acquired,,2023-09-04 23:18:14.0000000
Luno,London,Crypto,United Kingdom,2023-01-25,330,.3500,Acquired,13,2023-01-25 19:22:35.0000000
Lunya,Los Angeles,Retail,United States,2023-06-30,,1.0000,Unknown,,2023-07-01 00:58:52.0000000
Lusha,New York City,Marketing,United States,2022-07-18,30,.1000,Series B,245,2022-07-18 17:58:25.0000000
Luxury Presence,Los Angeles,Real Estate,United States,2023-01-17,44,,Series B,31,2023-01-18 23:17:58.0000000
Lyft,SF Bay Area,Transportation,United States,2020-04-29,982,.1700,Post-IPO,4900,2020-04-29 16:16:49.0000000
Lyft,SF Bay Area,Transportation,United States,2022-07-20,60,.0200,Post-IPO,4900,2022-07-20 18:27:36.0000000
Lyft,SF Bay Area,Transportation,United States,2022-11-03,700,.1300,Post-IPO,4900,2022-11-03 15:55:24.0000000
Lyft,SF Bay Area,Transportation,United States,2023-04-21,1072,.2600,Post-IPO,4900,2023-04-21 16:30:44.0000000
Lyric,SF Bay Area,Real Estate,United States,2020-03-25,100,,Series B,179.10000610351563,2020-07-04 03:10:31.0000000
Lyst,London,Retail,United Kingdom,2022-11-29,50,.2500,Unknown,144,2022-11-30 06:03:36.0000000
Lytics,Portland,Marketing,United States,2020-04-08,,,Series C,58,2020-06-02 03:58:18.0000000
M1,Chicago,Finance,United States,2022-07-19,38,,Series E,323,2022-07-30 23:20:51.0000000
Made Renovation,SF Bay Area,Construction,United States,2023-10-18,,1.0000,Seed,9,2023-10-19 00:44:39.0000000
Made.com,London,Retail,United Kingdom,2022-09-22,,.3500,Series D,136,2022-09-24 21:40:52.0000000
Madefire,SF Bay Area,Media,United States,2021-04-29,,1.0000,Series B,16,2021-04-30 04:55:12.0000000
MadeiraMadeira,Curitiba,Retail,Brazil,2022-08-09,60,.0300,Series E,338,2022-08-09 21:54:09.0000000
Magic Eden,SF Bay Area,Crypto,United States,2023-02-13,22,,Series B,170,2023-02-14 15:12:47.0000000
Magic Leap,Miami,Consumer,United States,2020-04-22,1000,.5000,Series E,2600,2020-04-22 16:59:24.0000000
Magicbricks,Noida,Real Estate,India,2020-05-17,250,,Unknown,300,2020-05-19 14:44:22.0000000
Magnite,Los Angeles,Marketing,United States,2023-01-19,,.0600,Post-IPO,400,2023-01-20 04:46:53.0000000
Mainstreet,SF Bay Area,Finance,United States,2022-05-04,45,.3000,Series A,64,2022-05-05 14:43:11.0000000
Mainvest,Boston,Finance,United States,2024-05-14,,1.0000,Unknown,3,2024-05-17 00:34:08.0000000
Make School,SF Bay Area,Education,United States,2020-03-27,,,Unknown,,2020-04-16 14:29:10.0000000
MakeMyTrip,Gurugram,Travel,India,2020-06-01,350,.1000,Post-IPO,548,2020-06-03 13:15:29.0000000
MakeMyTrip,New Delhi,Travel,India,2020-08-31,350,.1000,Post-IPO,548,2020-09-02 17:45:18.0000000
MakerBot,New York City,Consumer,United States,2020-06-02,12,,Acquired,10,2020-06-02 17:25:26.0000000
Malwarebytes,SF Bay Area,Security,United States,2022-08-17,125,.1400,Series B,80,2022-08-17 16:53:42.0000000
Malwarebytes,SF Bay Area,Security,United States,2023-08-31,100,,Series B,80,2023-08-31 18:17:49.0000000
Mamaearth,Gurugram,Retail,India,2023-06-14,80,,Unknown,111,2023-06-14 18:29:59.0000000
ManoMano,Paris,Retail,France,2023-10-18,230,.2500,Series F,705,2023-10-18 17:21:13.0000000
Mapbox,Washington D.C.,Data,United States,2020-04-06,,,Series C,227,2020-05-10 06:05:53.0000000
Mapbox,Washington D.C.,Data,United States,2023-01-12,64,,Unknown,334,2023-01-20 01:12:08.0000000
Mapify,Berlin,Travel,Germany,2020-08-19,,,Seed,1.2999999523162842,2020-08-25 19:29:18.0000000
Mara,Nairobi,Crypto,Kenya,2022-12-31,,,Seed,23,2023-06-08 17:31:05.0000000
Mara,Nairobi,Crypto,Kenya,2023-06-06,6,,Seed,23,2023-06-08 17:29:27.0000000
MariaDB,Helsinki,Data,Finland,2023-02-01,,.0800,Post-IPO,245,2023-02-07 18:52:53.0000000
MariaDB,SF Bay Area,Data,United States,2023-10-12,84,.2800,Post-IPO,272,2023-10-12 15:24:48.0000000
Mark43,New York City,Other,United States,2022-06-23,,,Series E,229,2022-06-23 17:21:35.0000000
Marketforce,Nairobi,Retail,Kenya,2022-08-11,54,.0900,Series A,42,2022-08-11 13:36:36.0000000
Markforged,Boston,Manufacturing,United States,2023-11-14,,,Post-IPO,347,2023-11-15 02:13:19.0000000
Marqeta,SF Bay Area,Finance,United States,2023-05-09,,.1500,Post-IPO,530,2023-05-10 15:00:22.0000000
Marvell,SF Bay Area,Hardware,United States,2023-03-21,320,.0400,Post-IPO,,2023-03-21 23:29:14.0000000
Masse,New York City,Retail,United States,2020-05-15,,1.0000,Seed,3,2020-05-20 22:45:26.0000000
MasterClass,SF Bay Area,Education,United States,2022-06-22,120,.2000,Series E,461,2022-06-23 03:57:08.0000000
MasterClass,SF Bay Area,Education,United States,2023-03-02,79,,Series E,461,2023-03-04 00:59:05.0000000
Match Group,New York City,Consumer,United States,2023-02-01,,.0800,Post-IPO,,2023-02-02 01:29:41.0000000
Matrixport,Singapore,Crypto,Singapore,2023-01-27,29,.1000,Series C,100,2023-01-27 14:26:19.0000000
Matterport,SF Bay Area,Data,United States,2020-04-09,90,.3400,Series D,114,2020-04-14 22:16:51.0000000
Matterport,SF Bay Area,Data,United States,2023-07-11,170,.3000,Post-IPO,409,2023-07-11 16:26:43.0000000
Maven,Seattle,Media,United States,2020-03-30,31,.0900,Post-IPO,77,2020-04-08 04:50:39.0000000
Mavenir,Dallas,Infrastructure,United States,2023-01-18,,,Acquired,854,2023-01-21 00:38:37.0000000
MaxMilhas,Belo Horizonte,Travel,Brazil,2020-04-03,167,.4200,Unknown,,2020-04-06 05:08:41.0000000
MaxMilhas,Belo Horizonte,Travel,Brazil,2023-09-05,82,.1800,Unknown,,2023-09-06 01:55:33.0000000
May Mobility,Ann Arbor,Transportation,United States,2024-02-15,,.1300,Series D,303,2024-02-15 23:17:21.0000000
McMakler,Berlin,Real Estate,Germany,2022-07-26,90,,Unknown,214,2022-07-26 15:42:39.0000000
McMakler,Berlin,Real Estate,Germany,2022-10-24,100,,Unknown,214,2022-10-25 15:19:08.0000000
McMakler,Berlin,Real Estate,Germany,2023-05-31,60,,Unknown,214,2023-06-02 02:58:27.0000000
McMakler,Berlin,Real Estate,Germany,2023-11-21,60,,Unknown,214,2023-11-21 15:52:34.0000000
Me Poupe,Sao Paulo,Finance,Brazil,2023-01-28,60,.5000,Unknown,,2023-01-29 20:06:30.0000000
Meati,Boulder,Food,United States,2024-02-20,,.3000,Series C,274,2024-02-21 04:28:42.0000000
Meati Foods,Denver,Food,United States,2023-06-03,,.0500,Series C,274,2023-06-05 16:50:23.0000000
Medallia,SF Bay Area,Support,United States,2023-02-24,59,,Acquired,325,2023-02-24 18:30:07.0000000
Mediafly,Chicago,Sales,United States,2023-04-13,,,Private Equity,59,2023-04-14 03:14:07.0000000
MediaMath,New York City,Marketing,United States,2020-04-07,53,.0800,Private Equity,607,2020-04-08 04:37:00.0000000
MediaMath,New York City,Marketing,United States,2023-06-30,,1.0000,Private Equity,607,2023-07-01 15:49:19.0000000
MediBuddy,Bengaluru,Healthcare,India,2023-01-20,200,.0800,Acquired,192,2023-01-21 00:48:07.0000000
Medium,SF Bay Area,Media,United States,2021-03-24,,,Series C,132,2021-03-27 15:52:17.0000000
Medium,SF Bay Area,Media,United States,2022-09-06,,.2500,Unknown,163,2022-09-08 03:27:18.0000000
Medly,New York City,Healthcare,United States,2022-08-04,,.1600,Series C,100,2022-08-09 19:53:46.0000000
Medly,New York City,Healthcare,United States,2022-09-07,,.5000,Series C,100,2022-09-08 03:34:09.0000000
Medly,New York City,Healthcare,United States,2023-02-08,,1.0000,Series C,100,2023-02-11 00:24:28.0000000
Medsaf,Lagos,Healthcare,Nigeria,2023-07-07,30,1.0000,Unknown,,2023-07-15 03:41:15.0000000
Medtronic,SF Bay Area,Healthcare,United States,2023-04-12,59,,Post-IPO,5900,2023-04-14 03:06:16.0000000
Meero,Paris,Other,France,2022-05-09,350,.5000,Series C,293,2023-03-04 00:53:09.0000000
Meesho,Bengaluru,Retail,India,2020-04-08,200,.2800,Series D,215,2020-04-10 04:54:31.0000000
Meesho,Bengaluru,Retail,India,2022-04-11,150,,Series F,1100,2022-04-15 22:53:15.0000000
Meesho,Bengaluru,Retail,India,2022-08-29,300,,Series F,1100,2022-08-29 17:26:34.0000000
Meesho,Bengaluru,Retail,India,2023-05-05,251,.1500,Series F,1100,2023-05-05 12:24:47.0000000
Meetup,New York City,Consumer,United States,2024-02-05,,,Acquired,18,2024-02-06 04:26:42.0000000
Megaport,Brisbane,Infrastructure,Australia,2023-01-05,,,Post-IPO,98,2023-01-06 01:38:47.0000000
Megaport,Brisbane,Infrastructure,Australia,2023-04-27,50,.1600,Post-IPO,98,2023-04-29 03:10:01.0000000
Mejuri,Toronto,Retail,Canada,2020-04-09,36,.1500,Series B,28,2020-04-10 04:15:08.0000000
Mejuri,Toronto,Retail,Canada,2022-08-05,50,.1000,Series B,28,2022-08-08 21:33:38.0000000
Melio,New York City,Finance,United States,2022-08-09,60,,Series D,504,2022-08-09 18:30:37.0000000
Melio,New York City,Finance,United States,2024-03-04,40,.0700,Series D,504,2024-03-05 02:10:15.0000000
Memmo,Stockholm,Consumer,Sweden,2022-06-08,,.4000,Unknown,24,2022-06-11 03:58:49.0000000
Mensa Brands,Bengaluru,Retail,India,2023-05-30,30,,Unknown,254,2023-05-31 01:29:40.0000000
Menulog,Sydney,Food,Australia,2022-11-24,,,Acquired,,2022-11-28 17:56:12.0000000
Meow Wolf,Santa Fe,Media,United States,2020-04-10,201,,Unknown,185,2020-04-12 05:45:20.0000000
Meow Wolf,Santa Fe,Media,United States,2023-12-04,8,,Unknown,185,2023-12-07 19:20:57.0000000
Merama,Mexico City,Retail,Mexico,2023-06-29,,.1000,Series B,445,2023-07-01 00:56:04.0000000
Merative,Ann Arbor,Healthcare,United States,2023-02-23,200,.1000,Acquired,,2023-02-26 21:23:49.0000000
Merative,Dublin,Healthcare,United States,2023-09-21,100,,Acquired,,2023-09-24 17:48:34.0000000
Mercos,Joinville,Sales,Brazil,2020-05-13,51,.4000,Unknown,2,2020-05-13 21:39:50.0000000
MeridianLink,Los Angeles,Finance,United States,2023-02-28,,.0900,Post-IPO,485,2023-03-01 00:53:50.0000000
MeridianLink,Los Angeles,Finance,United States,2024-01-08,,.0900,Post-IPO,485,2024-01-13 16:16:40.0000000
MessageBird,Amsterdam,Other,Netherlands,2022-11-29,,.3100,Series C,1100,2022-11-30 05:57:28.0000000
MessageBird,Amsterdam,Other,Netherlands,2024-03-05,90,.2000,Series C,1100,2024-03-08 15:44:04.0000000
Messari,New York City,Crypto,United States,2023-02-23,,.1500,Series B,61,2023-02-23 22:36:15.0000000
Meta,SF Bay Area,Consumer,United States,2022-11-09,11000,.1300,Post-IPO,26000,2022-11-09 15:04:03.0000000
Meta,SF Bay Area,Consumer,United States,2023-03-14,10000,,Post-IPO,26000,2023-03-14 15:19:25.0000000
Meta,SF Bay Area,Consumer,United States,2023-10-04,,,Post-IPO,26000,2023-10-04 02:24:49.0000000
Meta,SF Bay Area,Consumer,United States,2024-03-06,,,Post-IPO,26000,2024-03-08 15:42:37.0000000
Metaplex,Chicago,Crypto,United States,2022-11-18,,,Unknown,,2022-11-20 00:01:42.0000000
Metigy,Sydney,Marketing,Australia,2022-07-31,75,1.0000,Series B,18,2022-08-02 01:09:28.0000000
Metromile,SF Bay Area,Finance,United States,2020-04-06,100,.3300,Series E,293,2020-04-07 04:50:58.0000000
Metromile,SF Bay Area,Finance,United States,2022-07-28,60,.2000,Acquired,510,2022-07-29 06:22:06.0000000
Mews,Prague,Travel,Czech Republic,2020-04-03,,,Series B,41,2020-04-07 15:03:20.0000000
MFine,Bengaluru,Healthcare,India,2022-05-21,600,.7500,Series C,97,2022-05-22 01:06:19.0000000
Micron,Boise,Hardware,United States,2023-01-01,4800,.1000,Post-IPO,50,2023-04-01 02:04:51.0000000
Micron,Boise,Hardware,United States,2023-02-17,2400,.0500,Post-IPO,50,2023-04-01 02:06:38.0000000
Microsoft,Seattle,Other,United States,2022-07-12,,,Post-IPO,1,2022-11-15 04:54:49.0000000
Microsoft,Seattle,Other,United States,2022-10-17,,,Post-IPO,1,2022-11-15 04:54:07.0000000
Microsoft,Seattle,Other,United States,2023-01-18,10000,.0500,Post-IPO,1,2023-01-18 02:05:15.0000000
Microsoft,Seattle,Other,United States,2023-05-10,158,,Post-IPO,1,2023-05-11 00:12:03.0000000
Microsoft,Seattle,Other,United States,2023-07-18,1000,,Post-IPO,1,2023-07-10 20:23:21.0000000
Microsoft,Seattle,Other,United States,2024-01-25,1900,,Post-IPO,1,2024-01-25 14:42:40.0000000
Microsoft,Seattle,Other,United States,2024-06-03,1000,,Post-IPO,1,2024-06-03 20:27:12.0000000
Migo,SF Bay Area,Finance,United States,2020-04-28,,.2500,Series B,37,2020-05-29 21:24:08.0000000
Milkbasket,Gurugram,Food,India,2023-07-27,400,.6700,Acquired,39,2023-07-29 03:27:27.0000000
Milkrun,Sydney,Food,Australia,2023-02-15,,.2000,Series A,86,2023-02-15 19:04:56.0000000
Milkrun,Sydney,Food,Australia,2023-04-11,400,1.0000,Series A,86,2023-04-11 03:48:52.0000000
MindBody,San Luis Obispo,Fitness,United States,2020-04-02,700,.3500,Post-IPO,114,2020-04-02 22:47:10.0000000
MindBody,San Luis Obispo,Fitness,United States,2022-10-26,400,.1500,Post-IPO,114,2022-10-26 23:22:40.0000000
Mindgeek,Luxembourg,Media,Luxembourg,2022-06-22,,,Unknown,,2022-06-26 23:51:31.0000000
Mindstrong,SF Bay Area,Healthcare,United States,2023-02-02,127,,Series C,160,2023-02-03 03:40:25.0000000
Minted,SF Bay Area,Retail,United States,2020-04-03,147,.3700,Series E,297,2020-04-05 17:53:20.0000000
Minute Media,London,Media,United Kingdom,2023-01-08,50,.1000,Series I,160,2023-01-09 05:15:44.0000000
MiQ,London,Marketing,United Kingdom,2023-07-20,,,Private Equity,,2023-07-21 03:33:53.0000000
Miro,SF Bay Area,Other,United States,2023-02-02,119,.0700,Series C,476,2023-02-02 15:49:15.0000000
Misfits Market,Philadelphia,Food,United States,2023-02-09,649,.3300,Series C,526,2023-02-16 15:45:20.0000000
MissFresh,Beijing,Food,China,2022-07-29,,,Post-IPO,1700,2022-07-29 16:07:04.0000000
Mixpanel,SF Bay Area,Data,United States,2020-05-12,65,.1900,Series B,77,2020-05-13 21:01:39.0000000
Mobile Premier League,Bengaluru,Consumer,India,2022-05-30,100,.1000,Series E,375,2022-05-31 15:17:13.0000000
Mode Analytics,SF Bay Area,Data,United States,2020-05-13,17,,Series C,46,2020-05-13 21:09:31.0000000
Mode Analytics,SF Bay Area,Data,United States,2022-09-12,25,,Series D,81,2022-09-22 15:07:23.0000000
Mode Global,London,Finance,United Kingdom,2023-01-26,,1.0000,Post-IPO,,2023-01-30 15:55:27.0000000
Modern Treasury,SF Bay Area,Finance,United States,2022-12-16,,.1800,Series C,183,2022-12-21 03:28:48.0000000
Modsy,SF Bay Area,Retail,United States,2020-04-02,,,Series C,70,2020-04-02 22:05:41.0000000
Modsy,SF Bay Area,Retail,United States,2022-06-29,,,Series C,72,2022-07-01 04:21:49.0000000
Moglix,Singapore,Retail,Singapore,2023-01-05,40,.0200,Series F,472,2023-01-06 01:37:44.0000000
Mogo,Vancouver,Finance,Canada,2020-03-27,78,.3000,Post-IPO,201,2020-04-03 14:40:07.0000000
Mojo,New York City,Consumer,United States,2023-11-30,,,Unknown,100,2023-12-03 00:25:20.0000000
Mojo Vision,SF Bay Area,Hardware,United States,2023-01-06,,.7500,Series B,204,2023-01-06 23:05:25.0000000
Mojocare,Bengaluru,Healthcare,India,2023-06-17,170,.8000,Series A,24,2023-06-17 23:41:14.0000000
Moladin,Jakarta,Transportation,Indonesia,2023-02-12,360,.1100,Series B,138,2023-02-13 17:52:55.0000000
Mollie,Amsterdam,Finance,Netherlands,2023-09-11,,,Series C,928,2023-09-11 15:31:55.0000000
Momentis Surgical,Tel Aviv,Healthcare,Israel,2023-05-08,70,.6000,Series D,,2023-05-13 20:43:11.0000000
Momentive,SF Bay Area,Marketing,United States,2022-10-10,180,.1100,Post-IPO,1100,2022-10-13 15:47:54.0000000
Momentive,SF Bay Area,Marketing,United States,2023-02-15,,.1400,Post-IPO,1100,2023-02-17 01:58:14.0000000
Monese,Lisbon,Finance,Portugal,2020-05-01,35,,Unknown,80,2020-06-01 13:11:04.0000000
Monzo,Las Vegas,Finance,United States,2020-04-09,165,,Series F,324,2020-04-09 21:56:12.0000000
Monzo,London,Finance,United Kingdom,2020-06-03,120,.0800,Series F,324,2020-06-03 21:53:48.0000000
MoonPay,Dover,Crypto,United States,2024-06-05,30,.1000,Unknown,651,2024-06-05 23:12:47.0000000
Moore Threads,Beijing,Hardware,China,2023-11-06,,,Series B,,2023-11-09 04:19:30.0000000
Moove,Lagos,Transportation,Nigeria,2022-12-06,,,Unknown,630,2022-12-21 16:58:07.0000000
Moovel,Portland,Transportation,United States,2020-04-01,28,.3700,Unknown,,2020-04-02 22:08:47.0000000
Morning Brew,New York City,Media,United States,2022-11-17,,.1400,Acquired,,2022-11-19 23:32:15.0000000
Morning Brew,New York City,Media,United States,2023-03-09,40,,Acquired,,2023-03-09 19:38:25.0000000
Morning Consult,Washington D.C.,Data,United States,2023-01-20,,,Series B,91,2023-01-24 05:22:21.0000000
Morning Consult,Washington D.C.,Data,United States,2024-01-09,,,Series B,91,2024-01-16 21:28:30.0000000
Moss,Berlin,Finance,Germany,2022-09-23,70,.1500,Series B,150,2022-09-24 21:38:41.0000000
Moss,Berlin,Finance,Germany,2023-05-19,30,,Series B,150,2023-05-24 15:43:50.0000000
Motif Foodworks,Boston,Food,United States,2022-07-06,,,Series B,344,2022-07-15 21:27:13.0000000
Motif Investing,SF Bay Area,Finance,United States,2020-04-18,,1.0000,Series E,126,2020-05-03 21:12:28.0000000
Motional,Boston,Transportation,United States,2022-11-30,,,Unknown,,2022-12-03 05:00:45.0000000
Motional,Boston,Transportation,United States,2024-02-28,,.0500,Unknown,,2024-02-28 18:50:58.0000000
Motional,Pittsburgh,Transportation,United States,2024-05-10,550,.4000,Unknown,,2024-05-08 02:20:55.0000000
Motive,SF Bay Area,Transportation,United States,2022-12-07,237,.0600,Series F,567,2022-12-08 06:21:12.0000000
Motive,SF Bay Area,Transportation,United States,2023-07-10,,.0500,Series F,567,2023-07-13 03:45:11.0000000
Movidesk,Blumenau,Support,Brazil,2020-04-20,33,.2500,Seed,1,2020-04-27 22:02:31.0000000
Movidesk,Blumenau,Support,Brazil,2022-11-22,118,,Acquired,11,2023-05-24 02:13:37.0000000
Mozilla,SF Bay Area,Consumer,United States,2020-08-11,250,.2500,Unknown,2.2999999523162842,2020-08-11 15:32:55.0000000
Mozilla,SF Bay Area,Consumer,United States,2024-02-13,60,.0500,Unknown,2.2999999523162842,2024-02-13 21:19:22.0000000
mPharma,Accra,Healthcare,Ghana,2023-09-04,150,,Series D,90,2023-09-07 15:29:34.0000000
MPL,Bengaluru,Consumer,India,2023-08-08,350,,Unknown,375,2023-08-08 22:52:22.0000000
Mr Yum,Melbourne,Food,Australia,2023-03-21,40,,Series A,101,2023-03-21 23:57:50.0000000
Mr. Yum,Melbourne,Food,United States,2022-08-22,,.1700,Series A,73,2022-08-23 03:39:50.0000000
Mudafy,Mexico City,Real Estate,United States,2023-01-19,,.7000,Series A,13,2023-01-20 01:19:18.0000000
Multiverse,London,Education,United Kingdom,2023-10-25,,,Series D,414,2023-11-29 15:52:50.0000000
Multiverse,London,Education,United Kingdom,2023-11-28,,.0500,Series D,414,2023-11-29 15:50:36.0000000
Muni Tienda,Bogota,Other,Colombia,2022-11-23,,1.0000,Series A,20,2023-03-10 05:24:22.0000000
Mural,SF Bay Area,Product,United States,2022-05-05,90,.1000,Series C,192,2022-05-06 17:01:46.0000000
Mural,SF Bay Area,Product,United States,2022-07-21,,,Series C,192,2022-07-22 19:27:47.0000000
Mural,SF Bay Area,Product,United States,2023-06-01,170,,Series C,192,2023-06-06 01:44:28.0000000
Mutiny,SF Bay Area,Marketing,United States,2023-06-21,,.3000,Series B,69,2023-07-14 20:42:28.0000000
Muvin,Bengaluru,Finance,India,2024-02-05,,1.0000,Seed,4,2024-02-06 04:37:04.0000000
Mux,SF Bay Area,Infrastructure,United States,2022-09-29,40,.2000,Series D,173,2022-10-02 21:02:59.0000000
Mux,SF Bay Area,Infrastructure,United States,2023-05-31,40,.3000,Series D,173,2023-06-02 12:46:13.0000000
MVPindex,Austin,Marketing,United States,2024-01-25,12,.3000,Series B,27,2024-02-16 18:36:08.0000000
MX,Lehi,Finance,United States,2022-10-11,200,,Series C,450,2022-10-12 20:01:25.0000000
MyGate,Bengaluru,Other,India,2023-02-20,200,.3000,Series B,79,2023-02-20 18:16:51.0000000
Myntra,Bengaluru,Retail,India,2023-07-26,50,,Acquired,516,2023-07-26 23:12:03.0000000
Mythical Games,Los Angeles,Crypto,United States,2022-11-04,,.1000,Series C,260,2022-11-06 18:04:58.0000000
N26,Berlin,Finance,Germany,2023-09-29,14,,Series E,1700,2023-09-29 21:14:12.0000000
N26,Berlin,Finance,United States,2023-04-28,71,.0400,Series E,1700,2023-04-28 04:43:46.0000000
N26,New York City,Finance,United States,2020-05-08,9,.0100,Series D,782,2020-05-12 15:00:39.0000000
N-able Technologies,Raleigh,Other,United States,2022-12-09,,,Post-IPO,225,2022-12-09 22:12:27.0000000
Namely,New York City,HR,United States,2020-05-01,110,.4000,Series E,217,2020-05-02 14:14:00.0000000
Namogoo,Tel Aviv,Marketing,United States,2022-11-09,25,.1500,Series C,69,2023-01-24 05:25:30.0000000
Namogoo,Tel Aviv,Marketing,United States,2023-01-23,20,.1500,Series C,69,2023-01-24 05:24:09.0000000
NanoString,Seattle,Healthcare,United States,2022-11-08,,.1000,Post-IPO,731,2022-11-17 00:09:01.0000000
NanoString Technologies,Seattle,Healthcare,United States,2024-01-06,50,.0900,Post-IPO,826,2024-01-09 23:43:16.0000000
Nansen,Singapore,Crypto,Singapore,2023-05-30,,,Series B,88,2023-05-31 01:31:23.0000000
Nate,New York City,Retail,United States,2022-06-30,30,.2000,Series A,47,2022-06-30 21:34:34.0000000
Nate,New York City,Retail,United States,2022-08-30,30,,Series A,47,2022-08-30 23:16:29.0000000
Nate,New York City,Retail,United States,2023-01-27,,,Series A,47,2023-01-29 14:47:41.0000000
Natera,SF Bay Area,Healthcare,United States,2022-11-22,,,Post-IPO,809,2022-11-29 04:18:55.0000000
National Instruments,Austin,Hardware,United States,2023-01-31,,.0400,Post-IPO,,2023-02-04 23:05:08.0000000
Nativo,Los Angeles,Marketing,United States,2020-03-26,,.4000,Series B,35,2020-04-03 13:49:34.0000000
Nav,Salt Lake City,Finance,United States,2020-04-07,30,,Series C,99,2020-04-19 18:10:08.0000000
Navan,SF Bay Area,Finance,United States,2023-12-05,145,.0500,Unknown,2200,2023-12-06 00:11:01.0000000
Navan,SF Bay Area,Travel,United States,2023-12-06,145,,Unknown,2200,2024-01-03 23:01:37.0000000
Navi,Bengaluru,Finance,India,2020-06-17,40,.2500,Private Equity,582,2020-06-20 22:24:58.0000000
Navi Technologies,Bengaluru,Finance,India,2023-07-13,200,,Unknown,659,2023-07-13 03:42:21.0000000
NCC Group,Manchester,Security,United Kingdom,2023-02-02,125,.0700,Post-IPO,,2023-02-03 20:21:00.0000000
NCC Group,Manchester,Security,United Kingdom,2023-08-10,,,Post-IPO,,2023-08-17 00:28:47.0000000
nCino,Wilmington,Finance,United States,2023-01-18,100,.0700,Post-IPO,1100,2023-01-19 04:09:19.0000000
NCSoft,Seoul,Consumer,South Korea,2023-02-02,,.2000,Post-IPO,240,2023-02-03 03:06:05.0000000
NCX,SF Bay Area,Energy,United States,2022-11-28,,.4000,Series B,78,2022-12-01 06:22:17.0000000
Nearmap,Sydney,Construction,Australia,2020-04-22,,.1000,Post-IPO,15,2020-05-10 05:45:40.0000000
Nearmap,Sydney,Construction,Australia,2023-02-08,,.2000,Acquired,15,2023-02-08 17:38:11.0000000
Neoleukin Therapeutics,Seattle,Healthcare,United States,2023-03-09,,.7000,Post-IPO,157,2023-03-13 20:11:21.0000000
Neon,Sao Paulo,Finance,Brazil,2020-04-13,70,.1000,Series B,120,2020-04-14 21:51:39.0000000
Neon,Sao Paulo,Finance,Brazil,2023-02-15,210,.0900,Series D,720,2023-02-15 21:58:53.0000000
Neon,Sao Paulo,Finance,Brazil,2023-10-10,180,,Series D,727,2024-02-16 18:41:49.0000000
Nerdy,St. Louis,Education,United States,2022-12-08,,.1700,Post-IPO,150,2022-12-11 06:08:11.0000000
Nestcoin,Lagos,Crypto,Nigeria,2022-11-14,30,,Seed,6,2022-11-20 00:07:49.0000000
NetApp,SF Bay Area,Data,United States,2023-01-31,960,.0800,Post-IPO,,2023-01-31 16:33:01.0000000
Netflix,SF Bay Area,Media,United States,2022-04-28,25,,Post-IPO,121900,2022-05-12 01:21:49.0000000
Netflix,SF Bay Area,Media,United States,2022-05-17,150,.0100,Post-IPO,121900,2022-05-17 18:58:36.0000000
Netflix,SF Bay Area,Media,United States,2022-06-23,300,.0300,Post-IPO,121900,2022-06-23 19:35:36.0000000
Netflix,SF Bay Area,Media,United States,2022-09-14,30,,Post-IPO,121900,2022-09-16 14:49:31.0000000
Netlify,SF Bay Area,Other,United States,2023-07-13,,,Series D,212,2023-07-14 03:25:21.0000000
Netlify,SF Bay Area,Product,United States,2022-12-01,48,.1600,Series D,212,2022-12-08 17:03:17.0000000
Nevro,SF Bay Area,Healthcare,United States,2024-01-09,63,.0500,Post-IPO,556,2024-01-10 21:44:24.0000000
New Relic,Portland,Infrastructure,United States,2020-06-29,20,,Post-IPO,214.5,2020-06-30 16:00:12.0000000
New Relic,SF Bay Area,Infrastructure,United States,2021-04-06,160,.0700,Post-IPO,214.5,2021-04-07 02:19:39.0000000
New Relic,SF Bay Area,Infrastructure,United States,2022-08-18,110,.0500,Post-IPO,214,2022-08-18 15:35:06.0000000
New Relic,SF Bay Area,Infrastructure,United States,2023-06-27,255,.1000,Post-IPO,214,2023-06-27 18:12:56.0000000
New Relic,SF Bay Area,Infrastructure,United States,2024-04-03,,,Acquired,214,2024-04-04 16:12:07.0000000
New Work SE,Hamburg,Consumer,Germany,2024-01-11,400,,Post-IPO,,2024-01-12 04:34:53.0000000
Newfront Insurance,SF Bay Area,Finance,United States,2020-04-07,94,,Unknown,,2020-04-08 05:54:37.0000000
Nexar,New York City,Transportation,United States,2022-11-30,25,,Series D,149,2023-09-04 23:17:48.0000000
Nexar,New York City,Transportation,United States,2023-07-31,12,,Series D,149,2023-09-04 23:17:22.0000000
Nexar,New York City,Transportation,United States,2023-09-04,17,.1400,Series D,149,2023-09-04 23:16:03.0000000
Next Insurance,SF Bay Area,Finance,United States,2022-07-07,150,.1700,Series E,881,2022-07-07 15:41:59.0000000
Nextbite,Denver,Food,United States,2022-07-09,,,Series C,150,2022-07-11 02:46:30.0000000
Nextbite,Denver,Food,United States,2023-05-18,,,Series C,150,2023-05-20 23:07:52.0000000
Nextdoor,SF Bay Area,Consumer,United States,2023-11-07,,.2500,Post-IPO,736,2023-11-07 22:22:22.0000000
NextGen Healthcare,St. Louis,Healthcare,United States,2023-11-17,84,,Acquired,,2023-11-18 00:04:34.0000000
Nextiva,Phoenix,Other,United States,2022-12-06,,.1700,Private Equity,200,2022-12-07 06:32:57.0000000
NextRoll,SF Bay Area,Marketing,United States,2022-07-08,,.0300,Unknown,108,2022-07-08 15:49:06.0000000
NextRoll,SF Bay Area,Marketing,United States,2022-09-15,,.0700,Unknown,108,2022-09-21 16:30:44.0000000
Niantic,Los Angeles,Other,United States,2023-08-09,100,,Series D,770,2023-08-11 15:04:05.0000000
Niantic,SF Bay Area,Consumer,United States,2022-06-29,85,.0800,Series D,770,2022-06-29 21:56:42.0000000
Niantic,SF Bay Area,Other,United States,2023-06-29,230,,Series D,770,2023-06-29 19:14:00.0000000
Niche,Pittsburgh,Education,United States,2024-03-08,24,.0700,Series C,44,2024-03-11 23:26:09.0000000
Nikola,Phoenix,Transportation,United States,2023-06-16,270,,Post-IPO,3300,2023-06-17 23:42:53.0000000
Ninjacart,Bengaluru,Food,India,2021-02-23,200,,Unknown,194,2021-02-23 23:14:13.0000000
NIO,Shanghai,Transportation,China,2023-11-03,,.1000,Post-IPO,7200,2023-11-06 16:09:37.0000000
Nirvana Money,Miami,Finance,United States,2022-11-15,,1.0000,Unknown,,2022-11-16 00:08:40.0000000
No Fluff Jobs,Gydnia,HR,Poland,2023-03-04,13,,Acquired,,2023-04-03 03:43:17.0000000
Noice,Helsinki,Consumer,Finland,2023-08-15,,,Seed,5,2023-08-15 16:35:44.0000000
Nomad,Sao Paulo,Finance,Brazil,2022-08-04,,.2000,Series B,290,2022-08-10 15:19:39.0000000
Nomad Health,New York City,Healthcare,United States,2023-10-20,,.2500,Unknown,218,2023-10-20 23:38:57.0000000
Nomad Health,New York City,Healthcare,United States,2023-10-20,119,.1700,Unknown,218,2023-02-10 21:21:07.0000000
Nomad Health,New York City,Healthcare,United States,2024-02-05,,,Unknown,218,2024-02-06 04:25:15.0000000
Noom,New York City,Fitness,United States,2023-01-25,,,Series F,657,2023-01-26 21:05:04.0000000
Noom,New York City,Fitness,United States,2024-01-30,,,Series F,657,2024-01-31 00:10:02.0000000
Noom,New York City,Healthcare,United States,2022-04-29,495,,Series F,657,2022-05-02 23:56:13.0000000
Noom,New York City,Healthcare,United States,2022-10-11,500,.1000,Series F,657,2022-10-12 03:36:23.0000000
Noon,Riyadh,Retail,Saudi Arabia,2023-04-18,340,.1000,Unknown,,2023-04-19 00:23:39.0000000
Nori,Seattle,Energy,United States,2023-04-10,10,.3700,Unknown,13,2023-05-31 22:48:16.0000000
Notarize,Boston,Legal,United States,2022-06-15,110,.2500,Series D,213,2022-06-16 02:44:57.0000000
Notarize,Boston,Legal,United States,2022-10-31,60,,Series D,213,2022-11-01 04:02:41.0000000
Nova Benefits,Bengaluru,Healthcare,India,2022-06-28,,.3000,Series B,41,2022-06-30 03:00:03.0000000
Nowadays,SF Bay Area,Food,United States,2023-09-18,,1.0000,Seed,10,2023-10-02 15:48:55.0000000
Nowports,Monterrey,Logistics,Mexico,2023-03-30,,.1500,Series C,,2023-05-10 15:02:57.0000000
NS8,Las Vegas,Data,United States,2020-09-11,240,.9500,Series A,157.89999389648438,2020-09-11 15:08:13.0000000
NSO,Tel Aviv,Security,Israel,2022-08-21,100,.1400,Seed,1,2022-08-22 15:24:01.0000000
Nuance Communications,Boston,Healthcare,United States,2023-05-20,,,Acquired,,2023-05-22 23:49:26.0000000
Nubank,Sao Paulo,Finance,Brazil,2023-01-31,40,,Post-IPO,4100,2023-06-08 17:28:48.0000000
Nubank,Sao Paulo,Finance,Brazil,2023-03-15,30,,Post-IPO,4100,2023-06-08 17:28:19.0000000
Nubank,Sao Paulo,Finance,Brazil,2023-06-07,296,,Post-IPO,4100,2023-06-08 17:27:08.0000000
Numbrs,Zurich,Finance,Switzerland,2020-05-07,62,.5000,Series B,78,2020-05-08 14:05:29.0000000
NuoDB,Boston,Data,United States,2020-04-10,20,.2900,Unknown,85,2020-04-11 15:33:55.0000000
Nuri,Berlin,Crypto,Germany,2022-10-17,,1.0000,Series B,42,2022-10-19 16:04:32.0000000
Nuri,Berlin,Finance,Germany,2022-05-25,45,.2000,Series B,42,2022-05-25 13:50:45.0000000
Nuro,SF Bay Area,Transportation,United States,2022-07-13,7,,Series D,2100,2022-07-16 13:57:13.0000000
Nuro,SF Bay Area,Transportation,United States,2022-11-18,300,.2000,Series D,2100,2022-11-18 21:35:34.0000000
Nuro,SF Bay Area,Transportation,United States,2023-05-12,340,.3000,Series D,2100,2023-05-11 00:12:57.0000000
NuScale Power,Corvallis,Energy,United States,2024-01-08,154,.2800,Post-IPO,470,2024-01-07 04:53:10.0000000
Nutanix,SF Bay Area,Infrastructure,United States,2022-08-09,270,.0400,Post-IPO,1100,2022-08-09 21:51:10.0000000
NYDIG,New York City,Crypto,United States,2022-09-22,110,.3300,Private Equity,1400,2022-10-14 15:15:02.0000000
Nylas,SF Bay Area,Product,United States,2022-08-02,80,.2500,Series C,175,2022-08-02 21:48:53.0000000
Nyriad,Austin,Infrastructure,United States,2022-10-10,,.3300,Unknown,58,2022-10-25 15:18:36.0000000
Oatly,Malmö,Food,Sweden,2022-11-15,,,Post-IPO,441,2022-11-17 00:02:43.0000000
Observe.AI,SF Bay Area,Support,United States,2023-02-15,,,Series C,214,2023-02-16 15:55:44.0000000
Ocavu,Lehi,Crypto,United States,2022-11-10,20,.4800,Series A,11,2022-11-12 04:10:36.0000000
Octopus Network,Beau Vallon,Crypto,Seychelles,2022-12-27,,.4000,Series A,8,2022-12-30 16:00:19.0000000
Oda,Oslo,Food,Norway,2022-11-01,70,.0600,Unknown,479,2022-11-30 06:08:48.0000000
Oda,Oslo,Food,Norway,2022-11-01,70,.1800,Unknown,477,2022-11-11 00:08:50.0000000
Oda,Oslo,Food,Norway,2024-06-05,150,,Unknown,691,2024-06-05 18:01:25.0000000
Oda,Oslo,Food,Sweden,2022-11-01,70,.1800,Unknown,377,2022-11-01 19:44:28.0000000
Oddle,Singapore,Food,Singapore,2023-04-27,,.2500,Series B,9,2023-04-29 03:41:09.0000000
Offerpad,Phoenix,Real Estate,United States,2022-11-11,,.0700,Post-IPO,355,2022-11-17 02:43:48.0000000
OfferUp,Seattle,Retail,United States,2022-11-15,,.1900,Unknown,381,2022-11-17 00:19:49.0000000
OFFOR Health,Columbus,Healthcare,United States,2023-01-24,16,,Series A,14,2023-01-28 21:04:44.0000000
Oh My Green,SF Bay Area,Food,United States,2020-03-27,40,,Seed,20,2020-03-29 23:31:27.0000000
OKCredit,New Delhi,Finance,India,2022-02-24,30,,Series B,85,2022-02-26 15:42:46.0000000
Okta,SF Bay Area,Security,United States,2022-08-26,24,,Post-IPO,1200,2022-08-26 20:43:02.0000000
Okta,SF Bay Area,Security,United States,2023-02-02,300,.0500,Post-IPO,1200,2023-02-02 15:48:09.0000000
Okta,SF Bay Area,Security,United States,2024-02-01,400,.0700,Post-IPO,1200,2024-02-01 17:03:13.0000000
Ola,Bengaluru,Transportation,India,2020-05-20,1400,.3500,Series J,3800,2020-05-20 13:48:08.0000000
Ola,Bengaluru,Transportation,India,2022-07-29,1000,,Series J,5000,2022-07-29 16:10:50.0000000
Ola,Bengaluru,Transportation,India,2022-09-19,200,,Series J,5000,2022-09-19 23:24:20.0000000
Ola,Bengaluru,Transportation,India,2023-01-13,200,,Series J,5000,2023-01-13 14:50:08.0000000
Ola,Bengaluru,Transportation,India,2024-04-29,180,.1000,Series J,5000,2024-04-30 14:58:53.0000000
Olist,Curitiba,Retail,Brazil,2022-05-23,,,Series E,322,2022-05-25 03:31:13.0000000
Olist,Curitiba,Retail,Brazil,2023-01-30,,,Series E,322,2023-01-31 01:34:45.0000000
Olive,Columbus,Healthcare,United States,2022-07-19,450,.3100,Series H,856,2022-07-19 16:22:01.0000000
Olive,Columbus,Healthcare,United States,2023-10-31,,1.0000,Series H,856,2023-11-02 03:14:12.0000000
Olive AI,Columbus,Healthcare,United States,2023-02-09,215,.3500,Series H,856,2023-02-10 00:47:56.0000000
Olo,New York City,Food,United States,2023-06-14,81,.1100,Post-IPO,184,2023-06-14 18:24:46.0000000
OLX Group,Amsterdam,Marketing,Netherlands,2023-01-30,1500,.1500,Acquired,,2023-01-30 15:52:15.0000000
OLX Group,Amsterdam,Marketing,Netherlands,2023-06-20,800,,Acquired,,2023-06-20 16:18:45.0000000
OLX India,New Delhi,Marketing,India,2020-10-10,250,,Acquired,28,2020-10-12 17:12:32.0000000
Omie,Sao Paulo,Finance,Brazil,2020-04-09,136,.3100,Series B,26,2020-04-09 21:59:05.0000000
Omnipresent,London,HR,United States,2023-02-01,,,Series B,137,2023-02-03 03:11:25.0000000
Omuni,Bengaluru,Retail,India,2023-08-30,60,.3500,Acquired,10,2023-08-30 15:21:22.0000000
On Deck,SF Bay Area,Education,United States,2022-05-05,72,.2500,Series A,20,2022-05-05 18:40:03.0000000
On Deck,SF Bay Area,Education,United States,2022-08-04,73,.3300,Series A,20,2022-08-04 19:07:23.0000000
OnDeck,New York City,Finance,United States,2020-07-08,,,Post-IPO,1200,2020-07-13 16:47:40.0000000
OneFootball,Berlin,Marketing,Germany,2022-12-09,62,.1150,Series D,442,2022-12-21 00:43:02.0000000
OneFootball,Berlin,Marketing,Germany,2023-02-23,150,.3200,Series D,442,2023-02-24 16:02:03.0000000
OnePipe,Lagos,Finance,Nigeria,2023-03-29,,,Seed,9,2023-03-31 04:01:15.0000000
OneStudyTeam,Boston,Healthcare,United States,2022-12-06,,.2500,Series D,479,2022-12-07 06:37:12.0000000
OneTrust,Atlanta,Legal,United States,2020-04-09,150,.1000,Series B,410,2020-04-10 04:43:00.0000000
OneTrust,Atlanta,Security,United States,2022-06-09,950,.2500,Series C,926,2022-06-10 04:14:42.0000000
OneWeb,London,Aerospace,United Kingdom,2020-03-27,451,.8500,Unknown,3000,2020-03-28 20:52:49.0000000
Onfido,London,Finance,United Kingdom,2023-07-24,,,Series D,182,2023-07-26 23:12:42.0000000
OnlyFans,London,Media,United Kingdom,2022-08-01,,,Unknown,,2022-08-04 03:42:02.0000000
Opal,Portland,Marketing,United States,2020-03-27,20,,Series B,25,2020-03-28 20:52:49.0000000
OPay,Lagos,Finance,Nigeria,2020-05-06,,.7000,Series B,170,2020-05-15 04:03:06.0000000
Open,Bengaluru,Finance,India,2023-04-20,47,,Series D,190,2023-04-20 15:56:57.0000000
Open Co,Sao Paulo,Finance,Brazil,2023-02-10,,,Series D,140,2023-02-15 22:57:06.0000000
Opencare,Toronto,Healthcare,Canada,2020-04-03,18,.2500,Series A,24,2020-04-04 04:32:27.0000000
OpenClassrooms,Paris,Education,France,2023-04-14,,.2500,Series C,150,2024-02-08 22:20:21.0000000
Opendoor,SF Bay Area,Real Estate,United States,2020-04-15,600,.3500,Series E,1500,2020-04-15 19:27:35.0000000
Opendoor,SF Bay Area,Real Estate,United States,2022-11-02,550,.1800,Post-IPO,1900,2022-11-02 17:07:34.0000000
Opendoor,SF Bay Area,Real Estate,United States,2023-04-18,560,.2200,Post-IPO,1900,2023-04-18 17:55:14.0000000
Openpay,Melbourne,Finance,Australia,2023-02-07,83,1.0000,Post-IPO,299,2023-02-07 03:58:28.0000000
OpenSea,New York City,Crypto,United States,2022-07-14,,.2000,Series C,427,2022-07-14 19:17:35.0000000
OpenSea,New York City,Crypto,United States,2023-11-03,,.5000,Series C,427,2023-11-03 23:10:11.0000000
OpenSpace,SF Bay Area,Construction,United States,2023-11-02,,,Series D,200,2023-11-02 22:13:44.0000000
OpenText,Waterloo,Data,Canada,2023-01-31,,.0800,Post-IPO,1100,2023-02-01 05:19:04.0000000
OpenWeb,Tel Aviv,Media,Israel,2022-06-15,14,.0500,Series E,223,2022-06-15 22:17:08.0000000
OpenX,Los Angeles,Marketing,United States,2020-04-28,35,.1500,Unknown,70,2020-04-29 14:20:19.0000000
Opora,SF Bay Area,Security,United States,2023-06-08,,1.0000,Seed,7,2023-06-09 18:52:31.0000000
Oportun,SF Bay Area,Finance,United States,2023-02-09,155,.1000,Post-IPO,566,2023-03-02 04:19:44.0000000
Oportun,SF Bay Area,Finance,United States,2023-11-07,185,.0700,Post-IPO,766,2024-03-09 00:59:21.0000000
Optimizely,SF Bay Area,Marketing,United States,2020-07-15,60,.1500,Series D,251.19999694824219,2020-07-16 15:38:45.0000000
Oracle,SF Bay Area,Other,United States,2022-08-01,,,Post-IPO,,2022-11-17 00:44:15.0000000
Oracle,SF Bay Area,Other,United States,2022-11-01,200,,Post-IPO,,2022-11-17 00:45:58.0000000
Oracle,SF Bay Area,Other,United States,2023-01-17,,,Post-IPO,,2023-01-27 14:18:45.0000000
Orbit,SF Bay Area,Other,United States,2022-08-12,,,Series A,20,2022-08-17 20:05:47.0000000
Orbotech,Yavne,Manufacturing,Israel,2024-03-19,100,,Acquired,,2024-03-20 01:00:51.0000000
Orca Security,Tel Aviv,Security,Israel,2024-01-03,60,.1500,Series C,632,2024-01-03 23:04:50.0000000
OrCam,Jerusalem,Healthcare,Israel,2022-10-23,62,.1600,Unknown,86,2022-10-24 02:19:31.0000000
OrCam,Jerusalem,Healthcare,Israel,2024-02-28,50,.1900,Unknown,86,2024-06-04 03:48:43.0000000
OrCam,Jerusalem,Healthcare,Israel,2024-06-03,100,.5000,Unknown,86,2024-06-04 03:47:34.0000000
Orchard,New York City,Real Estate,United States,2022-06-23,,.1000,Series D,472,2022-06-23 22:28:14.0000000
Orchard,New York City,Real Estate,United States,2022-11-17,180,,Series D,472,2022-11-18 05:15:08.0000000
Orchard,New York City,Real Estate,United States,2023-03-02,,,Series D,472,2023-03-19 03:32:01.0000000
Orchard,New York City,Real Estate,United States,2023-11-02,,,Series D,472,2023-11-03 22:19:29.0000000
O'Reilly Media,SF Bay Area,Media,United States,2020-03-25,75,.1500,Unknown,,2020-03-30 14:03:56.0000000
Oriente,Hong Kong,Finance,Hong Kong,2020-05-04,400,.2000,Series B,175,2020-05-05 23:48:13.0000000
Oscar Health,New York City,Healthcare,United States,2020-04-23,70,.0500,Unknown,1300,2020-04-24 00:29:21.0000000
OSlash,Bengaluru,Other,India,2023-11-09,,1.0000,Seed,7,2023-11-10 00:03:12.0000000
Osso VR,SF Bay Area,Healthcare,United States,2024-04-01,67,,Series C,109,2024-04-02 16:50:56.0000000
Otonomo,Tel Aviv,Transportation,Israel,2022-08-28,,,Post-IPO,231,2022-10-26 15:13:17.0000000
Otonomo,Tel Aviv,Transportation,Israel,2022-12-08,80,.5000,Post-IPO,231,2022-12-11 06:07:24.0000000
Otovo,Oslo,Energy,Norway,2024-02-08,65,.1500,Post-IPO,247,2024-02-20 02:34:33.0000000
Our Next Energy,Detroit,Transportation,United States,2023-11-27,128,.2500,Series B,390,2023-11-28 02:05:47.0000000
Our Next Energy,Detroit,Transportation,United States,2024-03-04,40,.1300,Series B,390,2024-03-05 02:11:25.0000000
Ouster,SF Bay Area,Transportation,United States,2020-09-08,,.1000,Series B,132,2020-09-09 16:30:12.0000000
Ouster,SF Bay Area,Transportation,United States,2022-09-20,,.1000,Post-IPO,282,2022-09-24 21:34:50.0000000
OutboundEngine,Austin,Marketing,United States,2020-03-25,52,.2800,Series C,48,2020-03-28 20:52:49.0000000
Outbrain,New York City,Marketing,United States,2022-07-26,38,.0300,Post-IPO,394,2022-07-26 15:46:27.0000000
Outbrain,New York City,Marketing,United States,2023-06-01,90,.1000,Post-IPO,394,2023-06-02 02:59:18.0000000
Outdoorsy,SF Bay Area,Transportation,United States,2020-06-04,,,Series C,75,2020-06-04 22:47:50.0000000
Outreach,Seattle,Sales,United States,2022-08-02,60,.0500,Series G,489,2022-08-02 20:34:47.0000000
Outreach,Seattle,Sales,United States,2023-02-27,70,.0700,Series G,489,2023-02-28 18:44:40.0000000
Outreach,Seattle,Sales,United States,2023-08-01,,.0500,Series G,489,2023-08-01 20:58:34.0000000
Outreach,Seattle,Sales,United States,2023-09-20,,.1200,Series G,489,2023-09-22 00:07:26.0000000
Outschool,SF Bay Area,Education,United States,2022-07-05,31,.1800,Series D,240,2022-07-05 19:15:37.0000000
Outschool,SF Bay Area,Education,United States,2022-12-10,43,.2500,Series D,240,2022-12-13 20:07:23.0000000
Outside,Boulder,Media,United States,2022-05-20,87,.1500,Series B,174,2022-05-22 01:47:59.0000000
Outside,Boulder,Media,United States,2022-11-15,,.1200,Series B,174,2022-11-17 04:41:17.0000000
OutSystems,Boston,Product,United States,2024-04-19,150,.0800,Series G,802,2024-05-03 17:04:04.0000000
Overtime,New York City,Media,United States,2020-03-25,30,.2300,Series B,35,2020-04-02 22:27:38.0000000
Owlet,Lehi,Healthcare,United States,2022-07-22,,,Post-IPO,178,2022-08-03 02:39:54.0000000
OwnBackup,New York City,Security,United States,2022-11-15,170,.1700,Series E,507,2022-11-17 00:15:22.0000000
Oye Rickshaw,New Delhi,Transportation,India,2022-06-29,40,.2000,Unknown,13,2022-07-01 04:25:58.0000000
OYO,Dallas,Travel,United States,2020-06-24,,,Series F,3200,2020-07-09 17:29:07.0000000
OYO,Gurugram,Travel,India,2020-12-08,600,,Series F,3200,2020-12-09 05:22:35.0000000
OYO,Gurugram,Travel,India,2022-12-03,600,,Series F,4000,2022-12-04 22:53:40.0000000
OYO,London,Travel,United Kingdom,2020-05-01,150,,Series F,2400,2020-05-04 23:56:43.0000000
OYO,Sao Paulo,Travel,Brazil,2020-04-25,500,,Series F,2400,2020-05-11 14:13:14.0000000
Oyster,Charlotte,HR,United States,2023-01-11,,,Series C,224,2023-01-11 17:32:00.0000000
Oyster,Charlotte,HR,United States,2023-01-30,,,Series C,224,2023-02-01 05:15:18.0000000
Oyster,Charlotte,HR,United States,2023-09-11,,,Series C,224,2023-09-13 01:56:30.0000000
Ozy Media,SF Bay Area,Media,United States,2021-10-01,,1.0000,Series C,70,2021-10-01 23:08:33.0000000
Pacaso,SF Bay Area,Real Estate,United States,2022-10-11,100,.3000,Series C,217,2022-10-13 04:22:31.0000000
Packable,New York City,Retail,United States,2022-08-23,138,.2000,Unknown,472,2022-08-24 23:37:17.0000000
PacketFabric,Los Angeles,Infrastructure,United States,2023-05-30,,,Unknown,109,2023-05-31 19:57:08.0000000
PACT Pharma,SF Bay Area,Healthcare,United States,2022-07-18,94,,Series C,200,2022-07-20 03:38:13.0000000
Paddle,London,Finance,United Kingdom,2023-01-11,,.0800,Series D,293,2023-01-12 00:53:17.0000000
Pagarbook,Bengaluru,HR,India,2021-07-26,80,,Series A,17,2021-07-29 23:27:46.0000000
Pagaya,Tel Aviv,Finance,Israel,2023-01-18,140,.2000,Post-IPO,571,2023-01-18 19:48:26.0000000
Pagaya,Tel Aviv,Finance,Israel,2024-06-05,100,.2000,Post-IPO,2000,2024-06-05 23:11:24.0000000
PagBank,Sao Paulo,Finance,Brazil,2023-01-16,500,.0700,Post-IPO,,2023-01-17 04:25:44.0000000
PagerDuty,SF Bay Area,Product,United States,2023-01-24,,.0700,Post-IPO,173,2023-01-24 16:29:17.0000000
PagSeguro,Sao Paulo,Finance,Brazil,2023-01-25,,.0700,Post-IPO,,2023-02-07 15:29:25.0000000
PaisaBazaar,Gurugram,Finance,India,2020-06-16,1500,.5000,Series G,496,2020-06-16 23:16:58.0000000
Palantir,Denver,Data,United States,2023-02-27,75,.0200,Post-IPO,3000,2023-02-27 23:40:15.0000000
Palmetto Clean Technology,Charleston,Energy,United States,2023-12-21,,,Private Equity,628,2023-12-22 00:49:40.0000000
Pana,Denver,Travel,United States,2020-04-01,18,,Series A,11,2020-04-02 04:00:39.0000000
Panda Squad,SF Bay Area,Consumer,United States,2020-03-13,6,.7500,Seed,1,2020-04-17 00:12:49.0000000
Panther,Tampa Bay,HR,United States,2023-06-19,,1.0000,Seed,2,2023-06-20 02:55:39.0000000
Papa,Miami,Other,United States,2022-07-13,,.1500,Series D,241,2022-07-13 23:51:45.0000000
Paper,Montreal,Education,Canada,2023-04-17,81,.0300,Series D,389,2023-05-17 21:20:16.0000000
Paper,Montreal,Education,Canada,2023-08-01,106,.0400,Series D,389,2023-08-01 21:00:22.0000000
Paper,Montreal,Education,Canada,2023-09-12,87,.0300,Series D,389,2023-09-14 13:57:39.0000000
Paperless Parts,Boston,Manufacturing,United States,2023-05-22,,,Series B,30,2023-05-24 02:12:37.0000000
Parallel Wireless,Nashua,Infrastructure,United States,2022-06-29,60,,Unknown,8,2022-06-30 02:54:56.0000000
Pared,SF Bay Area,Food,United States,2020-07-29,,,Unknown,13,2020-07-31 14:13:57.0000000
Parity Technologies,London,Crypto,United Kingdom,2023-10-23,100,.3000,Unknown,,2023-10-12 15:24:19.0000000
Parler,Nashville,Consumer,United States,2023-01-10,60,.7500,Series B,36,2023-01-11 00:59:39.0000000
Parsable,SF Bay Area,HR,United States,2020-04-15,40,.2500,Series C,72,2020-04-28 17:43:40.0000000
PartnerStack,Toronto,Sales,Canada,2023-01-24,40,.2000,Series B,36,2023-01-24 23:03:28.0000000
Passport,Charlotte,Transportation,United States,2020-03-26,44,,Series D,123,2020-03-28 20:52:49.0000000
Pastel,SF Bay Area,Food,United States,2022-09-30,,1.0000,Unknown,,2022-10-08 03:40:58.0000000
PathAI,Boston,Healthcare,United States,2023-07-21,87,,Series C,255,2023-07-11 01:51:56.0000000
PatientPop,Los Angeles,Healthcare,United States,2020-04-01,100,.2000,Series B,75,2020-04-01 21:43:38.0000000
Patreon,SF Bay Area,Media,United States,2020-04-21,30,.1300,Series D,165,2020-04-21 21:58:53.0000000
Patreon,SF Bay Area,Media,United States,2021-04-26,36,,Series D,165,2021-04-29 16:27:02.0000000
Patreon,SF Bay Area,Media,United States,2022-09-09,5,,Series F,413,2022-09-09 17:57:48.0000000
Patreon,SF Bay Area,Media,United States,2022-09-13,80,.1700,Series F,413,2022-09-13 16:04:26.0000000
PaulCamper,Berlin,Travel,Germany,2023-07-07,,,Acquired,12,2023-08-04 04:15:30.0000000
Pavilion Data,SF Bay Area,Infrastructure,United States,2022-10-10,96,.9600,Series D,103,2022-10-25 15:17:26.0000000
Pax8,Denver,Infrastructure,United States,2024-04-18,,.0500,Unknown,400,2024-04-20 21:58:46.0000000
Payfactors,Boston,HR,United States,2020-04-07,46,,Unknown,,2020-04-09 05:03:45.0000000
PayFit,Paris,HR,France,2023-03-01,200,.2000,Series E,495,2023-03-02 04:17:47.0000000
PayJoy,SF Bay Area,Finance,United States,2020-04-28,27,.2500,Series B,71,2020-05-27 22:09:17.0000000
Payoneer,New York City,Finance,United States,2023-06-26,200,.1000,Post-IPO,,2023-06-27 15:53:17.0000000
PayPal,SF Bay Area,Finance,United States,2022-05-23,83,,Post-IPO,216,2022-05-26 03:02:05.0000000
PayPal,SF Bay Area,Finance,United States,2023-01-31,2000,.0700,Post-IPO,216,2023-01-31 21:48:43.0000000
PayPal,SF Bay Area,Finance,United States,2024-01-30,2500,.0900,Post-IPO,216,2024-01-30 19:28:43.0000000
PayScale,Seattle,HR,United States,2023-07-14,14,.0200,Acquired,33,2023-07-15 03:40:15.0000000
PaySense,Mumbai,Finance,India,2020-07-09,40,,Acquired,25.600000381469727,2020-07-10 02:00:18.0000000
Paystack,Lagos,Finance,Nigeria,2023-11-16,33,,Acquired,10,2023-11-17 21:16:41.0000000
Paytm,New Delhi,Finance,India,2020-04-21,500,,Unknown,2200,2020-04-22 04:15:26.0000000
Paytm,Noida,Finance,India,2023-12-25,1000,,Unknown,,2023-12-26 00:12:53.0000000
PayU,Amsterdam,Finance,Netherlands,2022-12-26,150,.0600,Acquired,,2022-12-26 23:29:37.0000000
Pear Therapeutics,Boston,Healthcare,United States,2022-07-25,25,.0900,Post-IPO,409,2022-07-26 15:30:29.0000000
Pear Therapeutics,Boston,Healthcare,United States,2022-11-14,59,.2200,Post-IPO,409,2022-11-17 04:34:57.0000000
Pear Therapeutics,Boston,Healthcare,United States,2022-11-16,59,.2200,Post-IPO,409,2022-12-11 06:17:19.0000000
Pear Therapeutics,Boston,Healthcare,United States,2023-04-07,170,.9200,Post-IPO,409,2023-04-08 01:13:55.0000000
Pebble,SF Bay Area,Consumer,United States,2023-10-24,,1.0000,Seed,1,2023-10-25 04:11:40.0000000
Pebblepost,New York City,Marketing,United States,2020-04-01,,.6000,Series C,81,2020-04-06 23:18:39.0000000
Pecan AI,Tel Aviv,Data,Israel,2023-01-05,30,.2500,Series C,116,2023-01-09 05:20:44.0000000
Peek,Salt Lake City,Travel,United States,2020-03-20,45,,Series B,39,2020-04-03 14:42:45.0000000
Peerfit,Tampa Bay,HR,United States,2020-03-24,,.4000,Unknown,47,2020-03-30 13:59:33.0000000
Peerspace,SF Bay Area,Real Estate,United States,2020-03-26,41,.7500,Series B,34,2020-03-31 13:33:10.0000000
PeerStreet,Los Angeles,Finance,United States,2020-03-30,51,.3000,Series C,110,2020-03-31 21:41:47.0000000
PeerStreet,Los Angeles,Finance,United States,2022-05-25,75,,Series C,121,2022-05-28 15:59:34.0000000
PeerStreet,Los Angeles,Real Estate,United States,2023-02-21,,,Series C,121,2023-02-22 02:50:37.0000000
Pegasystems,Boston,HR,United States,2023-01-03,245,.0400,Post-IPO,,2023-01-04 16:12:25.0000000
Pegasystems,Boston,HR,United States,2023-08-31,240,.0400,Post-IPO,,2023-09-01 02:31:34.0000000
Peloton,New York City,Fitness,United States,2022-02-08,2800,.2000,Post-IPO,1900,2022-02-08 17:08:53.0000000
Peloton,New York City,Fitness,United States,2022-08-12,784,.1300,Post-IPO,1900,2022-08-12 17:27:39.0000000
Peloton,New York City,Fitness,United States,2022-10-06,500,.1200,Post-IPO,1900,2022-10-06 15:44:00.0000000
Peloton,New York City,Fitness,United States,2023-07-13,11,,Post-IPO,1900,2023-07-17 23:04:12.0000000
Peloton,New York City,Fitness,United States,2024-05-02,400,.1500,Post-IPO,1900,2024-05-02 15:14:16.0000000
Pendo,Raleigh,Product,United States,2022-09-07,45,.0500,Series F,469,2022-09-10 03:50:58.0000000
Pendo,Raleigh,Product,United States,2023-06-12,100,.1200,Series F,469,2023-06-12 16:12:49.0000000
People.ai,SF Bay Area,Marketing,United States,2020-04-17,30,.1800,Series C,100,2020-04-17 21:18:04.0000000
People.ai,SF Bay Area,Sales,United States,2022-07-22,,,Series D,200,2022-07-26 15:41:53.0000000
PeopleGrove,SF Bay Area,HR,United States,2020-04-03,,,Series A,7,2020-04-07 14:26:03.0000000
Perceptive Automata,Boston,Transportation,United States,2022-08-01,,1.0000,Series A,20,2022-08-04 03:49:13.0000000
Perfect Day,SF Bay Area,Food,United States,2023-07-06,134,.1500,Series D,711,2023-07-13 18:30:21.0000000
Perimeter 81,Tel Aviv,Security,Israel,2022-12-06,20,.0800,Series C,165,2022-12-07 02:35:54.0000000
Perion,Tel Aviv,Marketing,Israel,2022-08-08,20,.0500,Post-IPO,76,2022-08-08 14:15:39.0000000
Perkbox,London,HR,United Kingdom,2020-07-27,,,Unknown,29.700000762939453,2020-07-27 15:46:23.0000000
PerkSpot,Chicago,HR,United States,2020-04-06,10,.1000,Private Equity,50,2020-04-10 04:44:38.0000000
Permutive,London,Marketing,United Kingdom,2022-08-10,30,.1200,Series C,105,2022-08-10 21:55:40.0000000
Permutive,London,Marketing,United Kingdom,2023-04-11,80,.4000,Series C,105,2023-04-14 03:02:59.0000000
Personalis,SF Bay Area,Healthcare,United States,2023-01-19,,.3000,Post-IPO,225,2023-01-20 01:28:00.0000000
Personetics,New York City,Support,United States,2023-01-05,30,.0800,Private Equity,178,2023-01-06 01:33:54.0000000
Personio,Munich,HR,Germany,2024-01-24,100,,Series E,724,2024-01-25 18:46:19.0000000
Perx Health,Sydney,Healthcare,Australia,2022-07-02,,,Seed,2,2022-07-04 15:24:15.0000000
Pesto,SF Bay Area,Other,United States,2022-09-23,,1.0000,Seed,6,2022-09-24 21:33:22.0000000
Petal,New York City,Finance,United States,2020-05-12,,,Series B,47,2020-05-15 04:42:43.0000000
Petal,New York City,Finance,United States,2022-08-18,,.1000,Series D,704,2022-08-22 15:26:01.0000000
Petal,New York City,Finance,United States,2023-06-30,,.2000,Series D,704,2023-12-04 03:11:56.0000000
PetLove,Sao Paulo,Retail,Brazil,2023-02-13,94,,Series C,225,2023-02-15 21:57:42.0000000
PhableCare,Bengaluru,Healthcare,India,2023-02-14,,.7000,Series B,40,2023-02-15 00:50:25.0000000
Phantom Auto,SF Bay Area,Transportation,United States,2024-03-12,100,1.0000,Unknown,86,2024-03-12 23:10:17.0000000
PharmEasy,Mumbai,Healthcare,India,2022-06-16,40,,Unknown,1600,2022-06-17 03:06:34.0000000
PharmEasy,Mumbai,Healthcare,India,2022-12-10,,,Unknown,1600,2022-12-11 06:25:36.0000000
PharmEasy,Mumbai,Healthcare,India,2023-05-01,,,Unknown,1600,2023-05-02 16:23:27.0000000
Philips,Amsterdam,Healthcare,Netherlands,2022-10-24,4000,.0500,Post-IPO,,2023-01-21 00:40:16.0000000
Philips,Amsterdam,Healthcare,Netherlands,2023-01-30,6000,.1300,Post-IPO,,2023-01-30 15:45:59.0000000
Phunware,Austin,Other,United States,2023-07-20,,,Post-IPO,87,2023-07-22 01:08:33.0000000
Physics Wallah,Noida,Education,India,2023-11-19,120,.0100,Series A,100,2023-11-20 20:35:33.0000000
PickYourTrail,Chennai,Travel,India,2020-05-21,70,.3500,Series A,3,2020-09-14 16:26:06.0000000
Picnic,Seattle,Food,United States,2023-02-01,,,Unknown,52,2023-02-22 02:54:40.0000000
Pico Interactive,SF Bay Area,Other,United States,2023-02-16,400,.2000,Acquired,62,2023-02-16 15:56:43.0000000
Pico Interactive,SF Bay Area,Other,United States,2023-11-06,,,Acquired,62,2023-11-07 04:14:51.0000000
PicoBrew,Seattle,Food,United States,2020-04-30,,1.0000,Series A,15,2020-05-01 23:18:18.0000000
Picsart,Miami,Consumer,United States,2022-05-17,90,.0800,Series C,195,2022-05-17 22:26:00.0000000
Pie Insurance,Washington D.C.,Finance,United States,2023-05-18,63,.1400,Series D,621,2023-05-18 19:51:36.0000000
Pier,Sao Paulo,Finance,Brazil,2023-01-12,111,.3900,Series B,42,2023-01-12 17:14:00.0000000
Pilot,SF Bay Area,Finance,United States,2023-06-16,45,.1300,Unknown,116,2023-07-01 00:53:57.0000000
Ping Identity,Denver,Security,United States,2023-11-14,,,Acquired,128,2023-11-15 16:38:14.0000000
Pinterest,SF Bay Area,Consumer,United States,2022-11-30,,,Post-IPO,1500,2022-12-01 22:22:03.0000000
Pinterest,SF Bay Area,Consumer,United States,2023-02-01,150,,Post-IPO,1500,2023-02-02 01:29:09.0000000
Pipedrive,Tallinn,Sales,Estonia,2020-05-05,31,,Series C,90,2020-05-07 22:42:55.0000000
Pipedrive,Tallinn,Sales,Estonia,2022-11-14,143,.1500,Private Equity,90,2022-11-15 04:26:21.0000000
Pipedrive,Tallinn,Sales,Estonia,2023-11-30,,,Private Equity,90,2023-12-02 01:19:21.0000000
Pipl,Spokane,Security,United States,2022-06-23,22,.1300,Unknown,19,2022-06-23 14:59:19.0000000
Pitch,Berlin,Marketing,Germany,2022-09-14,59,.3000,Series B,137,2022-09-14 14:50:51.0000000
Pitch,Berlin,Other,Germany,2024-01-08,80,.6700,Series B,138,2024-01-08 17:29:50.0000000
Pivo,Abuja,Finance,Nigeria,2023-12-05,,1.0000,Seed,3,2023-12-07 19:18:20.0000000
Pivot3,Austin,Infrastructure,United States,2020-03-27,,,Series H,273,2020-03-28 20:52:49.0000000
Pix,SF Bay Area,Food,United States,2022-08-24,,,Unknown,,2022-08-24 23:31:27.0000000
Plaid,SF Bay Area,Finance,United States,2022-12-07,260,.2000,Series D,734,2022-12-07 16:22:04.0000000
Planet,SF Bay Area,Aerospace,United States,2023-08-01,117,.1000,Post-IPO,574,2023-08-01 16:46:16.0000000
Planetly,Berlin,Other,Germany,2022-11-04,200,1.0000,Acquired,5,2022-11-05 04:16:18.0000000
PlanetScale,SF Bay Area,Data,United States,2024-03-06,,,Series C,105,2024-03-06 19:21:47.0000000
Plato,SF Bay Area,HR,United States,2022-08-23,29,.5000,Seed,3,2022-08-26 20:46:11.0000000
Playdots,New York City,Consumer,United States,2022-10-13,65,1.0000,Acquired,10,2022-11-05 03:52:49.0000000
Playtika,Tel Aviv,Consumer,Israel,2022-05-31,250,.0600,Post-IPO,,2022-05-31 15:22:20.0000000
Playtika,Tel Aviv,Consumer,Israel,2022-12-09,600,.1500,Post-IPO,,2022-12-11 06:01:30.0000000
Playtika,Tel Aviv,Consumer,Israel,2024-01-11,300,.1000,Post-IPO,,2024-01-12 04:36:57.0000000
Pleo,Copenhagen,Finance,United States,2022-11-03,150,.1500,Series C,428,2022-11-03 18:50:02.0000000
Plerk,Guadalajara,Finance,Mexico,2022-11-29,,.4000,Series A,13,2022-11-30 06:15:57.0000000
Plex,SF Bay Area,Media,United States,2023-06-28,37,.2000,Unknown,81,2023-06-28 22:36:59.0000000
Pliops,Tel Aviv,Data,Israel,2022-08-16,12,.0900,Series D,205,2022-08-18 21:47:39.0000000
Plum,Bengaluru,Healthcare,India,2022-11-09,36,.1000,Series A,20,2022-11-11 00:04:51.0000000
Plume,Denver,Healthcare,United States,2023-10-18,24,,Series B,38,2023-10-19 00:43:31.0000000
Pluralsight,Salt Lake City,Education,United States,2022-12-12,400,.2000,Acquired,192,2022-12-12 22:08:18.0000000
Pluralsight,Salt Lake City,Education,United States,2023-04-21,,,Acquired,192,2023-04-23 22:31:27.0000000
Pluralsight,Salt Lake City,Education,United States,2023-07-25,,,Acquired,192,2023-07-26 01:05:31.0000000
Plus One Robotics,San Antonio,Other,United States,2023-01-26,,.1000,Series B,43,2023-01-27 14:04:04.0000000
Pocket Aces,Mumbai,Media,India,2023-02-06,50,.2500,Unknown,19,2023-02-06 19:12:45.0000000
Pocketmath,Singapore,Marketing,Singapore,2021-01-20,21,1.0000,Unknown,20,2021-01-21 22:17:17.0000000
Podium,Lehi,Support,United States,2022-12-01,,.1200,Series D,419,2022-12-01 22:19:10.0000000
Podium,Lehi,Support,United States,2023-08-09,,,Series D,419,2023-08-11 15:15:11.0000000
Point,SF Bay Area,Real Estate,United States,2023-07-27,61,.2800,Series C,149,2023-09-07 15:30:32.0000000
PokerStars,Leeds,Consumer,United Kingdom,2023-10-15,,,Acquired,,2023-10-17 01:48:30.0000000
Polarr,SF Bay Area,Consumer,United States,2020-03-29,10,,Series A,13,2020-04-08 05:53:45.0000000
PolicyGenius,New York City,Finance,United States,2022-06-02,170,.2500,Series E,286,2022-06-02 19:58:37.0000000
Politico / Protocol,Washington D.C.,Media,United States,2020-04-21,13,,Unknown,,2020-04-22 00:38:31.0000000
Pollen,London,Marketing,United Kingdom,2022-08-10,,1.0000,Series C,238,2022-08-10 21:58:34.0000000
Pollen,London,Travel,United Kingdom,2020-05-19,69,.3100,Series B,88,2020-05-19 23:18:09.0000000
Pollen,London,Travel,United Kingdom,2022-05-10,200,.3300,Series C,238,2022-05-20 00:32:35.0000000
Polly,Burlington,Finance,United States,2022-12-02,47,.1500,Series C,184,2022-12-04 23:10:15.0000000
Polygon,Bengaluru,Crypto,India,2023-02-21,100,.2000,Unknown,451,2023-02-21 19:54:49.0000000
Polygon,Cayman Islands,Crypto,Cayman Islands,2024-02-01,60,.1900,Unknown,451,2024-02-01 17:14:49.0000000
Pomelo Fashion,Bangkok,Retail,Thailand,2022-09-08,55,.0800,Unknown,120,2022-09-10 03:53:01.0000000
Poparazzi,Los Angeles,Consumer,United States,2023-04-28,,1.0000,Series A,15,2023-05-03 14:44:12.0000000
Popcore,Berlin,Consumer,Germany,2024-02-13,,,Acquired,,2024-02-28 18:49:40.0000000
Popin,New York City,Fitness,United States,2020-03-19,,1.0000,Unknown,13,2020-04-06 23:47:12.0000000
Poppulo,Denver,HR,United States,2023-04-27,85,,Acquired,30,2023-04-29 03:12:11.0000000
Poshmark,SF Bay Area,Retail,United States,2023-02-24,,.0200,Acquired,153,2023-02-24 16:03:11.0000000
Postmates,SF Bay Area,Food,United States,2021-01-23,180,.1500,Acquired,763,2021-01-25 00:21:44.0000000
Postscript,SF Bay Area,Marketing,United States,2022-06-26,43,,Series C,106,2022-06-25 16:34:05.0000000
PowerReviews,Chicago,Retail,United States,2020-04-23,,,Acquired,78,2020-04-27 04:01:22.0000000
Practically,Hyderabad,Education,India,2022-11-06,,,Unknown,14,2022-11-06 18:21:49.0000000
Practo,Bengaluru,Healthcare,India,2023-04-08,41,,Series D,222,2023-04-09 15:21:14.0000000
PrepLadder,New Delhi,Education,India,2024-05-08,145,.2500,Acquired,,2024-05-09 03:21:27.0000000
Preply,Boston,Education,United States,2022-06-09,26,.0500,Series C,100,2022-06-10 04:21:55.0000000
Presto,SF Bay Area,Food,United States,2023-11-20,,.1700,Post-IPO,167,2024-01-13 23:26:29.0000000
Prime Trust,Las Vegas,Crypto,United States,2023-01-30,,.3300,Series B,176,2023-02-01 05:21:42.0000000
Primer,London,Finance,United Kingdom,2022-12-09,85,.3300,Series B,73,2022-12-09 16:37:23.0000000
Prisma,SF Bay Area,Data,United States,2023-01-19,,.2800,Series B,56,2023-01-21 00:50:05.0000000
Pristyn Care,Gurugram,Healthcare,India,2023-03-07,300,.1500,Series E,177,2023-03-07 15:44:34.0000000
Pristyn Care,Gurugram,Healthcare,India,2024-03-01,120,.0700,Series E,177,2024-03-01 17:09:48.0000000
Privitar,London,Data,United Kingdom,2021-01-27,20,,Series C,150,2021-01-28 18:15:09.0000000
Procore,Los Angeles,Construction,United States,2020-07-28,180,.0900,Unknown,649,2020-07-28 23:43:56.0000000
Procore,Santa Barbara,Construction,United States,2024-01-30,,.0400,Post-IPO,654,2024-02-29 00:44:04.0000000
Product Hunt,Unknown,Consumer,United States,2023-10-09,,.6000,Acquired,,2023-10-15 20:10:12.0000000
Productboard,SF Bay Area,Product,United States,2022-11-15,100,.2000,Series D,,2022-11-17 00:25:16.0000000
Productboard,SF Bay Area,Product,United States,2023-08-31,,.1000,Series D,,2024-01-27 14:08:17.0000000
Productboard,SF Bay Area,Product,United States,2024-01-26,,,Series D,,2024-01-27 14:06:31.0000000
Progrexion,Salt Lake City,Finance,United States,2022-05-05,100,,Acquired,202,2023-04-19 04:29:55.0000000
Project Ronin,SF Bay Area,Healthcare,United States,2024-03-01,150,1.0000,Unknown,,2024-03-05 02:12:18.0000000
Project44,Chicago,Logistics,United States,2022-07-15,63,.0500,Unknown,817,2022-07-15 21:24:38.0000000
Project44,Chicago,Logistics,United States,2023-05-26,130,.1000,Unknown,817,2023-05-27 14:25:40.0000000
Project44,Chicago,Logistics,United States,2023-09-14,116,,Unknown,817,2023-09-20 21:16:01.0000000
Proofpoint,SF Bay Area,Security,United States,2024-01-31,280,.0600,Acquired,885,2024-01-31 17:02:14.0000000
Properly,Toronto,Real Estate,Canada,2022-11-15,71,,Series B,154,2022-11-17 00:21:03.0000000
PropertyGuru,Singapore,Real Estate,Singapore,2024-02-27,79,,Post-IPO,676,2024-02-27 21:04:06.0000000
Propzy,Ho Chi Minh City,Real Estate,Vietnam,2022-06-07,,.5000,Series A,33,2022-09-15 03:57:32.0000000
Propzy,Ho Chi Minh City,Real Estate,Vietnam,2022-09-13,,1.0000,Series A,33,2022-09-15 03:58:35.0000000
Prosus,Amsterdam,Other,Netherlands,2023-01-25,,.3000,Unknown,,2023-01-25 19:24:02.0000000
Protego Trust Bank,Seattle,Crypto,United States,2023-03-01,,.5000,Series A,70,2023-03-03 23:16:05.0000000
Proterra,SF Bay Area,Transportation,United States,2023-01-19,300,,Post-IPO,1200,2023-03-07 01:21:17.0000000
Protocol,SF Bay Area,Media,United States,2022-11-15,60,1.0000,Acquired,,2022-11-15 18:19:53.0000000
Protocol Labs,SF Bay Area,Crypto,United States,2023-02-03,89,.2000,Unknown,10,2023-02-04 04:41:16.0000000
Proton.ai,Boston,Sales,United States,2022-11-29,,,Series A,20,2022-12-03 05:13:04.0000000
Protonn,Bengaluru,Other,India,2022-01-20,,1.0000,Seed,9,2023-12-04 03:03:02.0000000
Provi,Chicago,Food,United States,2022-11-03,,,Series C,150,2022-11-05 03:33:44.0000000
Providoor,Melbourne,Food,Australia,2023-04-28,,1.0000,Unknown,,2023-04-29 03:11:08.0000000
PuduTech,Shenzen,Other,China,2022-07-08,1500,,Series C,184,2022-08-04 03:46:38.0000000
Pulse Secure,SF Bay Area,Security,United States,2020-12-23,78,,Acquired,,2020-12-28 20:03:12.0000000
Puppet,Portland,Infrastructure,United States,2020-03-26,50,.1000,Series F,149,2020-03-28 20:52:49.0000000
Puppet,Portland,Infrastructure,United States,2022-08-03,,.1500,Acquired,189,2022-08-08 14:17:13.0000000
Pure Storage,SF Bay Area,Data,United States,2024-02-08,275,,Post-IPO,529,2024-02-08 22:11:27.0000000
Purse,SF Bay Area,Crypto,United States,2020-04-16,,1.0000,Seed,1,2020-04-16 23:35:05.0000000
Q4,Toronto,Other,Canada,2022-08-23,50,.0800,Series C,91,2022-08-24 03:26:48.0000000
Qin1,Noida,Education,India,2022-10-14,,1.0000,Seed,,2022-10-15 02:20:42.0000000
Qoala,Jakarta,Finance,Indonesia,2023-07-31,80,,Series B,89,2023-08-05 04:02:50.0000000
Qomplx,Washington D.C.,AI,United States,2023-08-04,60,,Series A,107,2023-08-05 00:51:43.0000000
Quadream,Tel Aviv,Security,Israel,2023-04-16,,1.0000,Unknown,,2023-04-17 00:59:34.0000000
Qualcomm,Haifa,Hardware,Israel,2023-05-23,30,,Post-IPO,,2023-06-02 12:37:45.0000000
Qualcomm,San Diego,Hardware,United States,2022-12-22,153,,Post-IPO,,2023-01-04 16:06:51.0000000
Qualcomm,San Diego,Hardware,United States,2023-10-12,1258,.0200,Post-IPO,,2023-10-13 16:22:24.0000000
Qualcomm,SF Bay Area,Hardware,United States,2023-06-16,84,,Post-IPO,,2023-07-19 16:45:53.0000000
Qualtrics,Salt Lake City,Other,United States,2023-01-11,270,.0500,Post-IPO,400,2023-01-12 15:18:44.0000000
Qualtrics,Salt Lake City,Other,United States,2023-10-04,780,.1400,Acquired,400,2023-10-04 17:38:59.0000000
Quandoo,Berlin,Food,Germany,2021-02-03,87,.2000,Acquired,39,2021-02-18 01:02:39.0000000
Quanergy Systems,SF Bay Area,Transportation,United States,2022-12-14,72,,Post-IPO,175,2022-12-15 22:44:33.0000000
Quantcast,SF Bay Area,Marketing,United States,2020-04-08,30,.0500,Series C,65,2020-04-08 15:33:01.0000000
Quantcast,SF Bay Area,Marketing,United States,2022-07-29,40,.0600,Series C,65,2022-08-02 03:46:06.0000000
Quanterix,Boston,Healthcare,United States,2022-08-09,130,.2500,Post-IPO,533,2022-11-17 04:38:06.0000000
Quanto,Sao Paulo,Finance,Brazil,2022-07-22,28,.2200,Series A,15,2022-07-25 15:30:47.0000000
Quanto,Sao Paulo,Finance,Brazil,2023-05-16,,.8500,Series A,20,2023-05-18 21:49:12.0000000
Quantum SI,New Haven,Healthcare,United States,2023-01-30,,.1200,Post-IPO,425,2023-02-03 03:08:23.0000000
Quartz,New York City,Media,United States,2020-05-14,80,.4000,Acquired,,2020-05-14 20:19:54.0000000
Quibi,Los Angeles,Media,United States,2020-10-21,,1.0000,Private Equity,1800,2020-10-22 14:11:52.0000000
Quicko,Sao Paulo,Transportation,Brazil,2022-09-12,60,,Acquired,28,2022-09-13 23:35:10.0000000
Quidax,Lagos,Crypto,Nigeria,2022-11-24,20,.2000,Unknown,3,2022-11-26 16:24:18.0000000
Quillt,St. Louis,Media,United States,2023-02-09,,,Unknown,,2023-02-10 16:59:10.0000000
QuintoAndar,Sao Paulo,Real Estate,Brazil,2020-04-17,88,.0800,Series D,335,2020-04-18 13:37:34.0000000
QuintoAndar,Sao Paulo,Real Estate,Brazil,2022-04-19,160,.0400,Series E,755,2022-04-24 03:25:19.0000000
Quizy,Gurugram,Consumer,India,2023-08-09,,1.0000,Seed,,2023-08-09 17:59:13.0000000
Qumulo,Seattle,Data,United States,2022-06-29,80,.1900,Series E,347,2022-06-30 02:47:04.0000000
Quora,SF Bay Area,Consumer,United States,2023-01-26,,,Series D,226,2023-01-27 14:16:24.0000000
Qwick,Phoenix,Recruiting,United States,2020-04-27,,.7000,Seed,4,2020-04-28 03:54:40.0000000
Qyuki,Bengaluru,Other,India,2023-06-29,,.3000,Seed,19,2023-07-05 00:19:52.0000000
R3,New York City,Crypto,United States,2023-09-14,,.2000,Series A,112,2023-09-14 23:07:48.0000000
Rackspace,San Antonio,Data,United States,2023-03-27,275,,Acquired,17,2023-03-28 00:14:49.0000000
Rad Power Bikes,Seattle,Transportation,United States,2022-04-12,100,.1400,Series D,329,2022-05-05 23:38:15.0000000
Rad Power Bikes,Seattle,Transportation,United States,2022-07-21,63,.1000,Series D,329,2022-07-21 19:56:20.0000000
Rain,Manama,Finance,Bahrain,2022-06-02,,,Series B,202,2022-06-04 22:00:24.0000000
RainFocus,Salt Lake City,Marketing,United States,2020-04-07,,,Private Equity,41,2020-04-09 05:35:17.0000000
Raken,San Diego,Construction,United States,2020-03-27,60,,Series A,12,2020-04-05 21:21:50.0000000
Ranger Insurance,New York City,Finance,United States,2024-04-01,,1.0000,Seed,5,2024-04-02 16:52:15.0000000
Rangle,Toronto,Product,Canada,2020-03-25,78,.3000,Unknown,,2020-03-28 20:52:49.0000000
Rapid,SF Bay Area,Finance,United States,2023-04-25,70,.3000,Series D,272,2023-05-05 20:46:56.0000000
Rapid,SF Bay Area,Finance,United States,2023-04-25,115,.5000,Series D,272,2023-04-25 18:47:35.0000000
Rapid7,Boston,Security,United States,2023-08-08,470,.1800,Post-IPO,89,2023-08-08 23:59:37.0000000
Rappi,Buenos Aires,Food,Argentina,2023-01-17,,,Unknown,2300,2023-01-20 01:09:16.0000000
Rapyd,Tel Aviv,Finance,Israel,2022-11-22,,,Unknown,770,2022-11-30 06:06:47.0000000
Rasa,Berlin,Data,Germany,2022-03-30,59,.4000,Series B,40,2022-03-30 22:05:26.0000000
RateGenius,Austin,Finance,United States,2023-01-17,,,Acquired,2,2023-01-18 23:17:10.0000000
RDX Works,London,Crypto,United Kingdom,2023-03-07,,.2500,Unknown,6,2023-03-23 16:44:14.0000000
Reach,Calgary,Retail,Canada,2022-12-16,,.1200,Series A,30,2022-12-19 17:18:23.0000000
Reali,SF Bay Area,Real Estate,United States,2022-08-24,140,1.0000,Series B,117,2022-08-24 23:29:59.0000000
RealSelf,Seattle,Healthcare,United States,2020-04-21,40,.1300,Series B,42,2020-04-22 00:09:38.0000000
RealSelf,Seattle,Healthcare,United States,2022-07-21,11,.0500,Series B,42,2022-07-21 19:57:00.0000000
Realtor.com,SF Bay Area,Real Estate,United States,2022-09-08,,,Acquired,,2022-09-10 23:50:47.0000000
Rebel Foods,Mumbai,Food,India,2023-01-16,,.0200,Unknown,548,2023-01-16 16:43:06.0000000
Rebellion Defense,Washington D.C.,Data,United States,2023-04-27,90,,Series B,150,2023-04-29 03:13:47.0000000
Recast,Edinburgh,Media,United Kingdom,2023-09-22,,1.0000,Series A,14,2023-09-24 17:47:36.0000000
Recharge,Los Angeles,Finance,United States,2022-10-27,84,.1700,Series B,277,2022-10-28 16:04:33.0000000
Recur,Miami,Crypto,United States,2023-08-21,,,Series A,55,2023-08-23 00:01:07.0000000
Recur Forever,Miami,Crypto,United States,2022-12-07,235,,Series A,55,2023-01-20 01:01:53.0000000
Red Hat,Raleigh,Other,United States,2023-04-24,760,.0400,Acquired,,2023-04-24 15:39:24.0000000
Redbubble,Melbourne,Retail,Australia,2023-01-18,,.1400,Post-IPO,55,2023-01-18 02:15:27.0000000
Redbubble,Melbourne,Retail,Australia,2023-05-10,70,.2300,Post-IPO,55,2023-05-10 15:01:22.0000000
Reddit,SF Bay Area,Consumer,United States,2023-06-06,90,.0500,Series F,1300,2023-06-06 20:34:50.0000000
RedDoorz,Singapore,Travel,Singapore,2020-04-08,,.1000,Series C,134,2020-05-10 20:57:00.0000000
RedDoorz,Singapore,Travel,Singapore,2020-04-14,,,Series C,134,2020-04-28 17:49:18.0000000
Redesign Health,New York City,Healthcare,United States,2022-10-10,67,.2000,Series C,315,2022-10-10 22:51:32.0000000
Redesign Health,New York City,Healthcare,United States,2024-02-13,77,,Unknown,315,2024-02-14 16:12:55.0000000
Redesign Health,New York City,Healthcare,United States,2024-02-23,77,,Series C,315,2024-02-24 01:34:17.0000000
Redfin,Seattle,Real Estate,United States,2020-04-07,236,.0700,Post-IPO,319,2020-04-07 21:49:36.0000000
Redfin,Seattle,Real Estate,United States,2022-06-14,470,.0800,Post-IPO,319,2022-06-14 16:40:23.0000000
Redfin,Seattle,Real Estate,United States,2022-11-09,862,.1300,Post-IPO,320,2022-11-09 15:29:40.0000000
Redfin,Seattle,Real Estate,United States,2023-04-11,201,.0400,Post-IPO,320,2023-04-14 02:59:09.0000000
Redox,Madison,Healthcare,United States,2020-06-16,44,.2500,Series C,50,2020-06-23 13:59:23.0000000
REE Automotive,Tel Aviv,Transportation,Israel,2023-02-09,31,.1100,Post-IPO,317,2023-02-11 00:26:57.0000000
Reef,Miami,Transportation,United States,2022-05-06,750,.0500,Unknown,1500,2022-05-06 21:36:17.0000000
Reforge,SF Bay Area,Education,United States,2022-11-10,,,Series B,81,2022-11-12 03:12:20.0000000
Reforge,SF Bay Area,Education,United States,2023-04-11,,,Series B,81,2023-04-12 22:20:46.0000000
Relativity,Chicago,Legal,United States,2022-12-07,150,.1000,Private Equity,125,2022-12-08 06:22:20.0000000
Relevel,Bengaluru,HR,India,2023-01-10,40,.2000,Unknown,,2023-01-12 15:20:19.0000000
Reliance JioMart,Mumbai,Food,India,2023-05-23,1000,,Subsidiary,,2023-05-23 14:59:48.0000000
Religion of Sports,Los Angeles,Media,United States,2023-02-15,,,Series B,63,2023-02-26 02:10:43.0000000
Remedy,Austin,Healthcare,United States,2020-10-29,82,,Series A,12.5,2020-11-03 16:11:13.0000000
Remesh,New York City,Support,United States,2022-07-01,,,Series A,38,2022-07-06 04:25:32.0000000
Remote,SF Bay Area,HR,United States,2022-07-06,100,.0900,Series C,496,2022-07-06 15:38:40.0000000
Remote Year,Chicago,Travel,United States,2020-03-19,50,.5000,Series B,17,2020-03-28 20:52:49.0000000
Renmoney,Lagos,Finance,Nigeria,2020-04-28,391,.5000,Unknown,,2020-05-15 04:06:05.0000000
RenoRun,Montreal,Construction,Canada,2022-08-04,70,.1200,Series B,163,2022-08-17 18:27:14.0000000
RenoRun,Montreal,Construction,Canada,2022-10-27,210,.4300,Series B,163,2022-10-28 15:47:37.0000000
RenoRun,Montreal,Construction,Canada,2023-04-26,,1.0000,Series B,163,2023-05-02 18:08:16.0000000
Rent the Runway,New York City,Retail,United States,2020-03-28,,,Series F,541,2020-03-29 22:31:57.0000000
Rent the Runway,New York City,Retail,United States,2022-09-12,,.2400,Post-IPO,526,2022-09-13 04:12:01.0000000
Rent the Runway,New York City,Retail,United States,2024-01-09,37,.1000,Post-IPO,526,2024-01-09 16:56:52.0000000
Repertoire Immune Medicines,Boston,Healthcare,United States,2022-11-08,65,.5000,Series B,257,2022-11-09 00:42:29.0000000
Replicated,Los Angeles,Infrastructure,United States,2022-05-31,50,,Series C,85,2022-06-01 15:49:26.0000000
Replit,SF Bay Area,Product,United States,2024-05-16,30,.2000,Unknown,222,2024-05-16 18:11:36.0000000
ResearchGate,Berlin,Other,Germany,2022-11-28,25,.1000,Series D,87,2022-11-28 18:00:13.0000000
Reserve,SF Bay Area,Crypto,United States,2023-02-17,,,Unknown,,2023-03-03 23:18:13.0000000
Restaurant365,Los Angeles,Food,United States,2020-03-27,175,,Series C,127,2020-03-28 20:52:49.0000000
Retool,SF Bay Area,Other,United States,2023-06-22,,.0900,Series C,141,2023-06-22 14:23:40.0000000
Rev.com,Austin,Data,United States,2022-10-07,85,,Series D,30,2022-10-12 03:38:09.0000000
Revelate,Montreal,Data,Canada,2022-12-16,24,.3000,Series A,26,2022-12-19 17:17:13.0000000
Revolut,London,Finance,United Kingdom,2020-05-11,60,.0300,Series D,837,2020-05-20 03:27:35.0000000
Rewind,Ottawa,Data,Canada,2023-03-22,,,Series B,80,2023-03-22 23:43:22.0000000
Reynen Court,Amsterdam,Legal,Netherlands,2022-11-22,,,Unknown,23,2023-07-26 00:58:10.0000000
Rezi,New York City,Real Estate,United States,2024-04-01,,1.0000,Series B,230,2024-04-02 16:47:48.0000000
Rhino,New York City,Real Estate,United States,2022-02-03,57,.2000,Unknown,133,2022-02-04 23:08:49.0000000
Rhumbix,SF Bay Area,Construction,United States,2020-04-10,16,.2700,Series B,35,2020-04-13 21:19:35.0000000
Ribbon,New York City,Real Estate,United States,2022-07-28,136,,Series C,405,2022-07-29 06:14:13.0000000
Ribbon,New York City,Real Estate,United States,2022-11-14,170,.8500,Series C,405,2022-11-22 04:26:33.0000000
Ridecell,SF Bay Area,Transportation,United States,2020-05-14,35,.1500,Series B,73,2020-05-19 06:04:44.0000000
Rigetti Computing,SF Bay Area,Hardware,United States,2023-02-10,,.2800,Post-IPO,298,2023-02-10 22:04:09.0000000
RigUp,Austin,Energy,United States,2020-03-30,120,.2500,Series D,423,2020-03-31 21:00:51.0000000
RingCentral,SF Bay Area,Other,United States,2022-11-09,,.1000,Post-IPO,44,2022-11-10 16:33:18.0000000
RingCentral,SF Bay Area,Other,United States,2023-01-17,30,,Post-IPO,44,2023-01-18 02:14:35.0000000
RingCentral,SF Bay Area,Support,United States,2022-08-04,50,,Post-IPO,44,2022-08-04 23:31:39.0000000
Riot Games,Los Angeles,Consumer,United States,2023-01-19,46,,Acquired,21,2023-01-20 01:06:09.0000000
Riot Games,Los Angeles,Consumer,United States,2024-01-22,530,.1100,Acquired,21,2024-01-22 23:43:34.0000000
Ripl,Seattle,Marketing,United States,2023-07-26,,,Unknown,9,2024-04-10 21:48:07.0000000
RiseUp,Tel Aviv,Finance,Israel,2024-04-30,50,.5000,Series B,30,2024-06-05 23:10:45.0000000
Riskified,New York City,Retail,United States,2024-02-13,40,.0600,Post-IPO,229,2024-02-14 16:06:51.0000000
Ritual,Toronto,Food,Canada,2020-04-02,196,.5400,Series C,112,2020-04-02 17:07:42.0000000
Ritual,Toronto,Food,Canada,2022-06-22,23,.1600,Series C,134,2022-06-23 04:03:46.0000000
Ritual,Toronto,Food,Canada,2023-06-21,38,.4000,Series C,134,2023-06-24 20:53:29.0000000
Rivian,Detroit,Transportation,United States,2020-06-02,40,.0200,Private Equity,3100,2020-06-03 13:19:55.0000000
Rivian,Detroit,Transportation,United States,2022-07-27,840,.0600,Post-IPO,10700,2022-07-28 03:24:26.0000000
Rivian,Detroit,Transportation,United States,2023-02-01,,.0600,Post-IPO,10700,2023-02-01 17:04:20.0000000
Rivian,Detroit,Transportation,United States,2023-12-07,20,,Post-IPO,10700,2023-12-22 01:02:29.0000000
Rivian,Detroit,Transportation,United States,2024-02-21,,.1000,Post-IPO,10700,2024-02-22 05:47:27.0000000
Rivian,Detroit,Transportation,United States,2024-04-17,,.0100,Post-IPO,10700,2024-04-18 04:47:35.0000000
Rivian,Los Angeles,Transportation,United States,2024-05-03,150,,Post-IPO,10700,2024-05-11 14:42:58.0000000
Rivian,Los Angeles,Transportation,United States,2024-05-10,120,,Post-IPO,10700,2024-05-11 14:40:18.0000000
Rivos,SF Bay Area,Hardware,United States,2023-08-23,24,.0600,Unknown,,2023-11-10 00:05:37.0000000
Ro,New York City,Healthcare,United States,2022-06-23,,.1800,Unknown,1000,2022-06-23 21:53:13.0000000
Robinhood,SF Bay Area,Finance,United States,2022-04-26,340,.0900,Post-IPO,5600,2022-04-26 20:57:19.0000000
Robinhood,SF Bay Area,Finance,United States,2022-08-02,713,.2300,Post-IPO,5600,2022-08-02 20:29:55.0000000
Robinhood,SF Bay Area,Finance,United States,2023-06-26,150,.0700,Post-IPO,5600,2023-06-26 23:36:58.0000000
Robinhood,SF Bay Area,Finance,United States,2023-09-21,,,Post-IPO,5600,2023-09-24 17:42:12.0000000
Roblox,New York City,Consumer,United States,2023-09-22,30,,Post-IPO,857,2023-09-22 00:09:34.0000000
Roblox China,Shenzen,Consumer,China,2023-10-23,15,,Subsidiary,,2023-10-25 04:12:42.0000000
Rock Content,Belo Horizonte,Marketing,Brazil,2020-04-06,100,.2000,Series A,0.69999998807907104,2020-04-06 21:18:32.0000000
Rock Content,Miami,Marketing,United States,2023-01-12,,.1500,Series B,34,2023-01-12 16:23:12.0000000
Roku,SF Bay Area,Media,United States,2022-11-17,200,.0700,Post-IPO,208,2022-11-17 17:12:59.0000000
Roku,SF Bay Area,Media,United States,2023-03-30,200,.0600,Post-IPO,208,2023-03-30 22:58:53.0000000
Roku,SF Bay Area,Media,United States,2023-09-06,360,.1000,Post-IPO,208,2023-09-06 23:37:23.0000000
Roofstock,SF Bay Area,Real Estate,United States,2022-10-20,,.2000,Series E,365,2022-10-22 03:39:20.0000000
Roofstock,SF Bay Area,Real Estate,United States,2023-03-22,,.2700,Series E,365,2023-03-23 16:30:39.0000000
Root Insurance,Columbus,Finance,United States,2022-01-20,330,,Post-IPO,527,2022-01-23 22:09:42.0000000
Root Insurance,Columbus,Finance,United States,2022-11-09,137,.2000,Post-IPO,527,2022-11-10 00:53:00.0000000
Route,Lehi,Retail,United States,2022-12-05,,,Unknown,481,2022-12-07 06:34:19.0000000
Rover,Seattle,Consumer,United States,2020-03-31,194,.4100,Series G,310,2020-03-31 20:59:42.0000000
Rows,Berlin,Other,Germany,2022-06-29,18,.3000,Series B,25,2022-08-05 19:42:13.0000000
Ruangguru,Jakarta,Education,Indonesia,2022-11-18,,,Unknown,205,2022-11-21 05:53:59.0000000
Rubica,Seattle,Security,United States,2020-11-05,,1.0000,Series A,14,2020-12-23 05:40:56.0000000
Rubicon Project,Los Angeles,Marketing,United States,2020-05-06,50,.0800,Post-IPO,60,2020-05-07 03:51:22.0000000
Rubicon Technologies,Lexington,Other,United States,2022-11-15,,.1100,Post-IPO,382,2022-11-19 23:30:59.0000000
Rubius,Boston,Healthcare,United States,2022-09-13,160,.7500,Post-IPO,445,2022-11-17 04:36:46.0000000
Rubius,Boston,Healthcare,United States,2022-11-03,,.8200,Post-IPO,445,2022-11-17 04:35:49.0000000
Rubrik,SF Bay Area,Infrastructure,United States,2020-05-18,57,,Series E,553,2020-06-25 02:31:20.0000000
Ruggable,Los Angeles,Retail,United States,2023-01-27,100,,Seed,,2023-02-01 05:31:04.0000000
Runtastic,Linz,Fitness,Austria,2023-03-16,70,.2800,Acquired,,2023-03-16 15:14:35.0000000
Rupeek,Bengaluru,Finance,India,2022-06-07,180,.1500,Unknown,172,2022-06-07 15:23:18.0000000
Rupeek,Bengaluru,Finance,India,2022-09-07,50,,Unknown,172,2022-09-08 03:28:46.0000000
Saarthi.ai,Bengaluru,Support,India,2023-07-20,,,Unknown,,2023-07-22 01:07:37.0000000
Sabre,Dallas,Travel,United States,2023-05-04,1100,.1500,Post-IPO,1700,2023-05-05 12:26:14.0000000
SADA,Los Angeles,Other,United States,2022-11-08,,.1100,Acquired,,2022-11-09 03:44:26.0000000
SafeGraph,SF Bay Area,Data,United States,2022-06-27,27,.2500,Series B,61,2022-06-28 04:28:48.0000000
Sage Therapeutics,Boston,Healthcare,United States,2020-04-07,340,.5300,Post-IPO,438,2020-04-08 22:22:07.0000000
Sage Therapeutics copy,Boston,Healthcare,United States,2023-09-15,290,,Post-IPO,438,2023-09-21 07:06:44.0000000
Saks.com,New York City,Retail,United States,2023-01-19,100,.0500,Unknown,965,2023-01-21 00:37:32.0000000
Sales Boomerang,Baltimore,Sales,United States,2022-10-20,20,,Private Equity,5,2022-11-01 04:03:48.0000000
Salesforce,Dublin,Sales,Ireland,2023-08-02,50,,Post-IPO,65,2023-08-04 04:10:19.0000000
Salesforce,SF Bay Area,Sales,United States,2020-08-26,1000,.0185,Post-IPO,65.400001525878906,2020-08-26 20:28:20.0000000
Salesforce,SF Bay Area,Sales,United States,2022-10-13,90,,Post-IPO,65,2022-10-14 00:15:15.0000000
Salesforce,SF Bay Area,Sales,United States,2022-11-07,1000,.0100,Post-IPO,65,2022-11-09 03:37:16.0000000
Salesforce,SF Bay Area,Sales,United States,2023-01-04,8000,.1000,Post-IPO,65,2023-01-04 15:39:44.0000000
Salesforce,SF Bay Area,Sales,United States,2024-01-26,700,.0100,Post-IPO,65,2024-01-26 14:26:09.0000000
SalesLoft,Atlanta,Sales,United States,2020-05-07,55,,Series D,145,2020-05-08 14:03:07.0000000
Salesloft,Atlanta,Sales,United States,2023-02-07,100,.1000,Acquired,245,2023-02-08 17:24:10.0000000
Salsify,Boston,Retail,United States,2020-04-03,60,.1300,Series D,97,2020-04-04 02:02:44.0000000
Salsify,Boston,Retail,United States,2022-11-16,90,.1100,Series F,452,2022-11-17 00:32:56.0000000
Salsify,Boston,Retail,United States,2023-10-25,110,,Unknown,453,2023-10-25 22:25:09.0000000
Sama,SF Bay Area,Data,United States,2022-09-12,,,Series B,84,2022-11-08 21:58:45.0000000
Sami,Sao Paulo,Healthcare,Brazil,2022-06-14,75,.1500,Unknown,36,2022-06-14 21:58:47.0000000
Samsara,SF Bay Area,Logistics,United States,2020-05-20,300,.1800,Series F,530,2020-05-20 17:51:28.0000000
Samsung,SF Bay Area,Hardware,United States,2023-03-14,30,,Post-IPO,,2023-03-15 15:42:11.0000000
Sana,Seattle,Healthcare,United States,2022-11-30,,.1500,Series A,700,2023-01-06 01:46:44.0000000
Sana Benefits,Austin,HR,United States,2023-02-07,,.1900,Series B,106,2023-02-08 17:42:28.0000000
Sana Benefits,Austin,HR,United States,2023-11-01,73,.5000,Series B,106,2023-11-02 03:16:40.0000000
Sanar,Sao Paulo,Healthcare,Brazil,2022-06-10,60,.2000,Unknown,11,2022-06-11 15:52:31.0000000
Sandbox VR,SF Bay Area,Consumer,United States,2020-05-01,80,.8000,Series A,82,2020-05-01 22:19:25.0000000
SAP,Walldorf,Other,Germany,2023-01-26,3000,.0300,Post-IPO,1300,2023-01-26 15:58:24.0000000
SAP,Walldorf,Other,Germany,2024-01-23,8000,.0700,Post-IPO,1300,2024-01-24 16:25:15.0000000
SAP Labs,Bengaluru,Other,India,2023-02-24,300,,Subsidiary,1300,2023-02-24 23:40:16.0000000
Sarcos,Pittsburgh,Aerospace,United States,2023-11-14,150,,Post-IPO,316,2024-01-02 03:51:22.0000000
Sarcos,Salt Lake City,Aerospace,United States,2023-07-17,75,.2500,Post-IPO,316,2023-07-19 16:38:44.0000000
SAS,Raleigh,Data,United States,2023-05-01,250,,Unknown,,2023-07-05 00:16:58.0000000
SAS,Raleigh,Data,United States,2023-07-13,,,Unknown,,2023-07-15 13:00:15.0000000
Sauce Labs,SF Bay Area,Infrastructure,United States,2020-04-02,30,.1500,Unknown,151,2020-04-14 21:56:36.0000000
Sayurbox,Jakarta,Food,Indonesia,2022-12-07,,.0500,Series C,139,2022-12-09 05:08:34.0000000
Sayurbox,Jakarta,Food,Indonesia,2023-04-14,,,Series C,139,2023-05-26 04:24:00.0000000
Scale AI,SF Bay Area,Data,United States,2023-01-09,,.2000,Series E,602,2023-01-09 23:55:53.0000000
ScaleFactor,Austin,Finance,United States,2020-06-23,90,.9000,Series C,103,2020-06-23 23:45:23.0000000
ScaleFocus,Sofia,Infrastructure,Bulgaria,2020-06-11,120,.1000,Unknown,,2020-06-11 23:23:49.0000000
Scaler,Bengaluru,Education,India,2024-04-10,150,,Series B,55,2024-04-10 21:41:35.0000000
SchoolMint,SF Bay Area,Education,United States,2023-10-05,29,.1400,Acquired,8,2023-10-06 15:35:20.0000000
Science 37,Los Angeles,Healthcare,United States,2022-11-14,90,,Post-IPO,347,2022-11-14 19:31:26.0000000
Science 37,Los Angeles,Healthcare,United States,2023-04-12,140,,Post-IPO,347,2023-05-05 20:45:57.0000000
Scoop,SF Bay Area,Transportation,United States,2020-04-08,92,.3300,Series C,95,2020-04-09 04:48:26.0000000
Scoop,SF Bay Area,Transportation,United States,2020-11-17,,,Series C,95,2020-12-02 17:28:26.0000000
Scoro,London,HR,United Kingdom,2023-01-24,,.0900,Series B,23,2023-01-24 23:02:21.0000000
Scribe Media,Austin,Marketing,United States,2023-05-04,90,1.0000,Unknown,,2023-05-31 19:56:29.0000000
Sea,Bengaluru,Retail,India,2022-03-30,350,,Post-IPO,8600,2022-03-30 22:01:10.0000000
Sea,Singapore,Consumer,Singapore,2022-09-02,,,Post-IPO,8600,2022-09-02 23:24:53.0000000
Seagate,SF Bay Area,Hardware,United States,2022-10-26,3000,.0800,Post-IPO,,2023-04-01 02:08:33.0000000
Seagate,SF Bay Area,Hardware,United States,2023-03-29,480,,Post-IPO,,2023-04-01 02:09:11.0000000
Secfi,SF Bay Area,Finance,United States,2022-06-30,,,Series A,7,2022-08-04 03:54:01.0000000
Section4,New York City,Education,United States,2022-05-12,32,,Series A,37,2022-05-12 23:29:41.0000000
SecureWorks,Atlanta,Security,United States,2023-02-07,212,.0900,Post-IPO,83,2023-02-07 15:30:11.0000000
SecureWorks,Atlanta,Security,United States,2023-08-14,300,.1500,Post-IPO,83,2023-08-14 21:19:12.0000000
Seedr,London,Finance,United Kingdom,2024-01-23,15,,Acquired,28,2024-01-23 23:37:26.0000000
Seegrid,Pittsburgh,Logistics,United States,2022-08-02,90,,Unknown,107,2022-08-04 03:45:51.0000000
SeekOut,Seattle,Recruiting,United States,2023-10-05,16,.0700,Series C,,2023-10-06 15:32:08.0000000
SeekOut,Seattle,Recruiting,United States,2024-05-16,,.3000,Series C,,2024-05-20 18:22:48.0000000
Segment,SF Bay Area,Data,United States,2020-05-06,50,.1000,Series D,283,2020-05-07 22:45:16.0000000
Selina,London,Travel,United Kingdom,2023-06-27,350,,Post-IPO,612,2023-07-07 03:00:57.0000000
SellerX,Berlin,Retail,Germany,2022-07-19,28,,Unknown,766,2022-07-21 03:41:38.0000000
Sema4,Stamford,Healthcare,United States,2022-08-15,250,.1300,Post-IPO,791,2022-08-16 03:50:08.0000000
Sema4,Stamford,Healthcare,United States,2022-11-14,500,,Post-IPO,791,2022-11-14 17:34:33.0000000
SEND,Sydney,Food,Australia,2022-05-04,300,1.0000,Seed,3,2022-05-09 02:01:50.0000000
SendCloud,Eindhoven,Logistics,United States,2022-11-10,,.1000,Series C,200,2022-11-10 23:09:11.0000000
Sendle,Sydney,Logistics,Australia,2022-07-04,27,.1200,Series C,69,2022-07-04 15:29:38.0000000
Sendoso,SF Bay Area,Marketing,United States,2022-06-06,,.1400,Series C,152,2022-06-06 20:57:26.0000000
Sendoso,SF Bay Area,Marketing,United States,2023-10-03,,,Series C,152,2023-10-04 17:26:43.0000000
Sendy,Nairobi,Logistics,Kenya,2022-08-02,30,.1000,Series B,26,2022-08-02 15:28:52.0000000
Sendy,Nairobi,Logistics,Kenya,2022-08-02,54,.2000,Series B,26,2022-10-05 18:19:41.0000000
Sendy,Nairobi,Logistics,Kenya,2023-08-08,,1.0000,Series B,26,2023-08-08 22:55:16.0000000
SenseTime,Hong Kong,AI,Hong Kong,2023-08-28,,,Post-IPO,2600,2023-08-28 20:33:59.0000000
Sensibill,Toronto,Finance,Canada,2020-04-01,17,.2000,Series B,50,2020-05-22 23:39:37.0000000
Sensor Tower,SF Bay Area,Marketing,United States,2023-09-08,,,Private Equity,46,2023-09-09 14:40:58.0000000
SentinelOne,SF Bay Area,Security,United States,2023-06-01,,.0500,Post-IPO,696,2023-06-02 02:57:44.0000000
Service,Los Angeles,Travel,United States,2020-03-16,,1.0000,Seed,5.0999999046325684,2020-08-31 15:17:26.0000000
Service,Los Angeles,Travel,United States,2020-03-20,,1.0000,Seed,5,2020-04-01 21:17:10.0000000
ServiceTitan,Los Angeles,Sales,United States,2023-02-15,221,.0800,Series G,1100,2023-02-16 17:44:30.0000000
Sezzle,Minneapolis,Finance,United States,2022-03-10,,.2000,Post-IPO,301,2022-03-11 04:54:38.0000000
Shakepay,Montreal,Crypto,Canada,2023-01-27,21,.2500,Series A,45,2023-01-28 21:16:13.0000000
Share Now,Berlin,Transportation,Germany,2022-12-09,150,.3600,Acquired,,2022-12-13 20:05:00.0000000
ShareChat,Bengaluru,Consumer,India,2022-12-02,100,,Unknown,1700,2022-12-03 05:18:35.0000000
ShareChat,Bengaluru,Consumer,India,2023-01-16,500,.2000,Series H,1700,2023-01-16 16:31:38.0000000
ShareChat,Bengaluru,Consumer,India,2023-12-20,200,.1500,Series H,1700,2023-12-20 21:30:23.0000000
ShareChat,Bengaluru,Marketing,India,2020-05-20,101,.2500,Series D,222,2020-05-20 13:52:46.0000000
Sharesies,Wellington,Finance,New Zealand,2023-02-02,,,Series C,60,2023-03-11 04:01:53.0000000
Sharethrough,SF Bay Area,Marketing,United States,2020-07-01,18,,Series D,38,2020-07-02 03:34:32.0000000
Shef,SF Bay Area,Food,United States,2022-06-02,29,,Series A,28,2022-06-03 22:21:40.0000000
Shelf Engine,Seattle,Food,United States,2022-07-29,43,,Series B,58,2022-07-30 23:27:23.0000000
Sherpa,Toronto,Travel,Canada,2022-07-29,22,,Unknown,11,2022-07-30 23:23:03.0000000
Shift,SF Bay Area,Transportation,United States,2022-08-09,,,Post-IPO,504,2022-08-09 21:49:31.0000000
Shift,SF Bay Area,Transportation,United States,2023-03-29,,.3000,Post-IPO,504,2023-03-29 23:19:37.0000000
Shift,SF Bay Area,Transportation,United States,2023-07-11,,.3400,Post-IPO,504,2023-07-13 03:31:22.0000000
Shift,SF Bay Area,Transportation,United States,2023-10-06,,1.0000,Post-IPO,504,2023-10-08 03:24:47.0000000
SHINE Technologies,Milwaukee,Other,United States,2023-08-10,59,,Series C,672,2023-08-11 15:19:34.0000000
ShipBob,Chicago,Logistics,United States,2022-08-25,,.0700,Series E,330,2022-08-26 03:57:38.0000000
Shippo,SF Bay Area,Logistics,United States,2022-11-03,60,.2000,Series E,154,2022-11-04 00:29:59.0000000
Shipsi,Los Angeles,Retail,United States,2020-04-28,20,.5000,Seed,2,2020-04-28 22:17:39.0000000
Shipt,Birmingham,Retail,United States,2023-10-24,,.0300,Acquired,65,2023-10-25 04:13:41.0000000
Shogun,SF Bay Area,Retail,United States,2022-08-09,48,.3000,Series C,114,2022-08-10 15:22:27.0000000
Shop101,Mumbai,Retail,India,2020-04-15,200,.4000,Series C,19,2020-04-21 06:10:20.0000000
ShopBack,Singapore,Retail,Singapore,2024-03-19,195,.2400,Series F,355,2024-03-20 01:04:13.0000000
Shopee,Jakarta,Food,Indonesia,2022-09-18,,,Unknown,,2022-09-19 16:00:37.0000000
Shopee,Jakarta,Food,Indonesia,2022-11-14,,,Unknown,,2022-11-15 04:44:20.0000000
Shopee,Jakarta,Food,Indonesia,2023-03-09,200,,Unknown,,2023-03-10 15:58:12.0000000
Shopee,Singapore,Food,Singapore,2022-06-14,,,Unknown,,2022-06-14 14:56:27.0000000
Shopify,Ottawa,Retail,Canada,2020-08-14,30,,Post-IPO,122.30000305175781,2020-08-14 16:28:41.0000000
Shopify,Ottawa,Retail,Canada,2022-07-06,50,,Post-IPO,122,2022-07-06 16:53:53.0000000
Shopify,Ottawa,Retail,Canada,2022-07-26,1000,.1000,Post-IPO,122,2022-07-26 15:20:00.0000000
Shopify,Ottawa,Retail,Canada,2022-09-01,70,,Post-IPO,122,2022-09-01 20:19:35.0000000
Shopify,Ottawa,Retail,Canada,2023-05-04,2300,.2000,Post-IPO,122,2023-05-04 15:05:30.0000000
ShopX,Bengaluru,Retail,India,2022-08-22,,1.0000,Unknown,56,2022-08-24 03:25:23.0000000
Showpad,Chicago,Marketing,United States,2020-04-01,52,.1200,Series D,159,2020-04-01 21:33:22.0000000
Showpad,Ghent,Marketing,Belgium,2024-04-18,50,.1000,Series D,159,2024-04-24 15:04:26.0000000
Shutterfly,Minneapolis,Manufacturing,United States,2023-08-10,246,,Post-IPO,50,2023-08-11 15:21:17.0000000
Shutterfly,SF Bay Area,Retail,United States,2021-01-25,800,,Acquired,50,2023-01-26 21:07:54.0000000
Shutterfly,SF Bay Area,Retail,United States,2023-01-25,360,,Acquired,50,2023-01-26 21:06:40.0000000
Shuttl,New Delhi,Transportation,India,2020-04-02,40,,Series C,122,2020-04-10 05:00:15.0000000
Side,SF Bay Area,Real Estate,United States,2022-06-01,,.1000,Unknown,313,2022-06-01 23:57:36.0000000
Side,SF Bay Area,Real Estate,United States,2022-10-19,,,Unknown,313,2022-11-07 19:10:19.0000000
Sidecar Health,Los Angeles,Healthcare,United States,2022-06-28,110,.4000,Series C,163,2022-07-18 18:00:08.0000000
Sierra Space,Boulder,Aerospace,United States,2023-11-16,115,,Series B,1700,2023-11-17 21:17:28.0000000
SiFive,SF Bay Area,Hardware,United States,2023-10-24,130,.2000,Series F,365,2023-10-25 04:08:40.0000000
Sift,SF Bay Area,Security,United States,2020-05-14,,,Series D,106,2020-05-29 22:30:26.0000000
Sigfox,Toulouse,Other,France,2022-04-25,64,,Acquired,277,2023-02-23 22:33:19.0000000
Sight Diagnostics,Tel Aviv,Healthcare,Israel,2024-05-09,40,.3000,Series D,124,2024-06-05 23:10:04.0000000
Signicat,Trondheim,Security,Norway,2022-11-02,,,Acquired,8,2022-11-07 19:11:58.0000000
Silo,SF Bay Area,Food,United States,2024-05-22,,.3000,Series C,272,2024-05-23 14:54:21.0000000
Silofit,Montreal,Fitness,Canada,2023-08-02,,1.0000,Series A,19,2023-08-05 03:58:19.0000000
Similarweb,New York City,Other,United States,2022-11-16,120,.1000,Post-IPO,235,2022-11-17 04:16:20.0000000
Similarweb,New York City,Other,United States,2023-05-10,60,.0600,Post-IPO,235,2023-05-11 15:37:44.0000000
Simon Data,New York City,Marketing,United States,2020-04-23,6,,Series C,68,2020-05-15 22:59:17.0000000
Simpl,Bengaluru,Finance,India,2023-04-09,150,.2500,Series B,71,2023-04-19 15:40:01.0000000
Simpl,Bengaluru,Finance,India,2024-05-08,100,.1500,Series B,72,2024-05-08 13:09:38.0000000
Simple,Portland,Finance,United States,2021-01-07,,1.0000,Acquired,15,2021-01-08 01:27:57.0000000
Simple Feast,Copenhagen,Food,Denmark,2022-09-07,150,1.0000,Unknown,173,2022-09-13 23:36:27.0000000
Simplilearn,Bengaluru,Education,India,2023-12-07,200,,Acquired,76,2023-12-08 19:19:51.0000000
Sinch,Stockholm,Other,Sweden,2022-10-12,150,,Post-IPO,1500,2023-02-01 05:29:24.0000000
Singular,SF Bay Area,Marketing,United States,2020-04-23,,,Series B,50,2020-04-23 22:16:40.0000000
Singular Genomics,San Diego,Healthcare,United States,2023-11-15,,.1000,Post-IPO,176,2023-11-22 16:11:33.0000000
Singular Genomics,San Diego,Healthcare,United States,2024-03-19,,.2000,Post-IPO,176,2024-04-12 02:04:26.0000000
Singularity 6,Los Angeles,Other,United States,2024-04-08,49,.3500,Series B,49,2024-04-10 21:50:22.0000000
Singularity 6,Los Angeles,Other,United States,2024-05-15,36,,Series B,49,2024-05-17 00:32:58.0000000
SIRCLO,Jakarta,Retail,Indonesia,2022-11-22,160,.0800,Series B,92,2022-11-22 17:53:56.0000000
SirionLabs,Seattle,Legal,United States,2023-01-25,130,.1500,Series D,171,2023-01-26 01:48:50.0000000
SiriusXM,New York City,Media,United States,2023-03-06,475,.0800,Post-IPO,525,2023-03-07 00:15:07.0000000
SiriusXM,New York City,Media,United States,2024-02-12,160,.0300,Post-IPO,525,2024-03-17 16:28:08.0000000
Sirplus,Berlin,Food,Germany,2024-01-17,60,,Seed,,2024-01-18 01:17:40.0000000
Sisense,New York City,Data,United States,2020-04-23,80,.0900,Series F,274,2020-04-23 22:09:58.0000000
Sisense,New York City,Data,United States,2023-07-11,100,.1500,Series F,274,2023-07-11 16:27:28.0000000
Sisense,New York City,Data,United States,2024-01-11,60,.1300,Series F,274,2024-01-12 04:37:58.0000000
Siteimprove,Minneapolis,Marketing,United States,2020-03-31,40,,Unknown,55,2020-04-04 04:44:01.0000000
Skai,Tel Aviv,Marketing,Israel,2022-07-27,30,.0400,Series E,60,2022-07-28 03:23:10.0000000
Skedulo,SF Bay Area,HR,United States,2022-08-23,31,.0800,Series C,114,2022-08-29 17:27:32.0000000
Sketch,The Hague,Other,Netherlands,2022-10-11,80,,Series A,20,2022-10-11 15:12:37.0000000
Skill Lync,Chennai,Education,India,2023-04-25,400,,Series A,17,2023-04-25 13:56:44.0000000
Skill Lync,Chennai,Education,India,2023-07-13,200,,Series A,17,2023-07-13 18:29:00.0000000
Skillshare,New York City,Education,United States,2022-06-01,31,,Unknown,136,2022-06-09 19:53:41.0000000
Skillshare,New York City,Education,United States,2022-08-23,,,Unknown,136,2022-08-31 16:34:43.0000000
Skillz,SF Bay Area,Consumer,United States,2020-04-14,21,,Series D,132,2020-04-24 04:25:38.0000000
Skillz,SF Bay Area,Consumer,United States,2022-05-20,70,.1000,Post-IPO,287,2022-05-21 21:16:09.0000000
Skillz,SF Bay Area,Consumer,United States,2022-08-29,,,Post-IPO,287,2022-08-29 17:25:45.0000000
SkipTheDishes,Winnipeg,Food,Canada,2022-09-09,350,,Acquired,6,2022-09-11 16:08:08.0000000
Skit.ai,Bengaluru,Support,India,2023-01-12,115,,Series B,28,2023-01-14 17:24:13.0000000
SkyKick,Seattle,Other,United States,2023-08-30,140,,Unknown,198,2023-08-30 23:48:56.0000000
Skyscanner,Edinburgh,Travel,United Kingdom,2020-07-14,300,.2000,Acquired,197.19999694824219,2020-07-14 22:41:24.0000000
SkySlope,Sacramento,Real Estate,United States,2020-03-31,50,.2500,Acquired,,2020-05-14 00:15:38.0000000
Slice Labs,New York City,Finance,United States,2020-04-08,,,Series A,35,2020-04-12 06:52:44.0000000
Slickdeals,Las Vegas,Retail,United States,2023-05-12,79,.3300,Unknown,,2023-05-15 20:58:51.0000000
Slite,Paris,Other,France,2023-03-23,10,.2500,Series A,15,2023-03-24 18:39:58.0000000
Slync,Dallas,Logistics,United States,2022-08-05,,,Series B,76,2022-08-23 03:36:42.0000000
Slync,Dallas,Logistics,United States,2023-10-25,,1.0000,Series B,76,2023-10-26 17:42:46.0000000
Small Robot Company,Salisbury,Food,United Kingdom,2024-02-02,,1.0000,Unknown,10,2024-02-03 01:53:48.0000000
Smallcase,Bengaluru,Finance,India,2023-03-21,15,.0400,Series C,62,2023-03-21 03:43:24.0000000
Smarsh,Portland,Other,United States,2022-07-21,,,Private Equity,,2022-07-30 23:29:52.0000000
SmartAsset,New York City,Finance,United States,2023-06-01,,.1900,Series D,161,2023-06-02 03:01:21.0000000
SmartNews,Tokyo,Media,United States,2023-01-12,120,.4000,Series F,410,2023-01-13 03:34:59.0000000
Smartsheet,Seattle,Other,United States,2023-02-16,85,.0300,Post-IPO,152,2023-02-17 21:30:41.0000000
Smava,Berlin,Finance,Germany,2022-08-31,100,.1000,Unknown,188,2022-09-01 01:25:31.0000000
Smava,Berlin,Finance,Germany,2022-11-02,100,.1500,Unknown,188,2022-11-03 04:29:36.0000000
SmileDirectClub,Nashville,Healthcare,United States,2023-12-09,,1.0000,Post-IPO,694,2023-12-10 03:32:34.0000000
Snagajob,Richmond,HR,United States,2022-08-31,,,Unknown,221,2022-09-15 04:08:14.0000000
Snap,Los Angeles,Consumer,United States,2022-08-31,1280,.2000,Post-IPO,4900,2022-08-30 20:55:54.0000000
Snap,Los Angeles,Consumer,United States,2023-09-27,170,,Post-IPO,4900,2023-09-28 00:03:40.0000000
Snap,Los Angeles,Consumer,United States,2023-11-08,20,,Post-IPO,4900,2023-11-09 04:18:36.0000000
Snap,Los Angeles,Consumer,United States,2024-02-05,500,.1000,Post-IPO,4900,2024-02-05 15:04:51.0000000
Snap Finance,Salt Lake City,Finance,United States,2020-03-31,,,Unknown,,2020-04-01 21:37:18.0000000
Snapdocs,SF Bay Area,Real Estate,United States,2022-08-16,,.1000,Series D,253,2022-11-05 03:51:52.0000000
Snapdocs,SF Bay Area,Real Estate,United States,2022-11-03,,.1500,Series D,253,2022-11-05 03:49:38.0000000
Snappy,New York City,Marketing,United States,2023-01-15,100,.3000,Series C,104,2023-01-19 04:15:05.0000000
Snaptravel,Toronto,Travel,Canada,2020-07-16,,,Series A,22.399999618530273,2020-07-17 03:14:17.0000000
Snowplow,London,Data,United States,2023-02-02,40,,Series B,55,2023-02-03 15:58:10.0000000
Snyk,Boston,Security,United States,2022-06-30,30,,Series F,849,2022-07-01 04:20:29.0000000
Snyk,Boston,Security,United States,2022-10-24,198,.1400,Series F,849,2022-10-24 15:31:26.0000000
Snyk,Boston,Security,United States,2023-04-13,128,,Series F,849,2023-04-14 03:03:58.0000000
Socure,Reno,Finance,United States,2022-06-17,69,.1300,Series E,646,2022-06-18 20:20:17.0000000
Socure,Reno,Finance,United States,2023-01-05,104,.1900,Series E,646,2023-01-06 01:48:12.0000000
SoFi,SF Bay Area,Finance,United States,2020-05-20,112,.0700,Private Equity,2500,2020-05-20 21:23:08.0000000
SoFi,SF Bay Area,Finance,United States,2023-01-30,,,Post-IPO,3000,2023-01-31 04:38:32.0000000
SoFi,SF Bay Area,Finance,United States,2024-01-10,,.0400,Post-IPO,3000,2024-01-12 04:26:21.0000000
Software AG,Frankfurt,Data,Germany,2023-01-31,200,.0400,Post-IPO,344,2023-02-04 23:06:27.0000000
Sojern,SF Bay Area,Marketing,United States,2020-04-03,300,.5000,Series D,162,2020-04-03 22:12:07.0000000
Sojern,SF Bay Area,Marketing,United States,2023-12-13,,.2000,Unknown,172,2023-12-13 23:10:03.0000000
SolarEdge,Tel Aviv,Energy,Israel,2024-01-21,900,.1600,Post-IPO,155,2024-01-22 04:25:12.0000000
Solarisbank,Berlin,Finance,Germany,2022-09-29,,.1000,Unknown,385,2022-09-30 23:42:16.0000000
Solarisbank,Berlin,Finance,Germany,2023-12-14,20,,Unknown,385,2023-12-19 17:15:53.0000000
Solidigm,Sacramento,Hardware,United States,2023-07-06,98,,Unknown,,2023-07-13 18:32:45.0000000
Soluto,Tel Aviv,Support,Israel,2022-07-24,120,1.0000,Acquired,18,2022-07-25 04:32:59.0000000
Sonatype,Baltimore,Security,United States,2023-05-09,100,.1400,Acquired,154,2023-05-11 00:10:18.0000000
Sonder,SF Bay Area,Travel,United States,2020-03-24,400,.3300,Series D,359,2020-03-28 20:52:49.0000000
Sonder,SF Bay Area,Travel,United States,2022-06-08,250,.2100,Post-IPO,839,2022-06-09 03:25:16.0000000
Sonder,SF Bay Area,Travel,United States,2023-03-01,100,.1400,Post-IPO,839,2023-03-02 04:16:20.0000000
Sonder,SF Bay Area,Travel,United States,2024-02-15,106,.1700,Post-IPO,839,2024-02-21 05:22:49.0000000
SonderMind,Denver,Healthcare,United States,2022-12-16,,.1500,Series C,183,2022-12-18 04:19:22.0000000
SonderMind,Denver,Healthcare,United States,2024-01-16,49,.1700,Series C,183,2024-01-18 01:35:58.0000000
Sono Motors,Munich,Transportation,Germany,2023-02-27,300,,Post-IPO,126,2023-02-28 05:02:15.0000000
Sono Motors,Munich,Transportation,Germany,2023-10-02,,,Post-IPO,127,2023-10-02 15:50:34.0000000
Sonos,New York City,Consumer,United States,2020-06-24,174,.1200,Post-IPO,455.20001220703125,2020-06-25 04:51:19.0000000
Sonos,New York City,Consumer,United States,2023-06-14,130,.0700,Post-IPO,455.20001220703125,2023-06-14 18:26:03.0000000
Sonos,New York City,Consumer,United States,2023-11-16,,,Post-IPO,455.20001220703125,2023-12-14 16:12:43.0000000
Sony Interactive,SF Bay Area,Consumer,United States,2024-02-27,900,.0800,Subsidiary,,2024-02-27 18:49:42.0000000
Sophos,Oxford,Security,United States,2023-01-18,450,.1000,Acquired,125,2023-01-18 16:00:10.0000000
Sorabel,Jakarta,Retail,Indonesia,2020-07-23,,1.0000,Series B,27,2020-07-24 16:55:50.0000000
Sorare,New York City,Crypto,United States,2024-03-06,22,.1300,Series B,739,2024-03-06 19:18:43.0000000
SoundCloud,Berlin,Consumer,Germany,2022-08-03,,.2000,Unknown,542,2022-08-03 22:49:17.0000000
SoundCloud,Berlin,Consumer,Germany,2023-05-23,,.0800,Unknown,542,2023-05-24 02:15:28.0000000
SoundHound,SF Bay Area,Other,United States,2022-11-10,45,.1000,Post-IPO,326,2022-11-10 16:28:16.0000000
SoundHound,SF Bay Area,Other,United States,2023-01-05,200,.5000,Post-IPO,326,2023-01-05 20:21:09.0000000
Soundwide,Berlin,Other,Germany,2023-01-27,,.0800,Unknown,,2023-05-01 23:55:39.0000000
Sourcegraph,SF Bay Area,Product,United States,2022-06-21,24,.0800,Series D,248,2022-06-23 20:59:56.0000000
Spaces,Los Angeles,Media,United States,2020-08-24,,,Acquired,9.5,2020-08-26 02:09:10.0000000
Spaceship,Sydney,Finance,Australia,2023-01-19,,,Series A,41,2023-01-24 06:11:34.0000000
Spartan Poker,Kolkata,Consumer,India,2023-08-19,125,.4000,Unknown,,2023-08-19 15:42:16.0000000
Spin,SF Bay Area,Transportation,United States,2022-01-08,,.2500,Acquired,8,2022-01-09 01:15:10.0000000
Spin,SF Bay Area,Transportation,United States,2022-09-30,78,.1000,Acquired,8,2022-10-03 20:21:43.0000000
Spinny,Gurugram,Transportation,India,2023-08-02,300,.0500,Series E,513,2023-08-04 04:07:32.0000000
Splice,New York City,Media,United States,2022-07-20,23,,Series D,159,2022-08-05 19:44:39.0000000
Splunk,SF Bay Area,Data,United States,2020-06-16,70,.0100,Post-IPO,40,2020-06-18 22:48:46.0000000
Splunk,SF Bay Area,Data,United States,2023-02-01,325,.0400,Post-IPO,2400,2023-02-01 17:01:15.0000000
Splunk,SF Bay Area,Data,United States,2023-11-01,500,.0700,Post-IPO,2400,2023-11-01 15:56:34.0000000
Splyt,London,Transportation,United Kingdom,2022-11-18,57,,Series B,34,2023-01-18 23:20:51.0000000
Spora Health,SF Bay Area,Healthcare,United States,2022-11-28,,1.0000,Seed,4,2023-10-31 23:42:09.0000000
Sportradar,St. Gallen,Data,Switzerland,2023-11-02,,.1000,Post-IPO,84,2024-01-24 16:33:53.0000000
SpotHero,Chicago,Transportation,United States,2020-03-24,,,Series D,117,2020-03-28 20:52:49.0000000
SpotHero,Chicago,Transportation,United States,2020-06-03,40,.2100,Series D,117,2020-06-03 23:23:51.0000000
Spotify,Stockholm,Media,Sweden,2022-10-06,,,Post-IPO,2100,2022-10-07 02:18:18.0000000
Spotify,Stockholm,Media,Sweden,2022-11-09,,,Post-IPO,2100,2022-11-10 23:10:26.0000000
Spotify,Stockholm,Media,Sweden,2023-01-23,600,.0600,Post-IPO,2100,2023-01-23 15:43:16.0000000
Spotify,Stockholm,Media,Sweden,2023-03-30,15,,Post-IPO,2100,2023-04-01 02:00:22.0000000
Spotify,Stockholm,Media,Sweden,2023-06-05,200,.0200,Post-IPO,2100,2023-06-05 16:51:34.0000000
Spotify,Stockholm,Media,Sweden,2023-12-04,1500,.1700,Post-IPO,2100,2023-12-04 15:55:19.0000000
Spreetail,Austin,Retail,United States,2022-10-27,,,Unknown,,2022-10-28 16:05:16.0000000
Spring,SF Bay Area,Retail,United States,2022-07-12,,,Unknown,61,2022-07-13 23:49:51.0000000
Springbig,Miami,Sales,United States,2022-12-01,37,.2300,Post-IPO,32,2022-12-19 16:44:56.0000000
Springlane,Düsseldorf,Food,Germany,2022-10-28,,.3500,Series C,11,2022-10-28 16:06:20.0000000
Sprinklr,New York City,Support,United States,2020-06-25,,,Series F,228,2020-06-26 02:42:33.0000000
Sprinklr,New York City,Support,United States,2022-06-22,50,,Post-IPO,429,2022-06-26 02:41:14.0000000
Sprinklr,New York City,Support,United States,2023-02-15,100,.0400,Post-IPO,429,2023-02-15 19:05:49.0000000
Sprinklr,New York City,Support,United States,2024-05-03,116,.0300,Post-IPO,429,2024-05-03 21:11:07.0000000
Sproutt,Hartford,Finance,United States,2024-05-01,,1.0000,Series B,38,2024-05-02 18:26:31.0000000
Spyce,Boston,Food,United States,2020-04-08,4,.1200,Series A,26,2020-04-08 23:49:19.0000000
SQream,New York City,Data,United States,2022-07-06,30,.1800,Series B,77,2022-07-06 16:45:44.0000000
SquadVoice,Columbus,Real Estate,United States,2020-04-16,,,Series A,2,2020-05-03 04:28:33.0000000
Square Roots,New York City,Food,United States,2023-07-18,,,Unknown,91,2023-07-22 01:11:33.0000000
SQZ Biotech,Boston,Healthcare,United States,2022-12-01,,.6000,Post-IPO,229,2022-12-11 06:21:01.0000000
SSense,Montreal,Retail,Canada,2023-01-27,138,.0700,Series A,,2023-01-28 15:11:45.0000000
Stability AI,London,AI,United Kingdom,2024-04-18,20,,Unknown,174,2024-04-18 23:23:28.0000000
Stack Overflow,New York City,Recruiting,United States,2020-05-05,40,.1500,Series D,68,2020-05-07 03:54:31.0000000
Stack Overflow,New York City,Recruiting,United States,2023-05-10,58,.1000,Acquired,153,2023-05-11 00:06:41.0000000
Stack Overflow,New York City,Recruiting,United States,2023-10-16,,.2800,Acquired,153,2023-10-16 15:35:24.0000000
Staffbase,Chemnitz,Other,Germany,2023-06-02,90,,Series E,307,2023-06-04 15:14:44.0000000
Starburst,Boston,Data,United States,2023-06-28,,.1500,Series D,414,2023-07-13 03:38:37.0000000
Starry,Boston,Other,United States,2022-10-20,,.5000,Post-IPO,260,2022-10-20 21:14:08.0000000
Starry,Boston,Other,United States,2023-01-18,100,.2400,Post-IPO,260,2023-01-18 23:22:45.0000000
Starship,SF Bay Area,Transportation,United States,2022-06-09,,.1100,Series B,197,2022-06-14 14:54:29.0000000
Starship Technologies,Tallinn,Transportation,Estonia,2020-03-30,30,,Series A,82,2020-04-08 04:33:36.0000000
Stash,New York City,Finance,United States,2022-12-06,32,.0800,Unknown,480,2022-12-07 02:38:29.0000000
Stash,New York City,Finance,United States,2023-05-17,40,.1000,Unknown,480,2023-05-19 23:47:15.0000000
Stash,New York City,Finance,United States,2024-03-13,80,.2500,Unknown,480,2024-03-13 19:24:40.0000000
Stash Financial,New York City,Finance,United States,2022-06-30,40,.0800,Unknown,480,2022-10-26 04:31:47.0000000
Stashaway,Singapore,Finance,Singapore,2022-06-09,31,.1400,Series D,61,2022-06-09 19:57:23.0000000
Stax,Orlando,Finance,United States,2023-02-24,24,,Series D,263,2023-02-26 02:05:09.0000000
Stay Alfred,Spokane,Travel,United States,2020-05-20,221,1.0000,Series B,62,2020-05-21 22:42:57.0000000
Stedi,Boulder,Product,United States,2022-08-02,23,.3000,Series B,75,2022-08-04 03:39:43.0000000
Stellar Pizza,Los Angeles,Food,United States,2023-12-14,,.5000,Series A,25,2023-12-14 17:25:29.0000000
StellarAlgo,Calgary,Data,Canada,2023-10-19,21,.2800,Series A,16,2023-10-20 00:44:31.0000000
StepStone,Berlin,Recruiting,Germany,2023-10-30,215,.0500,Acquired,,2023-10-31 23:42:44.0000000
Stint,London,HR,United Kingdom,2022-07-19,28,.2000,Unknown,,2022-07-25 04:23:18.0000000
Stitch Fix,Dallas,Retail,United States,2023-10-09,558,,Post-IPO,79,2023-10-15 20:13:11.0000000
Stitch Fix,Dallas,Retail,United States,2024-01-18,,,Post-IPO,79,2024-01-25 14:38:37.0000000
Stitch Fix,Philadelphia,Retail,United States,2023-07-12,400,,Post-IPO,79,2023-07-14 18:20:39.0000000
Stitch Fix,SF Bay Area,Retail,United States,2020-06-01,1400,.1800,Post-IPO,79,2020-06-02 03:59:18.0000000
Stitch Fix,SF Bay Area,Retail,United States,2022-06-09,330,.1500,Post-IPO,79,2022-06-09 19:49:32.0000000
Stitch Fix,SF Bay Area,Retail,United States,2023-01-05,,.2000,Post-IPO,79,2023-01-05 16:46:07.0000000
Stoa,Phoenix,Real Estate,United States,2023-07-20,80,.8000,Unknown,,2023-07-22 01:06:38.0000000
Stockwell AI,SF Bay Area,Retail,United States,2020-06-15,,1.0000,Series B,10,2020-06-16 03:47:17.0000000
StockX,Detroit,Retail,United States,2020-04-23,100,.1200,Series C,160,2020-04-24 04:29:44.0000000
StockX,Detroit,Retail,United States,2022-06-28,80,,Series E,690,2022-11-03 04:22:34.0000000
StockX,Detroit,Retail,United States,2022-06-28,120,.0800,Series E,690,2022-06-29 03:47:36.0000000
Stone,Sao Paulo,Finance,Brazil,2020-05-12,1300,.2000,Post-IPO,,2020-05-13 21:12:23.0000000
Stoqo,Jakarta,Food,Indonesia,2020-04-25,250,1.0000,Series A,,2020-04-26 14:40:18.0000000
Stord,Atlanta,Logistics,United States,2022-06-02,59,.0800,Series D,325,2022-06-03 17:55:16.0000000
StoryBlocks,Washington D.C.,Media,United States,2022-11-18,,.2500,Acquired,18,2022-11-19 23:57:34.0000000
Storytel,Stockholm,Consumer,Sweden,2024-02-15,80,.1300,Post-IPO,312,2024-02-16 18:37:24.0000000
Storytel,Stockholm,Media,Sweden,2022-03-17,100,.1000,Post-IPO,275,2022-05-17 14:26:25.0000000
Storytel,Stockholm,Media,Sweden,2024-01-24,80,.1300,Post-IPO,275,2024-01-24 16:31:34.0000000
Strake,Boulder,Infrastructure,United States,2023-12-28,,1.0000,Unknown,,2024-01-02 03:49:58.0000000
Strava,SF Bay Area,Fitness,United States,2022-12-01,,.1400,Series F,151,2022-12-04 22:56:18.0000000
Stream,Boulder,Product,United States,2022-06-30,20,.1200,Series B,58,2022-07-01 04:24:10.0000000
StreamElements,Tel Aviv,Media,Israel,2022-06-23,,.2000,Series B,111,2022-06-24 18:01:32.0000000
StreamElements,Tel Aviv,Media,Israel,2023-01-10,40,.2000,Series B,111,2023-01-11 00:59:03.0000000
StreamElements,Tel Aviv,Media,Israel,2023-08-17,60,.3500,Series B,111,2023-08-18 15:14:26.0000000
StreamSets,SF Bay Area,Data,United States,2020-08-20,,,Series C,76.199996948242188,2020-08-24 21:47:03.0000000
StreetBees,London,Data,United Kingdom,2022-12-20,,,Unknown,63,2023-01-21 00:42:42.0000000
Stripe,SF Bay Area,Finance,United States,2022-08-19,50,,Series H,2300,2022-08-19 00:52:00.0000000
Stripe,SF Bay Area,Finance,United States,2022-11-03,1000,.1400,Series H,2300,2022-11-03 14:49:15.0000000
Stripe,SF Bay Area,Finance,United States,2023-06-29,,,Series I,8700,2023-06-30 15:04:39.0000000
StrongDM,SF Bay Area,Infrastructure,United States,2023-02-23,40,,Series B,76,2023-02-23 22:34:44.0000000
StubHub,SF Bay Area,Consumer,United States,2020-05-28,200,,Acquired,19,2020-06-18 15:31:55.0000000
StubHub,SF Bay Area,Consumer,United States,2022-08-04,,,Acquired,59,2022-08-04 23:45:39.0000000
Studio,SF Bay Area,Education,United States,2022-06-13,33,.4000,Series B,50,2022-06-14 14:48:08.0000000
Studio,SF Bay Area,Education,United States,2022-11-03,,,Series B,50,2022-11-05 03:44:56.0000000
StudySmarter,Berlin,Education,Germany,2022-11-30,70,,Series A,64,2023-01-12 15:36:50.0000000
StyleSeat,SF Bay Area,Consumer,United States,2022-07-15,,.1700,Series C,40,2022-08-09 19:57:09.0000000
StyleSeat,SF Bay Area,Consumer,United States,2023-08-09,,.1700,Series C,40,2023-10-02 16:08:11.0000000
Stytch,SF Bay Area,Security,United States,2023-02-27,19,.2500,Series B,126,2023-03-01 00:51:22.0000000
Submittable,Missoula,Other,United States,2020-04-25,30,.2000,Series B,17,2020-05-14 22:12:19.0000000
Subspace,Los Angeles,Infrastructure,United States,2021-03-03,,,Series B,,2021-03-04 16:16:56.0000000
Subspace,Los Angeles,Infrastructure,United States,2022-05-13,,1.0000,Series B,,2022-05-17 03:14:20.0000000
Substack,SF Bay Area,Media,United States,2022-06-29,13,.1400,Series B,82,2022-06-29 20:26:06.0000000
SummerBio,SF Bay Area,Healthcare,United States,2022-06-20,101,1.0000,Unknown,7,2022-06-22 03:34:01.0000000
Sumo Logic,SF Bay Area,Data,United States,2023-06-07,79,,Acquired,340,2023-06-10 18:17:08.0000000
SumUp,London,Finance,United Kingdom,2021-05-05,,,Unknown,53,2021-05-06 16:04:23.0000000
SumUp,Sao Paulo,Finance,Brazil,2022-05-30,100,.0300,Unknown,50,2022-05-31 15:20:31.0000000
Sundae,SF Bay Area,Real Estate,United States,2022-06-30,,.1500,Series C,135,2022-06-30 17:01:24.0000000
Sunday,Atlanta,Finance,United States,2022-06-24,90,.2300,Series A,124,2022-06-28 04:23:32.0000000
SundaySky,New York City,Marketing,United States,2022-07-11,24,.1300,Series D,74,2022-07-11 23:30:22.0000000
Sunfolding,SF Bay Area,Energy,United States,2023-12-09,,1.0000,Series B,32,2023-12-10 20:07:58.0000000
Superhuman,SF Bay Area,Consumer,United States,2022-06-03,23,.2200,Series C,108,2022-06-03 21:55:38.0000000
SuperLearn,Bengaluru,Education,India,2022-06-21,,1.0000,Seed,0,2022-06-22 03:36:06.0000000
Superloop,Brisbane,Infrastructure,Australia,2020-08-24,30,,Post-IPO,36,2022-06-26 23:50:08.0000000
Superpedestrian,Boston,Transportation,United States,2022-06-22,35,.0700,Series C,261,2022-06-23 04:01:42.0000000
Superpedestrian,Boston,Transportation,United States,2023-12-15,,,Series C,262,2023-12-18 18:36:51.0000000
SuperRare,Wilmington,Crypto,United States,2023-01-06,,.3000,Series A,9,2023-01-06 23:06:10.0000000
Swappie,Helsinki,Retail,Finland,2022-06-15,250,.1700,Series C,169,2022-06-15 23:03:52.0000000
SweetEscape,Jakarta,Consumer,Indonesia,2020-04-15,,.3000,Series A,7,2020-04-20 15:01:46.0000000
Sweetgreen,Los Angeles,Food,United States,2020-04-17,35,.1000,Series I,478,2020-04-17 23:26:12.0000000
Sweetgreen,Los Angeles,Food,United States,2022-08-09,,,Post-IPO,478,2022-08-09 21:47:18.0000000
Swiggy,Bengaluru,Food,India,2020-04-21,800,,Series I,1600,2020-04-22 04:14:08.0000000
Swiggy,Bengaluru,Food,India,2020-05-18,1100,.1400,Series I,1600,2020-05-18 14:15:14.0000000
Swiggy,Bengaluru,Food,India,2020-07-27,350,.0500,Series I,1600,2020-07-28 20:25:53.0000000
Swiggy,Bengaluru,Food,India,2022-12-08,250,.0300,Unknown,3600,2022-12-09 05:00:53.0000000
Swiggy,Bengaluru,Food,India,2023-01-20,380,.0600,Unknown,3600,2023-01-20 01:19:50.0000000
Swiggy,Bengaluru,Food,India,2024-01-25,400,.0700,Unknown,3600,2024-01-25 14:45:14.0000000
Swing Education,SF Bay Area,Education,United States,2020-09-05,,,Series B,22.799999237060547,2020-09-08 17:45:42.0000000
SWVL,Cairo,Transportation,Egypt,2022-11-23,,.5000,Post-IPO,264,2022-11-25 22:25:25.0000000
SWVL,Dubai,Transportation,United Arab Emirates,2022-05-30,400,.3200,Post-IPO,132,2022-05-31 02:08:09.0000000
Swyft,Toronto,Logistics,Canada,2022-06-15,10,.3000,Series A,20,2022-06-15 15:15:38.0000000
Swyftx,Brisbane,Crypto,Australia,2022-08-17,74,.2100,Unknown,,2022-08-18 01:12:20.0000000
Swyftx,Brisbane,Crypto,Australia,2022-12-05,90,.4000,Unknown,,2022-12-05 13:26:15.0000000
Syft Technologies,Auckland,Manufacturing,New Zealand,2023-02-10,30,.2000,Private Equity,,2023-04-22 03:39:59.0000000
Symend,Calgary,Other,Canada,2022-11-17,,.1300,Series C,148,2022-11-17 17:25:06.0000000
Symend,Calgary,Other,Canada,2023-03-17,50,.2500,Series C,148,2023-03-23 16:41:33.0000000
Synamedia,London,Media,United Kingdom,2023-02-22,200,.1200,Unknown,,2023-02-27 17:29:09.0000000
Synapse,SF Bay Area,Finance,United States,2023-06-14,,.1800,Series B,50,2023-06-15 04:10:35.0000000
Synapse,SF Bay Area,Finance,United States,2023-10-02,86,.4000,Series B,50,2023-10-06 23:06:16.0000000
SynapseFI,SF Bay Area,Finance,United States,2020-06-12,63,.4800,Series B,50,2020-06-13 03:44:18.0000000
Synapsica,New Delhi,Healthcare,India,2022-10-21,30,.3000,Series A,4,2022-10-22 03:29:29.0000000
Synctera,SF Bay Area,Finance,United States,2024-03-26,17,.1500,Series A,79,2024-03-26 19:26:31.0000000
Synergysuite,Salt Lake City,Food,United States,2020-04-02,5,.0700,Series A,6,2020-04-03 13:29:40.0000000
Synlogic,Boston,Healthcare,United States,2022-12-01,,.2500,Post-IPO,321,2022-12-11 06:21:59.0000000
Synopsys,SF Bay Area,Other,United States,2023-01-27,100,,Post-IPO,,2023-01-28 15:08:17.0000000
Synthego,SF Bay Area,Healthcare,United States,2022-11-18,105,.2000,Series E,459,2022-11-29 04:18:07.0000000
Syte,Tel Aviv,Retail,Israel,2022-07-05,13,.0800,Series C,71,2022-07-05 17:12:49.0000000
Taboola,New York City,Marketing,United States,2022-09-13,100,.0600,Post-IPO,445,2022-09-13 23:33:00.0000000
Tackle,Boise,Other,United States,2023-02-15,,.1500,Series C,148,2023-02-15 21:55:55.0000000
Tackle.io,Boise,Infrastructure,United States,2023-06-21,75,,Series C,148,2023-06-23 15:38:59.0000000
TADA,Seoul,Transportation,South Korea,2023-06-15,45,.6000,Subsidiary,,2023-06-17 00:39:13.0000000
Tails.com,London,Retail,United Kingdom,2024-02-20,55,.2500,Series A,5,2024-02-21 04:25:14.0000000
TakeOff,Kyiv,Retail,Ukraine,2023-03-23,50,,Unknown,146,2023-03-26 21:25:22.0000000
Take-Two,New York City,Consumer,United States,2024-04-16,579,.0500,Post-IPO,4100,2024-04-16 23:37:05.0000000
Take-Two Interactive,New York City,Consumer,United States,2023-03-07,,,Post-IPO,2700,2023-03-08 05:08:23.0000000
Takl,Nashville,Consumer,United States,2020-03-24,130,,Unknown,,2020-04-02 21:07:32.0000000
Talent.com,Montreal,Recruiting,Canada,2023-04-05,86,.1800,Series B,150,2023-09-07 15:28:30.0000000
Talent.com,Montreal,Recruiting,Canada,2023-09-05,,,Series B,150,2023-09-07 15:29:04.0000000
Talis Biomedical,SF Bay Area,Healthcare,United States,2022-03-15,,.2500,Post-IPO,8,2022-06-17 16:26:16.0000000
Talkdesk,SF Bay Area,Support,United States,2022-08-05,,,Series D,497,2022-08-05 19:39:08.0000000
Talkdesk,SF Bay Area,Support,United States,2023-02-02,,,Series D,497,2023-02-06 17:59:25.0000000
Talkdesk,SF Bay Area,Support,United States,2023-09-26,,,Series D,497,2023-09-27 02:36:46.0000000
Talkwalker,Luxembourg,Marketing,Luxembourg,2022-08-03,,.1500,Private Equity,9,2022-08-04 03:44:29.0000000
Tally,SF Bay Area,Finance,United States,2020-05-07,28,.2300,Series C,92,2020-05-11 14:02:29.0000000
Tamara Mellon,Los Angeles,Retail,United States,2020-03-12,20,.4000,Series C,90,2020-03-31 16:04:23.0000000
Tanium,Seattle,Security,United States,2021-08-30,30,,Unknown,1000,2022-06-07 02:42:05.0000000
Tapas Media,SF Bay Area,Media,United States,2022-07-28,,,Acquired,17,2022-08-02 03:41:21.0000000
Tapps Games,Sao Paulo,Consumer,Brazil,2022-11-01,10,,Unknown,,2023-01-21 00:44:28.0000000
TaskUs,Los Angeles,Support,United States,2022-06-21,52,.0000,Post-IPO,279,2022-06-22 03:58:25.0000000
TaskUs,San Antonio,Support,United States,2023-02-22,186,,Post-IPO,279,2023-02-23 22:35:28.0000000
TaxBit,Salt Lake City,Crypto,United States,2022-12-13,,,Series B,235,2022-12-18 04:07:43.0000000
TaxBit,SF Bay Area,Crypto,United States,2023-06-11,80,.4000,Unknown,253,2023-06-12 16:08:36.0000000
Taxfix,Berlin,Finance,Germany,2023-05-30,120,.2000,Series D,330,2023-05-31 01:39:43.0000000
TCR2,Boston,Healthcare,United States,2022-08-31,30,.2000,Post-IPO,173,2023-01-20 01:25:58.0000000
TCR2,Boston,Healthcare,United States,2023-01-05,,.4000,Post-IPO,173,2023-01-06 01:49:44.0000000
Teachmint,Bengaluru,Education,India,2022-11-30,45,.0500,Series B,118,2022-12-01 06:34:10.0000000
Teachmint,Bengaluru,Education,India,2023-05-05,70,,Series B,118,2023-05-05 12:27:47.0000000
TealBook,Toronto,Other,Canada,2022-11-17,34,.1900,Series B,73,2022-11-17 17:26:04.0000000
Teampay,New York City,Finance,United States,2023-04-26,30,.3300,Series B,79,2023-04-28 04:39:43.0000000
Teamwork,Cork,Other,Ireland,2020-05-22,21,,Unknown,,2020-05-24 17:04:37.0000000
TechAdvance,Lagos,Finance,Nigeria,2020-04-08,,,Unknown,1,2020-05-15 04:08:58.0000000
TechCrunch,SF Bay Area,Media,United States,2024-01-30,7,,Acquired,,2024-01-31 03:46:59.0000000
TechTarget,Boston,Marketing,United States,2022-12-08,60,.0500,Post-IPO,115,2022-12-11 06:02:55.0000000
Tekion,Bengaluru,Other,India,2023-08-02,300,.1000,Series D,435,2023-08-03 03:39:59.0000000
Teladoc Health,New York City,Healthcare,United States,2023-01-18,300,.0600,Post-IPO,172,2023-01-18 19:49:11.0000000
Telenav,Cluj-Napoca,Transportation,Romania,2023-05-12,172,,Post-IPO,30,2023-05-12 14:48:51.0000000
Teleport,SF Bay Area,Infrastructure,United States,2022-07-01,15,.0600,Series C,169,2022-07-02 18:09:16.0000000
Tempo,SF Bay Area,Fitness,United States,2022-10-03,,,Series C,298,2022-10-08 03:35:40.0000000
Tempo Automation,SF Bay Area,Other,United States,2022-08-17,54,,Series C,74,2022-08-17 20:56:34.0000000
Tempo Automation,SF Bay Area,Other,United States,2023-07-13,62,,Post-IPO,154,2023-07-17 23:02:10.0000000
Tempo Automation,SF Bay Area,Other,United States,2023-08-22,,,Post-IPO,154,2023-08-23 23:27:07.0000000
Tempus Ex,SF Bay Area,Data,United States,2022-05-30,,,Unknown,36,2022-06-16 04:11:30.0000000
Ten Square Games,Wroclaw,Consumer,Poland,2023-04-17,120,.2500,Seed,,2023-04-18 04:44:03.0000000
Tenable,Baltimore,Security,United States,2024-02-07,,.0500,Post-IPO,565,2024-02-08 22:21:44.0000000
Tencent,Shenzen,Consumer,China,2022-11-15,,,Post-IPO,12600,2022-11-17 04:26:40.0000000
Tencent,Shenzen,Consumer,China,2023-02-17,300,,Post-IPO,12600,2023-02-17 17:26:53.0000000
TenureX,Tel Aviv,Finance,Israel,2023-02-06,,,Seed,6,2023-02-07 04:04:52.0000000
Terminus,Atlanta,Marketing,United States,2022-05-27,,,Series C,120,2022-05-28 00:16:59.0000000
Terminus,Atlanta,Marketing,United States,2022-05-27,,,Unknown,192,2023-02-19 04:57:14.0000000
Tesla,Austin,Transportation,United States,2022-06-03,,.1000,Post-IPO,20200,2022-11-10 00:54:47.0000000
Tesla,Austin,Transportation,United States,2024-04-15,14000,.1000,Post-IPO,20200,2024-04-15 15:16:33.0000000
Tesla,Austin,Transportation,United States,2024-04-30,500,,Post-IPO,20200,2024-05-01 22:16:14.0000000
Tessera,New York City,Crypto,United States,2023-05-12,,1.0000,Series A,43,2023-05-15 16:02:22.0000000
Textio,Seattle,Recruiting,United States,2020-03-27,30,.2000,Unknown,41,2020-03-28 20:52:49.0000000
Textio,Seattle,Recruiting,United States,2023-04-03,15,.1200,Unknown,42,2023-04-04 09:39:11.0000000
Textio,Seattle,Recruiting,United States,2024-03-14,14,.1600,Unknown,42,2024-03-15 23:30:56.0000000
TextNow,Waterloo,Consumer,Canada,2022-07-28,22,,Seed,1,2022-08-04 03:57:46.0000000
The Appraisal Lane,Montevideo,Transportation,Uruguay,2020-08-07,,,Seed,1.7999999523162842,2020-08-11 15:38:50.0000000
The Athletic,SF Bay Area,Media,United States,2020-06-05,46,.0800,Series D,139,2020-06-05 21:06:51.0000000
The Good Glamm Group,New Delhi,Retail,India,2024-04-18,150,.1500,Unknown,180,2024-04-18 23:24:51.0000000
The Grommet,Boston,Retail,United States,2022-06-09,40,1.0000,Acquired,5,2022-06-10 18:59:24.0000000
The Guild,Austin,Travel,United States,2020-03-23,38,.2200,Series B,36,2020-03-28 20:52:49.0000000
The Iconic,Sydney,Retail,Australia,2023-02-23,69,.0600,Unknown,,2023-02-24 05:09:07.0000000
The Meet Group,New Hope,Consumer,United States,2023-03-24,,,Acquired,,2023-03-29 23:09:34.0000000
The Messenger,Miami,Media,United States,2024-01-31,,1.0000,Unknown,,2024-02-01 17:08:27.0000000
The Messenger,New York City,Media,United States,2024-01-02,24,,Unknown,,2024-01-03 02:39:14.0000000
The Modist,Dubai,Retail,United Arab Emirates,2020-04-02,,1.0000,Unknown,,2020-04-05 23:25:47.0000000
The Mom Project,Chicago,HR,United States,2022-07-14,54,.1500,Series C,115,2022-07-15 20:54:59.0000000
The Muse,New York City,Recruiting,United States,2020-04-03,,,Series B,28,2020-04-07 14:42:11.0000000
The Org,New Delhi,HR,United States,2022-08-03,13,,Series B,39,2022-08-04 03:38:12.0000000
The Predictive Index,Boston,HR,United States,2020-04-02,59,.2500,Acquired,65,2020-04-03 21:49:53.0000000
The Predictive Index,Boston,HR,United States,2022-08-02,40,,Acquired,71,2022-08-08 14:21:15.0000000
The RealReal,SF Bay Area,Retail,United States,2020-04-14,235,.1000,Post-IPO,358,2020-04-15 04:11:39.0000000
The RealReal,SF Bay Area,Retail,United States,2023-02-16,230,.0700,Post-IPO,356,2023-02-16 17:45:36.0000000
The Sill,New York City,Retail,United States,2020-05-28,20,.2500,Series A,7,2020-05-29 02:05:34.0000000
The Wing,New York City,Real Estate,United States,2020-04-03,,.5000,Series C,117,2020-04-04 02:17:04.0000000
The Wing,New York City,Real Estate,United States,2020-07-01,56,,Series C,117,2020-07-09 17:33:42.0000000
The Wing,New York City,Real Estate,United States,2022-08-31,,1.0000,Series C,117,2022-08-31 21:35:28.0000000
The Zebra,Austin,Finance,United States,2022-05-24,40,,Series D,256,2022-05-25 03:33:25.0000000
The Zebra,Austin,Finance,United States,2022-11-15,50,,Series D,256,2022-11-17 00:19:19.0000000
Thepeer,Lagos,Finance,Nigeria,2024-04-02,,1.0000,Seed,2,2024-04-02 16:47:16.0000000
TheSkimm,New York City,Media,United States,2020-05-01,26,.2000,Series C,28,2020-05-02 03:21:16.0000000
TheSkimm,New York City,Media,United States,2023-02-01,17,.1000,Series C,28,2023-02-03 03:49:46.0000000
TheSkimm,New York City,Media,United States,2023-05-03,22,.1300,Series C,28,2023-05-08 15:20:34.0000000
TheWrap,Los Angeles,Media,United States,2020-09-29,,,Series B,3.5,2020-09-30 18:17:57.0000000
Thimble,New York City,Finance,United States,2022-07-05,20,.3300,Series A,28,2022-07-06 04:35:01.0000000
Thinkific,Vancouver,Education,Canada,2022-03-29,100,.2000,Post-IPO,22,2022-03-30 03:34:47.0000000
Thinkific,Vancouver,Education,Canada,2022-12-05,,,Post-IPO,22,2022-12-19 17:14:34.0000000
Thinkific,Vancouver,Education,Canada,2023-01-10,76,.1900,Post-IPO,22,2023-01-10 23:54:32.0000000
Thinx,New York City,Retail,United States,2024-01-31,95,,Acquired,26,2024-01-31 17:03:43.0000000
ThirdLove,New York City,Retail,United States,2020-03-27,10,,Series B,68,2020-04-02 04:05:59.0000000
ThirdLove,SF Bay Area,Retail,United States,2020-04-02,65,.3000,Series B,68,2020-04-02 22:24:30.0000000
Thirty Madison,New York City,Healthcare,United States,2022-05-14,24,,Acquired,209,2022-05-16 05:01:42.0000000
Thirty Madison,New York City,Healthcare,United States,2022-08-18,,.1000,Series C,209,2022-08-18 21:46:42.0000000
ThoughtSpot,SF Bay Area,Data,United States,2020-05-06,,,Series E,743,2020-05-08 23:18:42.0000000
Thoughtworks,Chicago,Other,United States,2023-03-01,500,.0400,Post-IPO,748,2023-03-02 04:06:16.0000000
Thoughtworks,Chicago,Other,United States,2023-08-08,579,.0500,Post-IPO,748,2023-10-17 01:46:05.0000000
Thrasio,Boston,Retail,United States,2022-05-02,,,Unknown,3400,2022-05-02 23:32:24.0000000
Thread,London,Retail,United Kingdom,2022-11-30,30,.5000,Acquired,40,2022-12-11 06:23:40.0000000
ThredUp,Chicago,Retail,United States,2021-02-09,243,,Series F,305,2021-02-09 23:15:03.0000000
ThredUp,Chicago,Retail,United States,2022-08-15,,.1500,Post-IPO,305,2022-08-16 17:07:51.0000000
Thriver,Toronto,Food,Canada,2020-08-06,75,.5000,Series B,53,2020-08-07 17:41:29.0000000
Thumbtack,SF Bay Area,Consumer,United States,2020-03-30,250,.3000,Series F,423,2020-03-30 21:20:55.0000000
Thumbtack,SF Bay Area,Consumer,United States,2022-12-13,160,.1400,Series I,698,2022-12-13 20:12:50.0000000
Thursday,London,Consumer,United Kingdom,2024-01-16,,.7000,Seed,3,2024-01-16 21:29:20.0000000
Tibber,Førde,Energy,Norway,2023-06-27,50,,Series C,181,2023-06-27 15:56:51.0000000
Tickertape,Bengaluru,Finance,India,2023-04-27,29,.2900,Seed,5,2023-04-28 04:45:34.0000000
TicketSwap,Amsterdam,Consumer,Netherlands,2020-05-14,,.3000,Unknown,8,2023-07-13 03:32:52.0000000
Tidal,New York City,Consumer,United States,2023-12-06,40,.1000,Acquired,,2023-12-07 19:22:55.0000000
Tidepool,SF Bay Area,Healthcare,United States,2020-11-17,18,.4000,Unknown,,2021-01-09 05:20:30.0000000
Tiendanube,Buenos Aires,Marketing,Argentina,2022-10-17,50,.0500,Unknown,,2022-11-06 18:23:06.0000000
Tier Mobility,Berlin,Transportation,Germany,2022-08-23,180,.1600,Series D,646,2022-08-23 20:15:48.0000000
Tier Mobility,Berlin,Transportation,Germany,2023-01-25,80,.0700,Series D,646,2023-01-26 01:56:55.0000000
Tier Mobility,Berlin,Transportation,Germany,2023-11-28,,.2200,Series D,646,2023-11-29 15:49:29.0000000
TIFIN,Boulder,Crypto,United States,2022-06-14,24,.1000,Series D,204,2022-06-15 14:46:13.0000000
Tiki,Singapore,Consumer,Singapore,2023-06-11,,1.0000,Unknown,,2023-06-14 03:47:37.0000000
TikTok,Dublin,Consumer,Ireland,2024-04-11,250,,Acquired,,2024-04-12 16:14:26.0000000
TikTok,Los Angeles,Consumer,United States,2022-07-18,,,Acquired,,2022-07-19 03:30:23.0000000
TikTok,Los Angeles,Consumer,United States,2023-01-20,,,Acquired,,2023-01-24 16:26:01.0000000
TikTok,Los Angeles,Consumer,United States,2024-01-22,60,,Acquired,,2024-01-23 16:15:59.0000000
TikTok India,Mumbai,Consumer,India,2023-02-10,40,,Acquired,9400,2023-02-10 16:57:01.0000000
Tilia,SF Bay Area,Finance,United States,2023-07-19,28,.3200,Unknown,32,2023-08-14 21:20:00.0000000
Till Payments,Sydney,Finance,Australia,2023-01-10,120,,Series C,95,2023-01-11 00:56:24.0000000
Tilting Point,New York City,Consumer,United States,2023-01-31,60,.1400,Unknown,235,2023-02-01 17:02:04.0000000
Times Internet,Gurugram,Media,India,2023-08-18,100,.0500,Subsidiary,,2023-08-19 15:40:33.0000000
Tipalti,SF Bay Area,Finance,United States,2023-01-11,123,.1100,Series F,565,2023-01-12 00:53:58.0000000
Titan Medical,Toronto,Healthcare,Canada,2023-02-10,48,.7200,Post-IPO,278,2023-03-10 15:59:27.0000000
Toast,Boston,Food,United States,2020-04-07,1300,.5000,Series F,902,2020-04-07 21:23:31.0000000
Toast,Boston,Food,United States,2024-02-15,550,.1000,Post-IPO,962,2024-02-15 16:48:04.0000000
Tome,SF Bay Area,AI,United States,2024-04-16,12,.2500,Series B,75,2024-04-16 23:36:30.0000000
Tomo,Stamford,Finance,United States,2022-05-31,44,.3300,Series A,110,2022-06-01 00:56:27.0000000
Tomorrow,Hamburg,Finance,Germany,2022-12-16,30,.2500,Unknown,29,2022-12-18 04:15:07.0000000
TomTom,Amsterdam,Transportation,Netherlands,2022-06-01,500,.1000,Post-IPO,,2023-01-24 23:00:51.0000000
TomTom,Lodz,Transportation,Poland,2023-12-12,45,,Post-IPO,,2023-12-19 17:22:11.0000000
Tonal,SF Bay Area,Fitness,United States,2022-07-13,262,.3500,Series E,450,2022-07-13 15:55:52.0000000
Tonik,Singapore,Finance,Singapore,2024-03-01,,,Series B,175,2024-03-03 16:14:49.0000000
Tonkean,SF Bay Area,Other,United States,2022-06-15,23,.2300,Series B,83,2022-06-15 23:19:03.0000000
Toothsi,Mumbai,Healthcare,India,2023-05-12,20,,Series C,87,2023-05-14 15:40:16.0000000
Top Hat,Toronto,Education,Canada,2020-05-12,16,.0300,Series D,104,2020-05-12 22:45:07.0000000
Top Hat,Toronto,Education,Canada,2023-08-04,42,.0700,Series E,234,2023-08-05 04:00:35.0000000
Top Hat,Toronto,Education,Canada,2024-02-02,35,.0700,Series E,234,2024-02-02 16:32:39.0000000
Toppr,Mumbai,Education,India,2022-06-29,350,,Acquired,112,2022-06-30 02:46:03.0000000
Tor,Boston,Security,United States,2020-04-17,13,.3700,Unknown,1,2020-04-18 16:55:23.0000000
Torii,Ra'anana,Other,Israel,2023-06-29,28,.3000,Series B,65,2023-07-01 00:57:04.0000000
Toshiba,Tokyo,Manufacturing,Japan,2024-05-16,4000,,Unknown,,2024-05-24 15:48:21.0000000
Totango,SF Bay Area,Support,United States,2024-03-07,,,Acquired,147,2024-03-08 16:48:08.0000000
Toucan,Los Angeles,Education,United States,2023-03-09,,1.0000,Series A,,2023-03-10 05:20:53.0000000
TouchBistro,Toronto,Food,Canada,2020-04-14,131,.2300,Series E,224,2020-04-14 21:58:15.0000000
Tractable,London,Finance,United States,2023-05-23,,,Series D,119,2023-05-25 00:49:25.0000000
Trade Republic,Berlin,Finance,Germany,2022-06-09,,,Series C,1200,2022-06-09 19:59:03.0000000
TradeWindow,Auckland,Finance,New Zealand,2023-03-15,25,.3000,Series B,24,2023-03-15 15:26:52.0000000
Transfix,New York City,Logistics,United States,2020-04-29,24,.1000,Series D,128,2020-04-29 22:58:38.0000000
Transmit Security,Boston,Security,United States,2022-07-05,27,.0700,Series A,583,2022-07-06 04:33:06.0000000
TravelBank,SF Bay Area,Travel,United States,2020-03-24,20,,Series B,35,2020-04-01 17:24:19.0000000
Traveloka,Jakarta,Travel,Indonesia,2020-04-03,100,.1000,Unknown,,2020-04-07 14:51:54.0000000
TravelTriangle,Gurugram,Travel,India,2020-03-28,250,.5000,Series D,47,2020-04-01 00:58:22.0000000
Trax,Singapore,Retail,Singapore,2022-06-20,100,.1200,Series E,1000,2022-06-21 03:18:53.0000000
Trax,Singapore,Retail,Singapore,2022-11-22,80,.0800,Series E,1000,2022-11-22 19:04:01.0000000
Trax,Tel Aviv,Retail,Israel,2020-05-03,120,.1000,Series D,386,2020-05-17 14:18:56.0000000
Tray.io,SF Bay Area,Data,United States,2022-06-21,,.1000,Series C,109,2022-06-22 03:46:41.0000000
Treasure Financial,SF Bay Area,Finance,United States,2024-01-09,14,.6000,Series A,14,2024-01-30 04:57:00.0000000
Treasury Prime,SF Bay Area,Finance,United States,2024-02-28,40,.4000,Series C,71,2024-02-29 00:48:03.0000000
Treehouse,Portland,Education,United States,2021-09-14,41,.9000,Series B,12,2021-10-27 15:12:11.0000000
Trell,Bengaluru,Retail,India,2022-03-15,300,.5000,Series B,62,2022-05-07 13:47:23.0000000
Trellix,SF Bay Area,Security,United States,2023-07-07,,,Unknown,35,2023-07-11 01:53:22.0000000
Trend Micro,Tokyo,Security,Japan,2024-01-09,,.0200,Unknown,,2024-01-10 21:45:30.0000000
Trendsales,Copenhagen,Retail,Denmark,2024-04-08,79,1.0000,Acquired,,2024-04-10 21:39:34.0000000
Tricida,SF Bay Area,Healthcare,United States,2022-11-14,,.5700,Post-IPO,624,2023-01-19 04:12:32.0000000
Trigo,Tel Aviv,Retail,Israel,2024-01-04,30,.1500,Series C,199,2024-01-05 00:29:13.0000000
TripActions,SF Bay Area,Travel,United States,2020-03-25,300,.2500,Series D,981,2020-03-28 20:52:49.0000000
TripAdvisor,Boston,Travel,United States,2020-04-28,900,.2500,Post-IPO,3,2020-04-28 15:28:12.0000000
TripAdvisor,Boston,Travel,United States,2023-08-02,,,Post-IPO,3,2023-08-03 04:35:01.0000000
TripAdvisor,Boston,Travel,United States,2023-11-12,125,.0400,Post-IPO,3,2023-12-22 23:12:17.0000000
Tripbam,Dallas,Travel,United States,2020-04-03,10,.2500,Unknown,,2020-04-04 04:37:21.0000000
Triplebyte,SF Bay Area,Recruiting,United States,2020-03-23,15,.1700,Series B,48,2020-03-28 20:52:49.0000000
TripleLift,New York City,Marketing,United States,2020-04-02,23,.0700,Series B,16,2020-04-10 21:09:47.0000000
TripleLift,New York City,Marketing,United States,2023-02-10,100,.2000,Acquired,16,2023-02-13 17:51:12.0000000
Tripwire,Portland,Security,United States,2022-05-12,,,Acquired,29,2022-05-12 18:35:17.0000000
Trivago,Dusseldorf,Travel,Germany,2020-05-04,,,Acquired,55,2020-05-07 14:15:37.0000000
TRM Labs,SF Bay Area,Crypto,United States,2023-04-18,16,.0900,Series B,149,2023-05-05 03:06:30.0000000
Tropic,New York City,Finance,United States,2023-10-20,26,,Series B,67,2023-10-20 23:47:04.0000000
Tropic,New York City,Finance,United States,2024-05-31,40,,Series B,67,2024-06-01 18:33:50.0000000
Trove Recommerce,SF Bay Area,Retail,United States,2020-04-15,13,,Series C,34,2020-04-22 06:24:02.0000000
Trove Recommerce,SF Bay Area,Retail,United States,2024-01-31,130,,Series E,152,2024-02-02 00:09:50.0000000
Truck It In,Karachi,Logistics,Pakistan,2022-06-01,,.3000,Seed,17,2022-06-01 15:51:57.0000000
Truckstop.com,Boise,Logistics,United States,2023-03-02,,,Acquired,,2023-03-04 03:58:51.0000000
True Anomaly,Denver,Aerospace,United States,2024-04-25,30,.2500,Series B,158,2024-04-26 15:58:59.0000000
TrueCar,Los Angeles,Transportation,United States,2020-05-28,219,.3000,Post-IPO,340,2020-05-29 01:55:32.0000000
TrueCar,Los Angeles,Transportation,United States,2023-06-14,102,.2400,Post-IPO,340,2023-06-15 03:50:01.0000000
TrueLayer,London,Finance,United States,2022-09-16,40,.1000,Series E,271,2022-09-16 14:52:20.0000000
Truepill,SF Bay Area,Healthcare,United States,2022-04-14,,,Series D,255,2022-05-11 03:04:55.0000000
Truepill,SF Bay Area,Healthcare,United States,2022-06-08,150,.1500,Series D,255,2022-06-10 04:24:53.0000000
Truepill,SF Bay Area,Healthcare,United States,2022-08-11,175,.3300,Series D,255,2022-08-12 05:14:48.0000000
Truepill,SF Bay Area,Healthcare,United States,2022-09-30,,,Series D,255,2022-09-30 20:20:09.0000000
Truiloo,Vancouver,Security,Canada,2022-09-23,24,.0500,Series D,474,2022-09-19 16:04:08.0000000
Truss Works,SF Bay Area,Real Estate,United States,2023-09-20,,,Unknown,,2023-09-25 23:11:46.0000000
Trustly,Stockholm,Finance,Sweden,2022-02-17,120,,Acquired,28,2022-05-17 14:25:37.0000000
Trybe,Sao Paulo,Education,Brazil,2022-08-10,47,.1000,Series B,40,2022-08-24 23:33:24.0000000
Trybe,Sao Paulo,Education,Brazil,2023-06-09,128,.3500,Series B,40,2023-06-12 16:07:43.0000000
Tufin,Boston,Security,United States,2022-08-21,55,.1000,Acquired,21,2022-08-22 15:24:49.0000000
Tuft & Needle,Phoenix,Retail,United States,2020-03-19,,,Acquired,0,2020-04-05 23:23:24.0000000
Tul,Bogota,Construction,Colombia,2023-01-17,100,,Series B,218,2023-01-19 04:10:26.0000000
Tulip Retail,Toronto,Retail,Canada,2020-04-15,14,,Series B,51,2020-04-16 06:30:55.0000000
Tulip Retail,Toronto,Retail,Canada,2023-11-21,25,,Series C,79,2023-11-23 03:00:21.0000000
Turnitin,SF Bay Area,Education,United States,2022-10-06,51,.0500,Acquired,,2022-10-08 03:37:42.0000000
Turnitin,SF Bay Area,Education,United States,2024-03-07,15,.0200,Acquired,,2024-03-07 21:03:25.0000000
Turntide,SF Bay Area,Energy,United States,2022-07-28,,.2000,Unknown,491,2022-07-29 06:16:54.0000000
Turo,SF Bay Area,Transportation,United States,2020-03-31,108,.3000,Series E,467,2020-04-01 05:44:11.0000000
TuSimple,San Diego,Transportation,United States,2022-12-21,350,.2500,Post-IPO,648,2022-12-18 04:12:29.0000000
TuSimple,San Diego,Transportation,United States,2023-05-18,,.3000,Post-IPO,648,2023-05-18 16:38:38.0000000
TuSimple,San Diego,Transportation,United States,2023-12-04,150,,Post-IPO,648,2023-12-05 15:48:18.0000000
TutorMundi,Sao Paulo,Education,Brazil,2020-04-24,4,1.0000,Series A,2,2020-05-03 04:35:28.0000000
Twig,London,Finance,United Kingdom,2024-02-02,,1.0000,Unknown,41,2024-02-03 01:55:38.0000000
Twiga,Nairobi,Food,Kenya,2022-11-16,211,.2100,Series C,157,2022-11-30 06:02:41.0000000
Twiga,Nairobi,Food,Kenya,2023-08-20,283,.3300,Series C,157,2023-08-22 23:59:53.0000000
Twilio,SF Bay Area,Other,United States,2022-09-14,800,.1100,Post-IPO,614,2022-09-14 14:47:34.0000000
Twilio,SF Bay Area,Other,United States,2023-02-13,1500,.1700,Post-IPO,614,2023-02-13 16:24:17.0000000
Twilio,SF Bay Area,Other,United States,2023-12-04,,.0500,Post-IPO,614,2023-12-04 17:06:48.0000000
Twine Solutions,Tel Aviv,Hardware,Israel,2023-01-05,30,.3300,Unknown,50,2023-01-09 05:20:03.0000000
TwinStrand,Seattle,Healthcare,United States,2022-10-05,,.5000,Series B,73,2022-10-07 02:09:18.0000000
Twist Bioscience,SF Bay Area,Healthcare,United States,2023-05-05,270,.2500,Post-IPO,503,2023-05-05 20:41:53.0000000
Twitch,SF Bay Area,Consumer,United States,2023-10-03,,,Acquired,35,2023-10-04 02:23:53.0000000
Twitch,SF Bay Area,Consumer,United States,2024-01-09,500,.3500,Acquired,35,2024-01-09 23:31:25.0000000
Twitter,SF Bay Area,Consumer,United States,2022-07-07,,,Post-IPO,5700,2022-07-07 21:02:28.0000000
Twitter,SF Bay Area,Consumer,United States,2022-11-04,3700,.5000,Post-IPO,12900,2022-11-04 14:48:05.0000000
Twitter,SF Bay Area,Consumer,United States,2023-01-05,40,,Post-IPO,12900,2023-01-06 23:15:33.0000000
Twitter,SF Bay Area,Consumer,United States,2023-02-25,200,.1000,Post-IPO,12900,2023-02-26 20:58:23.0000000
Typeform,Barcelona,Marketing,Spain,2022-11-15,,,Series C,187,2022-11-17 00:35:58.0000000
TytoCare,New York City,Healthcare,United States,2023-07-06,20,.1000,Series D,156,2023-07-07 02:39:48.0000000
tZero,New York City,Finance,United States,2020-07-30,,,Acquired,472,2020-07-30 19:25:57.0000000
Ualá,Buenos Aires,Finance,Argentina,2022-11-30,53,.0300,Series D,544,2022-12-01 06:29:00.0000000
Uber,Amsterdam,Transportation,Netherlands,2020-06-12,225,.2500,Post-IPO,24700,2020-06-27 18:25:05.0000000
Uber,Bengaluru,Transportation,India,2020-05-26,600,.2300,Post-IPO,24700,2020-05-26 13:56:21.0000000
Uber,SF Bay Area,Transportation,United States,2020-05-06,3700,.1400,Post-IPO,24700,2020-05-06 13:49:11.0000000
Uber,SF Bay Area,Transportation,United States,2020-05-18,3000,.1300,Post-IPO,24700,2020-05-18 15:28:24.0000000
Uber,SF Bay Area,Transportation,United States,2023-06-21,200,,Post-IPO,25200,2023-06-22 00:19:03.0000000
Uber,Vilnius,Transportation,Lithuania,2022-09-07,60,,Post-IPO,24700,2022-09-09 01:41:27.0000000
Uber Freight,SF Bay Area,Logistics,United States,2023-01-23,150,.0300,Subsidiary,2700,2023-01-24 16:24:02.0000000
Uber Freight,SF Bay Area,Logistics,United States,2023-07-13,40,,Subsidiary,2700,2023-07-14 18:19:46.0000000
Uber Freight,SF Bay Area,Logistics,United States,2024-01-09,40,,Subsidiary,2700,2024-01-11 19:13:52.0000000
Uberflip,Toronto,Marketing,Canada,2022-08-05,31,.1700,Series A,42,2022-08-05 19:18:41.0000000
Udaan,Bengaluru,Retail,India,2022-06-27,180,.0400,Unknown,1500,2022-06-28 04:19:44.0000000
Udaan,Bengaluru,Retail,India,2022-11-04,350,,Unknown,1500,2022-11-05 03:35:56.0000000
Udaan,Bengaluru,Retail,India,2023-12-18,100,.1000,Unknown,1500,2023-12-19 17:14:47.0000000
Udacity,SF Bay Area,Education,United States,2022-10-11,55,.1300,Unknown,235,2022-10-11 15:14:13.0000000
Udayy,Gurugram,Education,India,2022-06-01,100,1.0000,Seed,2,2022-06-01 15:41:15.0000000
Udemy,SF Bay Area,Education,United States,2023-02-14,,.1000,Post-IPO,311,2023-02-15 00:53:15.0000000
UiPath,New York City,Data,United States,2022-06-27,210,.0500,Post-IPO,2000,2022-06-27 23:50:08.0000000
UiPath,New York City,Data,United States,2022-11-15,241,.0600,Post-IPO,2000,2022-11-17 00:00:16.0000000
UKG,Miami,HR,United States,2023-03-06,265,,Unknown,,2023-03-08 15:39:50.0000000
Ula,Jakarta,Retail,Indonesia,2022-11-30,134,.2300,Series B,140,2022-12-01 06:27:24.0000000
Uleet,Columbus,Healthcare,United States,2023-11-15,,1.0000,Unknown,,2023-11-16 01:22:49.0000000
Una Brands,Singapore,Retail,Singapore,2022-06-28,,.1000,Series A,55,2022-06-29 03:58:22.0000000
Unacademy,Bengaluru,Education,India,2022-04-07,1000,.1700,Series H,838,2022-04-07 15:30:40.0000000
Unacademy,Bengaluru,Education,India,2022-06-18,150,.0300,Series H,838,2022-06-19 17:09:34.0000000
Unacademy,Bengaluru,Education,India,2022-11-07,350,.1000,Series H,838,2022-11-07 15:09:45.0000000
Unacademy,Bengaluru,Education,India,2023-03-30,,.1200,Series H,838,2023-03-30 21:07:35.0000000
Unbabel,Lisbon,Support,Portugal,2020-04-08,80,.3500,Series C,91,2020-04-09 21:39:49.0000000
Unbounce,Vancouver,Marketing,Canada,2022-08-03,47,.2000,Series A,39,2022-08-03 22:50:06.0000000
Uncapped,London,Finance,United Kingdom,2022-05-27,29,.2600,Unknown,118,2022-05-28 00:11:03.0000000
Unchained Capital,Austin,Crypto,United States,2022-11-18,,.1500,Series A,33,2023-01-24 05:21:07.0000000
Unico,Sao Paulo,Other,Brazil,2022-10-24,50,.0400,Series D,336,2023-01-18 02:13:31.0000000
Unico,Sao Paulo,Other,Brazil,2023-01-17,110,.1000,Series D,336,2023-01-18 02:12:30.0000000
Uniphore,SF Bay Area,Support,United States,2023-01-03,76,.1000,Series E,620,2023-01-06 01:43:54.0000000
Unison,SF Bay Area,Finance,United States,2020-04-08,89,.4500,Series B,40,2020-04-04 04:34:16.0000000
Unite Us,New York City,Healthcare,United States,2023-08-21,,,Series C,196,2023-09-09 14:31:33.0000000
Unity,SF Bay Area,Other,United States,2022-06-29,200,.0400,Post-IPO,1300,2022-06-30 03:13:32.0000000
Unity,SF Bay Area,Other,United States,2023-01-17,284,.0300,Post-IPO,1300,2023-01-17 19:58:51.0000000
Unity,SF Bay Area,Other,United States,2023-05-03,600,.0800,Post-IPO,1300,2023-05-03 14:41:15.0000000
Unity,SF Bay Area,Other,United States,2023-06-06,50,,Post-IPO,1300,2023-06-08 17:22:50.0000000
Unity,SF Bay Area,Other,United States,2023-11-28,265,.0400,Post-IPO,1300,2023-11-29 15:51:58.0000000
Unity,SF Bay Area,Other,United States,2024-01-08,1800,.2500,Post-IPO,1300,2024-01-08 23:23:07.0000000
Universal Standard,New York City,Retail,United States,2020-03-25,,,Series A,8,2020-04-01 00:50:06.0000000
Uno Health,New York City,Healthcare,United States,2023-10-13,,,Unknown,,2023-10-17 15:49:26.0000000
Unstoppable Domains,SF Bay Area,Crypto,United States,2022-07-14,42,.2500,Series B,7,2022-07-26 21:55:43.0000000
Updater,New York City,Other,United States,2022-08-16,,,Unknown,467,2022-08-17 18:28:38.0000000
UpGrad,Mumbai,Education,India,2023-03-06,120,,Unknown,631,2023-03-07 01:26:02.0000000
UpScalio,Gurugram,Retail,India,2023-01-05,25,.1500,Series B,62,2023-01-06 01:32:49.0000000
UPshow,Chicago,Marketing,United States,2020-04-24,19,.3000,Series A,7,2020-04-25 05:59:47.0000000
Upstart,SF Bay Area,Finance,United States,2022-11-01,140,.0700,Post-IPO,144,2022-11-01 19:40:37.0000000
Upstart,SF Bay Area,Finance,United States,2023-01-31,365,.2000,Post-IPO,144,2023-01-31 18:54:52.0000000
Upwork,SF Bay Area,Other,United States,2023-05-03,137,.1500,Post-IPO,168,2023-05-03 22:17:19.0000000
Urban Sports Club,Berlin,Fitness,Germany,2022-09-01,55,.1500,Unknown,95,2022-09-01 17:10:21.0000000
Ursa Major,Denver,Aerospace,United States,2023-06-07,,,Series D,233,2023-06-09 16:07:49.0000000
Usermind,Seattle,Marketing,United States,2020-04-01,15,.2500,Series C,46,2020-04-02 04:01:05.0000000
UserTesting,SF Bay Area,Marketing,United States,2023-03-03,63,,Acquired,152,2023-03-04 00:59:57.0000000
uShip,Austin,Logistics,United States,2020-03-31,65,.3700,Series D,69,2020-04-01 00:51:48.0000000
Utopia Music,Zug,Media,Switzerland,2022-11-24,,,Series B,,2022-11-25 22:23:39.0000000
Utopia Music,Zug,Other,Switzerland,2023-04-17,,.1500,Series B,,2023-07-23 16:06:15.0000000
Vacasa,Portland,Travel,United States,2020-03-20,,,Series C,526,2020-03-28 20:52:49.0000000
Vacasa,Portland,Travel,United States,2023-01-24,1300,.1700,Post-IPO,834,2023-01-25 00:20:14.0000000
Vacasa,Portland,Travel,United States,2024-02-28,320,.0500,Post-IPO,834,2024-02-29 17:22:37.0000000
Vacasa,Portland,Travel,United States,2024-05-09,800,.1300,Post-IPO,834,2024-05-10 02:39:04.0000000
Vah Vah!,Bengaluru,Education,India,2023-04-30,150,,Seed,2,2023-07-19 16:37:06.0000000
Validity,Boston,Data,United States,2020-05-06,130,.3300,Private Equity,,2020-05-07 00:30:16.0000000
Vallai,Paris,Data,France,2023-05-02,,1.0000,Seed,,2023-05-04 15:11:26.0000000
VanHack,Vancouver,HR,United States,2022-10-11,,,Seed,,2022-10-14 00:18:36.0000000
Vanta,SF Bay Area,Security,United States,2022-12-08,,.1400,Series B,203,2022-12-11 03:32:39.0000000
Varo,SF Bay Area,Finance,United States,2022-07-20,75,,Series E,992,2022-07-20 18:25:30.0000000
Varo,SF Bay Area,Finance,United States,2023-05-11,97,,Series E,992,2023-05-17 15:09:44.0000000
Varonis,New York City,Security,United States,2022-11-06,110,.0500,Post-IPO,30,2022-11-06 18:20:41.0000000
Vedanta Biosciences,Boston,Healthcare,United States,2022-08-10,,.2000,Series D,301,2022-08-17 20:10:33.0000000
Vedantu,Bengaluru,Education,India,2022-05-05,200,.0300,Series E,292,2022-05-07 13:51:07.0000000
Vedantu,Bengaluru,Education,India,2022-05-18,424,.0700,Series E,292,2022-05-18 15:48:04.0000000
Vedantu,Bengaluru,Education,India,2022-08-02,100,,Series E,292,2022-08-03 02:37:37.0000000
Vedantu,Bengaluru,Education,India,2022-12-07,385,,Series E,292,2022-12-07 16:28:02.0000000
Vee,Tel Aviv,HR,Israel,2022-07-31,16,.3200,Seed,15,2022-08-02 01:08:03.0000000
Vee,Tel Aviv,HR,Israel,2022-10-25,17,.5000,Seed,15,2022-10-25 15:16:16.0000000
Veeam,Columbus,Data,United States,2023-03-23,200,,Acquired,500,2023-03-24 18:36:13.0000000
Veeam,Columbus,Data,United States,2024-01-12,300,,Acquired,500,2024-01-13 16:03:40.0000000
Veem,SF Bay Area,Finance,United States,2020-05-14,30,,Unknown,69,2020-05-15 04:00:25.0000000
Veev,SF Bay Area,Construction,United States,2023-11-26,,1.0000,Series D,597,2023-11-27 05:18:23.0000000
Veev,SF Bay Area,Real Estate,United States,2022-11-11,100,.3000,Series D,597,2022-11-12 02:57:34.0000000
Veho,Boulder,Logistics,United States,2024-01-25,65,.1900,Series B,299,2024-01-26 19:50:26.0000000
Velocity,Bengaluru,Finance,India,2023-09-15,,.1400,Series A,30,2023-09-20 21:18:14.0000000
Velodyne Lidar,SF Bay Area,Transportation,United States,2020-04-03,140,,Unknown,225,2020-04-05 04:34:31.0000000
Velodyne Lidar,SF Bay Area,Transportation,United States,2023-02-24,220,,Acquired,575,2023-02-24 18:32:37.0000000
Venafi,Salt Lake City,Security,United States,2022-11-30,,,Acquired,167,2022-12-18 04:10:13.0000000
Vendasta,Saskatoon,Marketing,Canada,2022-08-18,,.0500,Series D,178,2022-08-20 03:42:03.0000000
Vendasta,Saskatoon,Marketing,Canada,2023-09-29,,,Series D,178,2023-09-29 21:22:58.0000000
Vendease,Lagos,Food,Nigeria,2022-11-25,27,.0900,Series A,43,2022-11-30 05:55:37.0000000
Vendr,Boston,Other,United States,2023-05-31,100,.2500,Series B,216,2023-05-31 22:45:16.0000000
Vendr,Boston,Other,United States,2024-01-12,,,Series B,216,2024-01-13 16:10:09.0000000
Venngage,Toronto,Marketing,Canada,2023-01-24,11,.2000,Unknown,,2023-01-25 05:21:07.0000000
Verbit,New York City,Data,United States,2022-07-05,80,.1000,Series E,569,2022-07-05 17:08:11.0000000
Verbit,New York City,Data,United States,2023-07-27,60,.0600,Series E,569,2023-07-27 23:53:55.0000000
Verbit,New York City,Data,United States,2024-03-05,,,Series E,569,2024-03-05 16:46:54.0000000
Veriff,Tallinn,Security,Estonia,2020-05-04,63,.2100,Series A,7,2020-05-05 14:36:13.0000000
Veriff,Tallinn,Security,Estonia,2023-02-09,66,.1200,Series C,192,2023-02-09 16:24:08.0000000
Veriff,Tallinn,Security,Estonia,2023-08-23,101,.2100,Series C,192,2023-08-23 23:23:14.0000000
Verily,SF Bay Area,Healthcare,United States,2023-01-11,250,.1500,Unknown,3500,2023-01-11 21:24:09.0000000
Verily,SF Bay Area,Healthcare,United States,2024-03-22,,,Subsidiary,3500,2024-03-24 20:54:22.0000000
Verse,Barcelona,Finance,Spain,2023-08-07,,1.0000,Acquired,38,2023-08-29 15:17:58.0000000
VerSe Innovation,Bengaluru,Media,India,2022-11-25,150,.0500,Series J,1700,2022-11-28 18:02:57.0000000
VerticalScope,Toronto,Media,Canada,2023-02-01,60,.2200,Post-IPO,,2023-02-01 23:26:57.0000000
Vesalius Therapeutics,Boston,Healthcare,United States,2022-09-19,29,.4300,Series B,75,2022-09-21 04:14:05.0000000
Vesta,Atlanta,Sales,United States,2020-08-05,56,,Unknown,20,2020-08-06 21:47:10.0000000
Vesttoo,Tel Aviv,Finance,Israel,2023-08-01,150,.7500,Series C,110,2023-08-03 03:43:19.0000000
Vezeeta,Dubai,Healthcare,United Arab Emirates,2022-06-28,50,.1000,Series D,71,2022-06-29 03:26:12.0000000
Vial,SF Bay Area,Healthcare,United States,2023-01-13,40,,Series B,101,2023-01-14 17:23:14.0000000
Viamo,Accra,Other,Ghana,2022-08-31,,,Unknown,,2022-12-21 17:02:56.0000000
Viant,Los Angeles,Marketing,United States,2022-12-13,46,.1300,Post-IPO,,2022-12-21 19:35:29.0000000
Viaplay,Stockholm,Media,Sweden,2023-07-20,450,.2500,Unknown,,2023-07-11 01:51:13.0000000
Viasat,San Diego,Other,United States,2023-04-12,300,.0400,Post-IPO,366,2023-04-25 13:57:35.0000000
Viasat,San Diego,Other,United States,2023-11-02,800,.1000,Post-IPO,366,2023-11-02 18:13:06.0000000
Viber,Luxembourg,Consumer,Luxembourg,2022-11-15,45,.0800,Acquired,,2022-11-17 00:16:50.0000000
Vibrent Health,Washington D.C.,Healthcare,United States,2023-02-23,,.1300,Unknown,,2023-02-26 02:08:20.0000000
Vicarious Surgical,Boston,Healthcare,United States,2023-02-15,,.1400,Post-IPO,185,2023-02-16 15:35:57.0000000
Vice Media,New York City,Media,United States,2024-02-22,,,Unknown,1600,2024-02-24 01:55:05.0000000
VideoAmp,Los Angeles,Marketing,United States,2020-04-08,21,.1000,Series C,106,2020-04-10 04:28:51.0000000
VideoAmp,Los Angeles,Marketing,United States,2022-09-19,,.0200,Series F,456,2022-09-21 04:09:45.0000000
VideoAmp,Los Angeles,Marketing,United States,2023-09-14,40,.1000,Series F,456,2023-09-20 21:15:06.0000000
VideoAmp,Los Angeles,Marketing,United States,2024-01-04,,.2000,Series F,456,2024-01-05 01:18:58.0000000
View,SF Bay Area,Energy,United States,2020-04-15,,,Series H,1800,2020-04-16 14:19:36.0000000
View,SF Bay Area,Other,United States,2023-04-03,170,.2300,Post-IPO,2300,2023-04-05 00:24:25.0000000
Vimeo,New York City,Consumer,United States,2022-07-18,,.0600,Post-IPO,450,2022-07-18 19:03:46.0000000
Vimeo,New York City,Consumer,United States,2023-01-04,,.1100,Post-IPO,450,2023-01-04 16:13:15.0000000
VinFast US,Los Angeles,Transportation,United States,2023-02-06,80,,Subsidiary,,2023-02-08 17:53:01.0000000
Vipps,Vilnius,Finance,Lithuania,2024-01-30,,,Unknown,,2024-02-01 17:13:22.0000000
Virgin Hyperloop,Los Angeles,Transportation,United States,2022-02-21,111,.5000,Unknown,368,2022-02-22 15:59:44.0000000
Virgio,Bengaluru,Retail,India,2023-10-25,20,.3300,Series A,,2023-10-09 03:53:08.0000000
Virta Health,SF Bay Area,Healthcare,United States,2020-04-07,65,,Series C,175,2020-04-07 23:40:13.0000000
Virtudent,Boston,Healthcare,United States,2020-05-01,70,,Series A,10,2020-05-01 23:22:44.0000000
Vise,New York City,Finance,United States,2022-05-04,25,,Series C,128,2022-05-04 23:38:20.0000000
Vista Group,Auckland,Data,New Zealand,2023-07-05,,.0600,Post-IPO,,2023-07-06 15:20:30.0000000
Vivian Health,SF Bay Area,Healthcare,United States,2024-04-03,13,,Acquired,60,2024-04-10 21:44:44.0000000
VMware,SF Bay Area,Infrastructure,United States,2023-11-27,2837,,Acquired,393,2023-11-29 15:54:04.0000000
Voi,Stockholm,Transportation,Sweden,2020-04-02,100,,Series B,167,2020-04-02 22:49:31.0000000
Voi,Stockholm,Transportation,United States,2022-06-22,35,.1000,Series D,515,2022-06-23 03:58:30.0000000
Voi,Stockholm,Transportation,United States,2022-12-07,130,.1300,Series D,515,2022-12-08 06:24:32.0000000
Voi,Stockholm,Transportation,United States,2024-02-16,120,.1200,Series D,515,2024-02-20 02:39:51.0000000
Volt Bank,Sydney,Finance,Australia,2022-06-29,,1.0000,Series E,90,2022-06-30 03:07:47.0000000
Volta,SF Bay Area,Transportation,United States,2022-09-28,,.1000,Post-IPO,575,2022-10-03 20:24:59.0000000
Volta,SF Bay Area,Transportation,United States,2022-10-21,,.5400,Post-IPO,575,2022-10-22 03:42:11.0000000
Volta Trucks,Stockholm,Transportation,Sweden,2023-10-18,,1.0000,Series C,391,2023-10-23 02:28:14.0000000
Voly,Sydney,Food,Australia,2022-06-22,,.5000,Seed,13,2022-06-23 04:15:27.0000000
Voly,Sydney,Food,Australia,2022-11-10,,,Seed,13,2022-11-17 00:08:02.0000000
Vouch,SF Bay Area,Finance,United States,2022-06-23,15,.0700,Series C,159,2022-06-23 23:48:04.0000000
Vowel,New York City,Other,United States,2023-06-29,,1.0000,Series A,18,2023-06-30 15:09:22.0000000
Vox Media,Washington D.C.,Media,United States,2020-07-14,,,Series F,307.60000610351563,2020-07-15 03:35:52.0000000
Vox Media,Washington D.C.,Media,United States,2022-07-27,39,.0200,Series F,307,2022-07-29 06:11:57.0000000
Vox Media,Washington D.C.,Media,United States,2023-01-20,130,.0700,Series F,307,2023-01-21 00:56:59.0000000
Vox Media,Washington D.C.,Media,United States,2023-11-30,,.0400,Series F,307,2023-11-30 21:54:11.0000000
Voyage SMS,Los Angeles,Marketing,United States,2022-06-23,8,.1300,Unknown,10,2022-06-30 02:58:16.0000000
Vroom,New York City,Transportation,United States,2022-05-09,270,.1400,Post-IPO,1300,2022-05-10 02:49:25.0000000
Vroom,New York City,Transportation,United States,2022-08-08,337,,Post-IPO,1300,2022-08-09 14:44:58.0000000
Vroom,New York City,Transportation,United States,2023-01-18,275,.2000,Post-IPO,1300,2023-01-20 01:00:55.0000000
Vroom,New York City,Transportation,United States,2023-04-27,120,.1100,Post-IPO,1300,2023-04-28 04:47:16.0000000
Vroom,New York City,Transportation,United States,2024-01-23,800,.9000,Post-IPO,1300,2024-01-23 16:13:40.0000000
VSCO,SF Bay Area,Consumer,United States,2020-04-14,45,.3500,Series B,90,2020-04-14 22:26:51.0000000
VTEX,Sao Paulo,Retail,Brazil,2022-05-26,200,.1300,Post-IPO,365,2022-05-27 03:23:38.0000000
VTrips,Jacksonville,Travel,United States,2023-10-07,75,.0900,Private Equity,,2023-12-22 23:10:19.0000000
Wahoo Fitness,Atlanta,Fitness,United States,2022-04-27,50,,Unknown,,2022-06-19 17:08:11.0000000
WalkMe,SF Bay Area,Other,United States,2023-01-08,43,.0300,Post-IPO,307,2023-01-09 05:14:34.0000000
WalkMe,SF Bay Area,Other,United States,2023-04-19,112,.1000,Post-IPO,307,2023-04-19 15:39:22.0000000
Wallbox,Barcelona,Energy,Spain,2023-01-19,,.1500,Post-IPO,167,2023-01-20 01:22:35.0000000
Walnut,New York City,Sales,United States,2024-05-29,15,.2000,Series B,56,2024-05-31 10:49:24.0000000
WanderJaunt,SF Bay Area,Travel,United States,2020-03-25,56,.2300,Series B,26,2020-04-01 21:08:37.0000000
WanderJaunt,SF Bay Area,Travel,United States,2022-07-01,85,1.0000,Series B,26,2022-07-02 18:10:24.0000000
Warby Parker,New York City,Consumer,United States,2022-08-08,63,,Post-IPO,535,2022-08-09 14:37:26.0000000
Warren,Porto Alegre,Finance,Brazil,2022-08-17,50,,Series C,104,2022-08-18 01:14:15.0000000
Wattpad,Toronto,Media,Canada,2023-03-08,42,.1500,Acquired,117,2023-03-09 06:05:51.0000000
Wattpad,Toronto,Media,Canada,2024-01-30,20,.1000,Acquired,117,2024-01-31 19:19:04.0000000
Wave,Dakar,Finance,Senegal,2022-07-13,300,.1500,Series A,292,2022-07-13 14:48:52.0000000
Wave Financial,Toronto,Finance,Canada,2023-03-09,50,,Acquired,79,2023-03-10 05:17:10.0000000
Wave Sports and Entertainment,Los Angeles,Media,United States,2022-06-13,56,.3300,Series B,65,2022-06-16 02:55:47.0000000
Wavely,SF Bay Area,HR,United States,2022-11-10,,1.0000,Unknown,,2022-11-11 05:10:40.0000000
WayCool,Chennai,Food,India,2023-07-11,300,.1200,Unknown,363,2023-07-13 03:29:34.0000000
WayCool,Chennai,Food,India,2024-02-26,70,,Unknown,363,2024-02-27 18:55:51.0000000
Wayfair,Boston,Retail,United States,2022-08-19,870,.0500,Post-IPO,1700,2022-08-19 15:05:32.0000000
Wayfair,Boston,Retail,United States,2023-01-20,1750,.1000,Post-IPO,1700,2023-01-20 14:25:30.0000000
Wayfair,Boston,Retail,United States,2024-01-19,1650,.1300,Post-IPO,1700,2024-01-19 17:28:51.0000000
Wayflyer,Dublin,Marketing,Ireland,2022-11-16,200,.4000,Unknown,889,2022-11-17 00:29:46.0000000
Waymo,SF Bay Area,Transportation,United States,2023-03-01,209,.0800,Subsidiary,5500,2023-03-02 04:08:34.0000000
Waymo,SF Bay Area,Transportation,United States,2023-10-17,,,Subsidiary,5500,2023-10-17 22:34:34.0000000
Waze,SF Bay Area,Transportation,United States,2020-09-09,30,.0540,Acquired,67,2020-09-10 14:30:43.0000000
Waze,SF Bay Area,Transportation,United States,2023-06-27,,,Acquired,67,2023-06-28 00:05:13.0000000
WazirX,Mumbai,Crypto,India,2022-10-02,60,.4000,Acquired,,2022-10-02 21:04:48.0000000
Wealthsimple,Toronto,Finance,Canada,2022-06-15,159,.1300,Unknown,900,2022-06-15 16:52:33.0000000
WeDoctor,Non-U.S.,Healthcare,China,2022-03-02,500,,Series F,1400,2022-03-05 17:03:33.0000000
Weedmaps,Los Angeles,Other,United States,2022-08-04,,.1000,Acquired,,2022-08-16 03:53:20.0000000
Weedmaps,Los Angeles,Other,United States,2022-12-06,175,.2500,Acquired,,2022-12-07 06:29:37.0000000
Weee!,SF Bay Area,Food,United States,2022-06-15,150,.1000,Series E,863,2022-06-19 17:18:46.0000000
WeFit,Hanoi,Fitness,Vietnam,2020-05-13,,1.0000,Seed,1,2020-05-14 00:12:54.0000000
Wefox,Berlin,Finance,Germany,2023-01-31,100,,Series D,1300,2023-02-01 05:17:25.0000000
Wefox,Berlin,Finance,Germany,2024-05-16,60,,Series D,1300,2024-05-17 19:30:39.0000000
Wejo,Chester,Transportation,United Kingdom,2023-03-22,40,.1600,Post-IPO,376,2023-03-24 18:27:57.0000000
Welkin Health,SF Bay Area,Healthcare,United States,2020-04-24,10,.3300,Series B,29,2020-09-16 18:30:24.0000000
Western Digital,Kfar Saba,Hardware,Israel,2023-05-24,60,.0700,Post-IPO,900,2023-06-02 12:39:14.0000000
Western Digital,SF Bay Area,Hardware,United States,2022-11-22,251,,Post-IPO,900,2023-02-13 17:50:22.0000000
Western Digital,SF Bay Area,Hardware,United States,2023-06-13,211,,Post-IPO,900,2023-10-20 23:44:32.0000000
Westwing,Munich,Retail,Germany,2022-09-29,125,,Post-IPO,237,2022-10-04 02:54:01.0000000
WeTrade,Bengaluru,Crypto,India,2023-02-09,,1.0000,Unknown,,2023-02-09 16:27:20.0000000
WeTransfer,Amsterdam,Other,Netherlands,2023-10-18,35,.1000,Series A,64,2023-10-26 17:52:35.0000000
WeWork,London,Real Estate,United Kingdom,2020-06-19,200,,Series H,19500,2020-06-27 18:14:22.0000000
WeWork,New Delhi,Real Estate,India,2020-05-18,100,.2000,Series H,19500,2020-05-19 04:25:11.0000000
WeWork,New York City,Real Estate,United States,2020-03-28,250,,Series H,2250,2020-03-29 22:30:34.0000000
WeWork,New York City,Real Estate,United States,2023-01-19,300,,Post-IPO,22200,2023-01-19 17:03:45.0000000
WeWork,SF Bay Area,Real Estate,United States,2020-04-29,300,,Series H,2250,2020-04-28 14:35:21.0000000
WeWork,Shenzen,Real Estate,China,2020-09-23,,,Series H,19500,2020-09-28 19:49:44.0000000
Wheel,Austin,Healthcare,United States,2022-08-18,35,.1700,Series C,215,2022-09-01 02:36:41.0000000
Wheel,Austin,Healthcare,United States,2023-02-01,56,.2800,Series C,215,2023-02-02 00:04:53.0000000
When I Work,Minneapolis,HR,United States,2020-04-22,55,.3500,Series B,24,2020-04-23 14:34:28.0000000
Whereby,Oslo,Other,Norway,2022-08-01,,,Series A,10,2022-08-02 03:43:35.0000000
Whispir,Melbourne,Other,Australia,2022-11-15,,.3000,Post-IPO,68,2022-11-17 00:38:44.0000000
WhiteHat Jr,Mumbai,Education,India,2021-01-06,1800,,Acquired,11,2021-01-11 16:19:48.0000000
WhiteHat Jr,Mumbai,Education,India,2022-06-28,300,,Acquired,11,2022-06-29 03:42:53.0000000
WHOOP,Boston,Fitness,United States,2022-07-21,95,.1500,Series F,404,2022-07-22 01:02:30.0000000
WHOOP,Boston,Fitness,United States,2023-01-10,,.0400,Series F,404,2023-01-12 15:04:34.0000000
WhyHotel,Washington D.C.,Travel,United States,2020-04-01,,.5000,Series B,33,2020-04-04 04:32:03.0000000
Wildlife Studios,Sao Paulo,Consumer,Brazil,2022-11-28,300,.2000,Unknown,260,2022-11-29 15:59:03.0000000
Willow,Sydney,Real Estate,Australia,2022-12-23,99,.2200,Unknown,,2023-01-09 05:01:05.0000000
WillowTree,Charlottesville,Marketing,United States,2023-05-24,120,.1100,Acquired,,2023-05-24 21:04:43.0000000
Wint Wealth,Nashik,Finance,India,2024-02-14,19,.2000,Series A,16,2024-02-15 16:45:26.0000000
Wisense,Tel Aviv,Transportation,Israel,2024-02-13,,1.0000,Unknown,37,2024-02-14 16:09:33.0000000
Wish,SF Bay Area,Retail,United States,2022-03-01,190,.1500,Post-IPO,1600,2022-05-14 01:20:14.0000000
Wish,SF Bay Area,Retail,United States,2023-01-31,150,.1700,Post-IPO,1600,2023-02-01 05:25:15.0000000
Wish,SF Bay Area,Retail,United States,2023-07-27,255,.3400,Post-IPO,1600,2023-08-01 20:56:56.0000000
Wistia,Boston,Marketing,United States,2022-11-10,40,,Unknown,18,2022-11-11 00:46:16.0000000
Wix,Tel Aviv,Marketing,Israel,2022-08-09,100,,Post-IPO,58,2022-08-09 14:34:51.0000000
Wix,Tel Aviv,Marketing,Israel,2023-02-15,370,.0600,Post-IPO,58,2023-02-15 21:00:06.0000000
Wizeline,SF Bay Area,Product,United States,2022-07-22,,,Acquired,62,2022-07-22 23:47:19.0000000
Wonder,New York City,Food,United States,2022-11-30,130,.0700,Series B,850,2022-12-01 06:37:27.0000000
Wonder,New York City,Other,United States,2020-04-02,,,Unknown,,2020-04-23 15:38:42.0000000
Wonderschool,SF Bay Area,Education,United States,2020-03-25,50,.7500,Series A,24,2020-03-28 20:52:49.0000000
Wonderschool,SF Bay Area,Education,United States,2023-02-10,,,Series A,24,2023-03-10 19:55:37.0000000
Wonolo,SF Bay Area,Recruiting,United States,2020-04-01,46,.1300,Series C,52,2020-03-28 20:52:49.0000000
Wordstream,Boston,Marketing,United States,2020-04-06,26,.1000,Acquired,28,2020-04-09 05:31:05.0000000
Workable,Boston,Recruiting,United States,2020-05-05,25,.1000,Series C,84,2020-05-06 13:56:58.0000000
Workato,SF Bay Area,Other,United States,2023-02-01,90,.1000,Series E,415,2023-02-07 03:59:33.0000000
Workday,SF Bay Area,HR,United States,2023-01-31,525,.0300,Post-IPO,230,2023-01-31 16:34:32.0000000
Workfellow,Espoo,HR,Finland,2024-02-07,,1.0000,Seed,3,2024-02-07 16:59:39.0000000
Workfront,Salt Lake City,Marketing,United States,2020-05-14,,,Series C,375,2020-05-14 21:56:58.0000000
Workhuman,Dublin,HR,Ireland,2023-03-21,130,.1000,Unknown,131,2023-03-21 23:35:56.0000000
Workit Health,Ann Arbor,Healthcare,United States,2023-04-07,100,,Series C,138,2023-04-09 15:25:13.0000000
Workmotion,Berlin,HR,United States,2022-12-15,60,.2000,Series B,76,2023-01-04 16:11:09.0000000
WorkRamp,SF Bay Area,HR,United States,2022-09-15,35,.2000,Series C,67,2022-09-21 04:15:17.0000000
Workrise,Austin,Energy,United States,2022-04-05,450,,Series E,752,2022-03-25 18:50:54.0000000
Worksmith,Austin,Retail,United States,2020-11-09,30,.5000,Unknown,3.7999999523162842,2020-11-12 20:04:09.0000000
Workstream,SF Bay Area,HR,United States,2022-07-22,45,,Series B,58,2022-08-03 14:13:38.0000000
Woven,Indianapolis,HR,United States,2022-08-16,5,.1500,Series A,11,2022-08-17 20:14:18.0000000
Wyre,SF Bay Area,Crypto,United States,2023-01-04,,1.0000,Unknown,29,2023-01-06 01:39:44.0000000
Xendit,Jakarta,Finance,Indonesia,2022-10-04,,.0500,Series D,534,2022-10-05 15:51:42.0000000
Xendit,Jakarta,Finance,Indonesia,2023-08-16,,,Series D,534,2024-02-02 16:26:33.0000000
Xendit,Jakarta,Finance,Indonesia,2024-01-22,,,Series D,534,2024-01-25 14:46:04.0000000
Xendit,Jakarta,Finance,Indonesia,2024-01-22,200,,Series D,534,2024-02-02 16:24:06.0000000
Xentral,Munich,Product,Germany,2022-12-10,20,.1000,Series B,94,2022-12-13 20:02:56.0000000
Xero,Wellington,Finance,New Zealand,2023-03-09,800,.1500,Post-IPO,681,2023-03-09 06:03:28.0000000
Xerox,Norwalk,Hardware,United States,2024-01-03,3000,.1500,Post-IPO,27200,2024-02-29 23:49:48.0000000
Xerpa,Sao Paulo,HR,Brazil,2020-04-14,10,,Unknown,5,2020-04-14 22:00:39.0000000
Xiaohongshu,Shanghai,Consumer,China,2022-04-21,180,.0900,Series E,917,2022-04-23 02:47:32.0000000
Xiaomi,Beijing,Consumer,United States,2022-12-19,,,Post-IPO,7400,2022-12-19 16:46:32.0000000
Xiaomi India,Bengaluru,Other,India,2023-06-29,30,,Subsidiary,,2023-06-30 15:00:28.0000000
Xing,Hamburg,HR,Germany,2023-03-21,68,,Series A,,2023-03-21 23:35:14.0000000
Xolo,Tallinn,Finance,Estonia,2023-09-04,24,,Series A,11,2023-09-04 23:15:00.0000000
XP,Sao Paulo,Finance,Brazil,2023-01-17,,,Post-IPO,,2023-01-27 14:20:31.0000000
Xsight Labs,Tel Aviv,Other,Israel,2022-09-07,,,Series D,100,2022-09-08 03:38:33.0000000
Yabonza,Sydney,Real Estate,Australia,2022-07-29,,1.0000,Unknown,6,2022-08-24 23:35:45.0000000
Yahoo,SF Bay Area,Consumer,United States,2023-02-09,1600,.2000,Acquired,6,2023-02-09 19:04:22.0000000
Yahoo,SF Bay Area,Consumer,United States,2023-12-05,,,Acquired,6,2024-01-30 05:06:16.0000000
Yapily,London,Finance,United Kingdom,2022-12-01,,,Series A,69,2022-12-03 05:16:44.0000000
Yellow.ai,SF Bay Area,Support,United States,2023-03-01,200,,Series C,102,2023-03-02 04:12:23.0000000
Yelp,SF Bay Area,Consumer,United States,2020-04-09,1000,.1700,Post-IPO,56,2020-04-09 13:20:33.0000000
Yelp,SF Bay Area,Consumer,United States,2020-07-13,63,,Post-IPO,56,2020-07-13 21:02:49.0000000
Yext,New York City,Marketing,United States,2023-01-23,,.0800,Post-IPO,117,2023-01-23 23:21:00.0000000
Yext,New York City,Marketing,United States,2024-06-05,,.1200,Post-IPO,117,2024-06-05 18:02:40.0000000
Ynsect,Paris,Food,France,2023-04-17,17,.2500,Series D,579,2023-04-18 04:45:17.0000000
Yoco,Cape Town,Finance,South Africa,2020-04-29,,,Series B,23,2020-05-15 04:04:15.0000000
Yojak,Gurugram,Construction,India,2022-06-02,140,.5000,Seed,3,2022-06-05 21:38:19.0000000
Yonder,Austin,Media,United States,2020-03-20,18,,Series A,16,2020-03-28 20:52:49.0000000
Yotpo,New York City,Marketing,United States,2022-11-16,70,.0900,Unknown,436,2022-11-17 17:19:30.0000000
YourGrocer,Melbourne,Food,Australia,2022-12-19,,1.0000,Unknown,2,2022-12-27 16:35:07.0000000
YouTube,SF Bay Area,Media,United States,2024-01-17,100,,Acquired,11,2024-01-17 20:46:03.0000000
Yuga Labs,Miami,Crypto,United States,2023-10-06,,,Unknown,450,2023-10-06 23:09:08.0000000
Yummly,SF Bay Area,Food,United States,2024-04-03,,1.0000,Acquired,24,2024-04-03 18:33:37.0000000
Zak,Sao Paulo,Food,United States,2022-05-16,100,.4000,Series A,29,2022-05-17 19:49:10.0000000
Zalando,Berlin,Retail,Germany,2023-02-21,,,Post-IPO,467,2023-02-21 19:12:15.0000000
Zalando,Berlin,Retail,Germany,2023-06-13,,,Post-IPO,468,2023-07-05 00:22:05.0000000
Zapier,SF Bay Area,Other,United States,2023-06-28,,.1000,Seed,1,2023-06-28 15:16:27.0000000
Zapp,London,Food,United Kingdom,2022-05-25,,.1000,Unknown,300,2022-05-27 03:46:29.0000000
Zappos,Las Vegas,Retail,United States,2022-09-20,,.0400,Acquired,62,2022-09-24 21:30:20.0000000
Zappos,Las Vegas,Retail,United States,2023-01-20,,,Acquired,62,2023-01-21 22:43:49.0000000
Zazuu,London,Finance,United Kingdom,2023-11-17,,,Unknown,,2023-11-18 00:06:44.0000000
Zebra Technologies,Chicago,Manufacturing,United States,2023-08-28,700,.0700,Post-IPO,2000,2023-08-28 20:14:19.0000000
Zego,London,Finance,United Kingdom,2022-07-14,85,.1700,Series C,202,2022-07-14 19:33:06.0000000
Zeitgold,Berlin,Finance,Germany,2020-07-27,75,.7200,Series B,60.180000305175781,2020-08-03 17:27:09.0000000
ZenBusiness,Austin,Other,United States,2022-11-10,,,Series C,277,2022-11-11 05:08:54.0000000
Zencity,Tel Aviv,Other,Israel,2022-07-20,30,.2000,Unknown,51,2022-07-20 15:06:55.0000000
Zendesk,SF Bay Area,Support,United States,2022-08-04,80,,Acquired,85,2022-08-05 03:18:34.0000000
Zendesk,SF Bay Area,Support,United States,2022-11-07,350,.0500,Acquired,85,2022-11-07 20:13:08.0000000
Zendesk,SF Bay Area,Support,United States,2023-05-31,320,.0800,Acquired,85,2023-06-01 04:41:59.0000000
Zenefits,SF Bay Area,HR,United States,2020-04-23,87,.1500,Series C,583,2020-04-24 00:53:18.0000000
Zenius,Jakarta,Education,Indonesia,2022-05-24,200,,Series B,20,2022-05-25 03:28:33.0000000
Zenius,Jakarta,Education,Indonesia,2022-08-04,,.3000,Series B,20,2022-08-04 19:04:59.0000000
Zenjob,Berlin,HR,Germany,2022-09-29,,,Series D,107,2022-09-30 23:49:23.0000000
ZenLedger,Seattle,Crypto,United States,2022-12-09,,.1000,Series B,25,2022-12-11 05:56:55.0000000
Zenoti,Seattle,Fitness,United States,2020-03-31,17,.0400,Series C,91,2020-03-31 21:10:35.0000000
Zeplin,SF Bay Area,Product,United States,2023-08-30,37,.3500,Seed,1,2023-08-30 23:45:48.0000000
Zepto,Brisbane,Finance,Australia,2022-07-02,,.1000,Series A,25,2022-07-04 15:22:42.0000000
Zepz,London,Finance,United Kingdom,2023-05-16,420,.2600,Series E,700,2023-05-16 22:00:47.0000000
Zepz,London,Finance,United Kingdom,2023-11-30,30,.0200,Series E,700,2023-12-02 01:17:42.0000000
Zerto,Boston,Infrastructure,United States,2020-03-31,,,Series E,130,2020-04-01 00:52:31.0000000
Zest AI,Los Angeles,Finance,United States,2020-04-09,,,Unknown,217,2020-04-12 23:56:43.0000000
ZestMoney,Bengaluru,Finance,India,2023-04-07,100,.2000,Series C,120,2023-04-01 01:56:46.0000000
ZestMoney,Bengaluru,Finance,India,2023-12-05,150,1.0000,Series C,120,2023-12-06 00:10:02.0000000
Zeus Living,SF Bay Area,Real Estate,United States,2020-03-24,80,.3000,Series B,79,2020-03-28 20:52:49.0000000
Zeus Living,SF Bay Area,Real Estate,United States,2020-05-12,73,.5000,Series B,79,2020-05-12 23:27:18.0000000
Zeus Living,SF Bay Area,Real Estate,United States,2022-10-20,64,.4600,Series C,151,2022-10-21 02:23:15.0000000
Zeus Living,SF Bay Area,Real Estate,United States,2023-11-07,,1.0000,Series C,151,2023-11-07 23:42:52.0000000
Zhihu,Beijing,Consumer,China,2022-12-20,,.1000,Series F,892,2022-12-21 17:06:02.0000000
Zilch,London,Finance,United Kingdom,2022-11-26,,,Unknown,389,2022-11-29 04:26:19.0000000
Zilingo,Singapore,Retail,Singapore,2020-04-17,44,.0500,Series D,307,2020-04-19 04:43:15.0000000
Zilingo,Singapore,Retail,Singapore,2020-07-09,100,.1200,Series D,307,2020-07-09 19:25:14.0000000
Zillow,Seattle,Real Estate,United States,2021-11-02,2000,.2500,Post-IPO,97,2021-11-02 21:18:59.0000000
Zillow,Seattle,Real Estate,United States,2022-10-26,300,.0500,Post-IPO,97,2022-10-26 17:36:15.0000000
Zillow,Seattle,Real Estate,United States,2023-11-07,23,,Post-IPO,97,2023-11-08 21:31:08.0000000
Zinier,SF Bay Area,HR,United States,2020-11-25,,,Series C,120,2020-12-01 16:28:27.0000000
Zip,Sydney,Finance,Australia,2023-07-02,300,.2000,Post-IPO,896,2023-07-05 00:20:55.0000000
Zipcar,Boston,Transportation,United States,2020-03-27,100,.2000,Acquired,107,2020-03-28 20:52:49.0000000
ZipRecruiter,Los Angeles,Recruiting,United States,2020-03-29,400,.3900,Series B,219,2020-03-29 22:32:22.0000000
ZipRecruiter,Los Angeles,Recruiting,United States,2023-05-31,270,.2000,Post-IPO,769,2023-05-31 20:59:06.0000000
Ziroom,Beijing,Real Estate,China,2022-06-10,,.2000,Unknown,2100,2022-06-11 03:55:08.0000000
Zoe,London,Healthcare,United Kingdom,2024-04-11,,.2000,Series B,89,2024-04-12 16:13:11.0000000
Zola,New York City,Retail,United States,2020-04-08,,.2000,Series D,140,2020-04-08 23:58:29.0000000
Zomato,Gurugram,Food,India,2020-05-15,520,.1300,Series J,914,2020-05-15 14:34:57.0000000
Zomato,Gurugram,Food,India,2022-11-19,100,.0400,Series J,914,2022-11-20 00:05:57.0000000
Zomato,Jakarta,Food,Indonesia,2020-10-20,,,Series J,914,2020-10-22 14:50:16.0000000
Zoom,SF Bay Area,Other,United States,2023-02-07,1300,.1500,Post-IPO,276,2023-02-07 18:47:26.0000000
Zoom,SF Bay Area,Other,United States,2024-02-01,150,.0200,Post-IPO,276,2024-02-01 18:25:36.0000000
ZoomInfo,Vancouver,Sales,United States,2023-06-02,120,.0300,Post-IPO,7,2023-06-02 22:22:50.0000000
Zoomo,Sydney,Transportation,Australia,2022-10-04,65,.1600,Series B,105,2022-10-05 03:02:43.0000000
Zoomo,Sydney,Transportation,Australia,2023-05-02,27,.0800,Series B,105,2023-05-02 16:26:35.0000000
Zoopla,London,Real Estate,United Kingdom,2022-12-23,50,,Series C,25,2022-12-30 23:25:30.0000000
Zoox,SF Bay Area,Transportation,United States,2020-04-03,120,,Series B,955,2020-04-07 00:03:11.0000000
Zoox,SF Bay Area,Transportation,United States,2020-04-13,100,.1000,Series B,955,2020-04-14 04:07:36.0000000
Zscaler,SF Bay Area,Security,United States,2023-03-02,177,.0300,Post-IPO,148,2023-03-03 22:59:11.0000000
Zulily,Seattle,Retail,United States,2022-05-16,,,Acquired,194,2022-05-17 14:17:49.0000000
Zulily,Seattle,Retail,United States,2023-03-07,,,Acquired,194,2023-03-10 05:22:32.0000000
Zulily,Seattle,Retail,United States,2023-06-16,,,Acquired,194,2023-06-17 04:50:21.0000000
Zulily,Seattle,Retail,United States,2023-12-08,839,1.0000,Acquired,194,2023-12-08 18:06:12.0000000
Zum,SF Bay Area,Transportation,United States,2020-04-20,28,,Series C,71,2020-04-23 15:25:28.0000000
Zume,SF Bay Area,Food,United States,2020-04-15,200,.6700,Unknown,423,2020-04-15 20:52:52.0000000
Zume,SF Bay Area,Food,United States,2023-06-02,,1.0000,Unknown,423,2023-06-04 15:15:39.0000000
Zumper,SF Bay Area,Real Estate,United States,2022-06-16,45,.1500,Series D,178,2022-06-16 15:31:29.0000000
Zuora,SF Bay Area,Finance,United States,2022-12-06,,.1100,Post-IPO,647,2022-12-07 06:26:48.0000000
Zuora,SF Bay Area,Finance,United States,2024-01-31,,.0800,Post-IPO,647,2024-02-02 15:36:48.0000000
Zwift,Los Angeles,Fitness,United States,2020-03-23,,,Series B,164,2020-04-02 22:05:25.0000000
Zwift,Los Angeles,Fitness,United States,2022-05-12,150,,Series C,619,2022-05-12 14:35:37.0000000
Zwift,Los Angeles,Fitness,United States,2023-03-07,80,.1500,Series C,619,2023-03-08 05:06:27.0000000
Zwift,Los Angeles,Fitness,United States,2024-02-05,,,Series C,619,2024-02-06 04:23:29.0000000
Zylo,Indianapolis,Other,United States,2023-08-18,,.1000,Series C,72,2023-08-19 15:39:53.0000000
Zymergen,SF Bay Area,Other,United States,2020-05-13,,.1000,Series C,574,2020-05-29 22:27:49.0000000
Zymergen,SF Bay Area,Other,United States,2021-09-23,120,,Post-IPO,974,2021-09-25 18:10:28.0000000
Zymergen,SF Bay Area,Other,United States,2022-07-25,80,,Acquired,974,2022-08-26 20:52:03.0000000
Zymergen,SF Bay Area,Other,United States,2022-08-26,80,,Acquired,974,2022-08-26 20:49:38.0000000
Zymergen,SF Bay Area,Other,United States,2023-05-03,27,,Acquired,974,2023-05-05 20:40:15.0000000
Zywave,Milwaukee,Finance,United States,2022-12-07,,,Acquired,,2022-12-09 05:09:37.0000000
